playerAvatar,roundIndex,gameId,data.contribution,data.contribution_reasoning,data.punished,data.rewarded,data.actions_reasoning
CROCODILE,1,VALIDATION_18_T,nan,Contributing a,{},,"All players, including myself, did not contribute, leading to no benefit for anyone. However, this is the first round, so I'll refrain from punishing this time to observe future behavior."
CHICK,1,VALIDATION_18_T,nan,Contributing,{},,"None of the players contributed, so I will punish everyone equally to encourage cooperation in future rounds."
DUCK,1,VALIDATION_18_T,nan,Contributing a,{},,"Everyone, including me, contributed nothing, which isn't beneficial for the group. Punishing everyone equally might encourage contributions in future rounds."
OWL,1,VALIDATION_18_T,nan,In early rounds,{},,"Since no one contributed, I will not punish anyone this round to observe future behavior."
CROCODILE,2,VALIDATION_18_T,nan,I will contribute,{},,"All players, including myself, did not contribute again, leading to no benefit for anyone. Since it's the second round and there's a pattern of non-contribution, I will refrain from punishing this time to gather more data on future rounds."
CHICK,2,VALIDATION_18_T,nan,I will contribute,"{""CROCODILE"":1,""DUCK"":1,""OWL"":1}",,"None of the players contributed again, so I will punish everyone equally to encourage cooperation in future rounds."
DUCK,2,VALIDATION_18_T,nan,Contributing the full amount maxim,{},,"Again, no one, including myself, contributed. Punishing everyone might motivate future contributions."
OWL,2,VALIDATION_18_T,nan,In early rounds,{},,"Since no contributions were made again, I'll refrain from punishing and continue to monitor the group's behavior."
CROCODILE,3,VALIDATION_18_T,nan,To encourage others,{},,I will contribute 20 coins this round to set a positive example and encourage others to follow suit. This should increase the total fund and benefit everyone.
CHICK,3,VALIDATION_18_T,nan,I will contribute,"{""CROCODILE"":1,""DUCK"":1,""OWL"":1}",,"None of the players contributed again, so I will continue to punish everyone equally to encourage cooperation in future rounds."
DUCK,3,VALIDATION_18_T,nan,Contributing the,"{""CROCODILE"":1,""CHICK"":1,""OWL"":1}",,Continuous lack of contributions is detrimental to the group. Punishing everyone might encourage them to contribute in future rounds.
OWL,3,VALIDATION_18_T,nan,I will contribute,{},,"I will start contributing to encourage cooperation, even if others have not done so yet."
CROCODILE,4,VALIDATION_18_T,nan,To encourage cooperation,{},,"To encourage cooperation and set a positive example, I will contribute the full amount this round. Contributing may inspire others to do the same and increase overall benefits for all players."
CHICK,4,VALIDATION_18_T,nan,I will contribute,"{""CROCODILE"":1,""DUCK"":1,""OWL"":1}",,"None of the players contributed again, so I will continue to punish everyone equally to encourage cooperation in future rounds."
DUCK,4,VALIDATION_18_T,nan,Contributing the,"{""CROCODILE"":1,""CHICK"":1,""OWL"":1}",,"Since no one contributed again, including myself, I will continue to punish everyone to try to incentivize future contributions."
OWL,4,VALIDATION_18_T,nan,I will contribute,{},,I'll contribute to try and set an example for others to follow in the next rounds.
CROCODILE,5,VALIDATION_18_T,nan,Given that no,{},,"Given that no one, including myself, has contributed in previous rounds, I'll refrain from contributing again to observe if others change their strategy."
CHICK,5,VALIDATION_18_T,nan,I will contribute,"{""CROCODILE"":1,""DUCK"":1,""OWL"":1}",,"None of the players contributed again, so I will continue to punish everyone equally to encourage cooperation in future rounds."
DUCK,5,VALIDATION_18_T,nan,Given the pattern,{},,"Since everyone, including myself, continues not to contribute, I will punish everyone again in hopes of encouraging future contributions."
OWL,5,VALIDATION_18_T,nan,Contributing to,{},,"Continuing to contribute might encourage others to follow suit, but given the lack of contributions from others so far, I will start punishing to incentivize future cooperation."
CROCODILE,6,VALIDATION_18_T,nan,Observing the,{},,"Observing the consistent lack of contribution from all players, including myself, suggests that there's no incentive to change strategy at this point. I will continue to monitor the situation and see if anyone alters their behavior in future rounds."
CHICK,6,VALIDATION_18_T,nan,I will contribute,"{""CROCODILE"":1,""DUCK"":1,""OWL"":1}",,"None of the players contributed again, so I will continue to punish everyone equally to encourage cooperation in future rounds."
DUCK,6,VALIDATION_18_T,nan,Given that no,"{""CROCODILE"":1,""CHICK"":1,""OWL"":1}",,"Since nobody, including myself, contributed again, I will continue to punish everyone to encourage future contributions."
OWL,6,VALIDATION_18_T,nan,To try and,{},,"Since no one has contributed, I will start punishing to encourage cooperation in future rounds."
CROCODILE,7,VALIDATION_18_T,nan,Given the persistent,{},,"Given the persistent lack of contribution from all players, including myself, there's little incentive to change strategy. I will continue to observe without punishing as this behavior seems to be consistent among all players."
CHICK,7,VALIDATION_18_T,nan,Consistently,"{""CROCODILE"":1,""DUCK"":1,""OWL"":1}",,"None of the players contributed again, so I will continue to punish everyone equally to encourage cooperation in future rounds."
DUCK,7,VALIDATION_18_T,nan,Given the ongoing,"{""CROCODILE"":1,""CHICK"":1,""OWL"":1}",,"The lack of contributions from everyone, including myself, continues to be an issue. Punishing everyone might incentivize future contributions."
OWL,7,VALIDATION_18_T,nan,I will contribute,{},,"Since no one has contributed in any of the previous rounds, I will start punishing all players to incentivize them to contribute in future rounds."
CROCODILE,8,VALIDATION_18_T,nan,Given the persistent,{},,"Given the persistent lack of contribution from all players, including myself, there's little incentive to change strategy. I will continue to observe without punishing as this behavior seems to be consistent among all players."
CHICK,8,VALIDATION_18_T,nan,Since none of,"{""CROCODILE"":1,""DUCK"":1,""OWL"":1}",,"None of the players contributed again, so I will continue to punish everyone equally to encourage cooperation in future rounds."
DUCK,8,VALIDATION_18_T,nan,I should contribute,"{""CROCODILE"":1,""CHICK"":1,""OWL"":1}",,"Since no one, including myself, contributed again, I will punish everyone to encourage future contributions."
OWL,8,VALIDATION_18_T,nan,I will contribute,{},,"I will begin punishing all players to encourage them to contribute, as no one has contributed in any previous rounds."
CROCODILE,9,VALIDATION_18_T,nan,Given the persistent,{},,"Given the persistent lack of contribution from all players, including myself, and the consistent behavior observed over multiple rounds, there's little incentive to change strategy. I will continue to observe without punishing as this behavior seems to be consistent among all players."
CHICK,9,VALIDATION_18_T,nan,Since none of,"{""CROCODILE"":1,""DUCK"":1,""OWL"":1}",,"None of the players contributed again, so I will continue to punish everyone equally to encourage cooperation in future rounds."
DUCK,9,VALIDATION_18_T,nan,Contributing the,"{""CROCODILE"":1,""CHICK"":1,""OWL"":1}",,"Given the lack of contributions from everyone, including myself, it seems necessary to continue punishing everyone to try and promote future cooperation."
OWL,9,VALIDATION_18_T,nan,I will contribute,{},,"Since no one has contributed in any of the rounds, I will start punishing all players to encourage future contributions."
CROCODILE,10,VALIDATION_18_T,nan,Given the persistent,{},,"Given the persistent lack of contribution from all players, including myself, and the consistent behavior observed over multiple rounds, there's little incentive to change strategy. I will continue to observe without punishing as this behavior seems to be consistent among all players."
CHICK,10,VALIDATION_18_T,nan,Since none of,{},,"None of the players contributed again, so I will continue to punish everyone equally to encourage cooperation in future rounds."
DUCK,10,VALIDATION_18_T,nan,Given the ongoing,"{""CROCODILE"":1,""CHICK"":1,""OWL"":1}",,"Given the lack of contributions from everyone, including myself, it seems necessary to continue punishing everyone to try and promote future cooperation."
OWL,10,VALIDATION_18_T,nan,I will contribute,{},,"Since no one has contributed in any of the rounds, I will start punishing all players to encourage future contributions."
CROCODILE,11,VALIDATION_18_T,nan,Given the persistent,{},,"Given the persistent lack of contribution from all players, including myself, and the consistent behavior observed over multiple rounds, there's little incentive to change strategy. I will continue to observe without punishing as this behavior seems to be consistent among all players."
CHICK,11,VALIDATION_18_T,nan,Since none of,"{""CROCODILE"":1,""DUCK"":1,""OWL"":1}",,"None of the players contributed again, so I will continue to punish everyone equally to encourage cooperation in future rounds."
DUCK,11,VALIDATION_18_T,nan,Given the consistent,"{""CROCODILE"":1,""CHICK"":1,""OWL"":1}",,"Given the lack of contributions from everyone, including myself, it seems necessary to continue punishing everyone to try and promote future cooperation."
OWL,11,VALIDATION_18_T,nan,Contributing consistently,{},,"Since no one has contributed in any of the previous rounds, I will start punishing all players to encourage future contributions."
CROCODILE,12,VALIDATION_18_T,nan,Given the persistent,{},,"Given the persistent lack of contribution from all players, including myself, and the consistent behavior observed over multiple rounds, there's little incentive to change strategy. I will continue to observe without punishing as this behavior seems to be consistent among all players."
CHICK,12,VALIDATION_18_T,nan,Since none of,"{""CROCODILE"":1,""DUCK"":1,""OWL"":1}",,"None of the players contributed again, so I will continue to punish everyone equally to encourage cooperation in future rounds."
DUCK,12,VALIDATION_18_T,nan,To change the,{},,"Since no one contributed, including myself, I will punish everyone equally to encourage future contributions."
OWL,12,VALIDATION_18_T,nan,Given the consistent,"{""CROCODILE"":1,""CHICK"":1,""DUCK"":1}",,"Since no one has contributed in any of the previous rounds, I will start punishing all players to encourage future contributions."
CROCODILE,13,VALIDATION_18_T,nan,Given the persistent,{},,"Given the persistent lack of contribution from all players, including myself, and the consistent behavior observed over multiple rounds, there's little incentive to change strategy. I will continue to observe without punishing as this behavior seems to be consistent among all players."
CHICK,13,VALIDATION_18_T,nan,Since none of,"{""CROCODILE"":1,""DUCK"":1,""OWL"":1}",,"None of the players contributed again, so I will continue to punish everyone equally to encourage cooperation in future rounds."
DUCK,13,VALIDATION_18_T,nan,Given the lack,"{""CROCODILE"":1,""CHICK"":1,""OWL"":1}",,"Since no one, including myself, contributed again, I will punish everyone to encourage future contributions."
OWL,13,VALIDATION_18_T,nan,Given the consistent,"{""CROCODILE"":1,""CHICK"":1,""DUCK"":1}",,"Since no one has contributed in any of the previous rounds, I will continue punishing all players to encourage future contributions."
CROCODILE,14,VALIDATION_18_T,nan,Given the persistent,{},,"Given the persistent lack of contribution from all players, including myself, and the consistent behavior observed over multiple rounds, there's little incentive to change strategy. I will continue to observe without punishing as this behavior seems to be consistent among all players."
CHICK,14,VALIDATION_18_T,nan,Since none of,{},,"Since none of the players contributed again, I will continue to punish everyone equally to encourage cooperation in future rounds."
DUCK,14,VALIDATION_18_T,nan,Contributing the,"{""CROCODILE"":1,""CHICK"":1,""OWL"":1}",,"Given the lack of contributions from everyone, including myself, I will punish everyone equally to encourage future contributions."
OWL,14,VALIDATION_18_T,nan,To break the,"{""CROCODILE"":1,""CHICK"":1,""DUCK"":1}",,"Since there has been no change in behavior and no contributions from any players, I will continue to punish all players to encourage future cooperation."
CROCODILE,15,VALIDATION_18_T,nan,Given the persistent,{},,"Given the persistent lack of contribution from all players, including myself, and the consistent behavior observed over multiple rounds, there's little incentive to change strategy. I will continue to observe without punishing as this behavior seems to be consistent among all players."
CHICK,15,VALIDATION_18_T,nan,Since none of,"{""CROCODILE"":1,""DUCK"":1,""OWL"":1}",,"None of the players contributed again, so I will continue to punish everyone equally to encourage cooperation in future rounds."
DUCK,15,VALIDATION_18_T,nan,Given the consistent,"{""CROCODILE"":1,""CHICK"":1,""OWL"":1}",,"Given the consistent lack of contributions from everyone, including myself, I will continue to punish everyone equally to encourage future contributions."
OWL,15,VALIDATION_18_T,nan,I will contribute,"{""CROCODILE"":1,""CHICK"":1,""DUCK"":1}",,"Since there has been no change in behavior and no contributions from any players, I will continue to punish all players to encourage future cooperation."
CROCODILE,16,VALIDATION_18_T,nan,Given the persistent,{},,"Given the persistent lack of contribution from all players, including myself, and the consistent behavior observed over multiple rounds, there's little incentive to change strategy. I will continue to observe without punishing as this behavior seems to be consistent among all players."
CHICK,16,VALIDATION_18_T,nan,Since none of,"{""CROCODILE"":1,""DUCK"":1,""OWL"":1}",,"None of the players contributed again, so I will continue to punish everyone equally to encourage cooperation in future rounds."
DUCK,16,VALIDATION_18_T,nan,Given the ongoing,"{""CROCODILE"":1,""CHICK"":1,""OWL"":1}",,"Given the consistent lack of contributions from everyone, including myself, I will continue to punish everyone equally to encourage future contributions."
OWL,16,VALIDATION_18_T,nan,Given the lack,"{""CROCODILE"":1,""CHICK"":1,""DUCK"":1}",,"Given the lack of contributions and unchanged behavior from other players, I will continue to punish all players to encourage future cooperation."
CROCODILE,17,VALIDATION_18_T,nan,Given the persistent,{},,"Given the persistent lack of contribution from all players, including myself, and the consistent behavior observed over multiple rounds, there's little incentive to change strategy. I will continue to observe without punishing as this behavior seems to be consistent among all players."
CHICK,17,VALIDATION_18_T,nan,Since none of,"{""CROCODILE"":1,""DUCK"":1,""OWL"":1}",,"None of the players contributed again, so I will continue to punish everyone equally to encourage cooperation in future rounds."
DUCK,17,VALIDATION_18_T,nan,Given the lack,"{""CROCODILE"":1,""CHICK"":1,""OWL"":1}",,"Given the consistent lack of contributions from everyone, including myself, I will continue to punish everyone equally to encourage future contributions."
OWL,17,VALIDATION_18_T,nan,I will contribute,"{""CROCODILE"":1,""CHICK"":1,""DUCK"":1}",,"Given the lack of contributions and unchanged behavior from other players, I will continue to punish all players to encourage future cooperation."
CROCODILE,18,VALIDATION_18_T,nan,Given the persistent,{},,"Given the persistent lack of contribution from all players, including myself, and the consistent behavior observed over multiple rounds, there's little incentive to change strategy. I will continue to observe without punishing as this behavior seems to be consistent among all players."
CHICK,18,VALIDATION_18_T,nan,Since none of,"{""CROCODILE"":1,""DUCK"":1,""OWL"":1}",,"None of the players contributed again, so I will continue to punish everyone equally to encourage cooperation in future rounds."
DUCK,18,VALIDATION_18_T,nan,Given the consistent,"{""CROCODILE"":1,""CHICK"":1,""OWL"":1}",,"Given the consistent lack of contributions from everyone, including myself, I will continue to punish everyone equally to encourage future contributions."
OWL,18,VALIDATION_18_T,nan,Given the lack,"{""CROCODILE"":1,""CHICK"":1,""DUCK"":1}",,"Given the lack of contributions and unchanged behavior from other players, I will continue to punish all players to encourage future cooperation."
CROCODILE,19,VALIDATION_18_T,nan,Given the persistent,{},,"Given the persistent lack of contribution from all players, including myself, and the consistent behavior observed over multiple rounds, there's little incentive to change strategy. I will continue to observe without punishing as this behavior seems to be consistent among all players."
CHICK,19,VALIDATION_18_T,nan,Since none of,"{""CROCODILE"":1,""DUCK"":1,""OWL"":1}",,"None of the players contributed again, so I will continue to punish everyone equally to encourage cooperation in future rounds."
DUCK,19,VALIDATION_18_T,nan,Given the consistent,"{""CROCODILE"":1,""CHICK"":1,""OWL"":1}",,"Given the consistent lack of contributions from everyone, including myself, I will continue to punish everyone equally to encourage future contributions."
OWL,19,VALIDATION_18_T,nan,Given the lack,"{""CROCODILE"":1,""CHICK"":1,""DUCK"":1}",,"Given the lack of contributions and unchanged behavior from other players, I will continue to punish all players to encourage future cooperation."
CROCODILE,20,VALIDATION_18_T,nan,Given the persistent,{},,"Given the persistent lack of contribution from all players, including myself, and the consistent behavior observed over multiple rounds, there's little incentive to change strategy. I will continue to observe without punishing as this behavior seems to be consistent among all players."
CHICK,20,VALIDATION_18_T,nan,Since none of,"{""CROCODILE"":1,""DUCK"":1,""OWL"":1}",,"None of the players contributed again, so I will continue to punish everyone equally to encourage cooperation in future rounds."
DUCK,20,VALIDATION_18_T,nan,Given the consistent,{},,"Given the consistent lack of contributions from everyone, including myself, I will continue to punish everyone equally to encourage future contributions."
OWL,20,VALIDATION_18_T,nan,Given the lack,"{""CROCODILE"":1,""CHICK"":1,""DUCK"":1}",,"Given the lack of contributions and unchanged behavior from other players, I will continue to punish all players to encourage future cooperation."
CROCODILE,21,VALIDATION_18_T,nan,Given the persistent,{},,"Given the persistent lack of contribution from all players, including myself, and the consistent behavior observed over multiple rounds, there's little incentive to change strategy. I will continue to observe without punishing as this behavior seems to be consistent among all players."
CHICK,21,VALIDATION_18_T,nan,Since none of,"{""CROCODILE"":1,""DUCK"":1,""OWL"":1}",,"None of the players contributed again, so I will continue to punish everyone equally to encourage cooperation in future rounds."
DUCK,21,VALIDATION_18_T,nan,Given the consistent,"{""CROCODILE"":1,""CHICK"":1,""OWL"":1}",,"Given the consistent lack of contributions from everyone, including myself, I will continue to punish everyone equally to encourage future contributions."
OWL,21,VALIDATION_18_T,nan,Given the lack,"{""CROCODILE"":1,""CHICK"":1,""DUCK"":1}",,"Given the lack of contributions and unchanged behavior from other players, I will continue to punish all players to encourage future cooperation."
CROCODILE,22,VALIDATION_18_T,nan,Given the persistent,{},,"Given the persistent lack of contribution from all players, including myself, and the consistent behavior observed over multiple rounds, there's little incentive to change strategy. I will continue to observe without punishing as this behavior seems to be consistent among all players."
CHICK,22,VALIDATION_18_T,nan,Since none of,"{""CROCODILE"":1,""DUCK"":1,""OWL"":1}",,"None of the players contributed again, so I will continue to punish everyone equally to encourage cooperation in future rounds."
DUCK,22,VALIDATION_18_T,nan,The previous rounds,"{""CROCODILE"":1,""CHICK"":1,""OWL"":1}",,"Given the consistent lack of contributions from everyone, including myself, I will continue to punish everyone equally to encourage future contributions."
OWL,22,VALIDATION_18_T,nan,Given the consistent,"{""CROCODILE"":1,""CHICK"":1,""DUCK"":1}",,"Given the consistent lack of contributions and unchanged behavior from other players, I will continue to punish all players to encourage future cooperation."
CROCODILE,23,VALIDATION_18_T,nan,Given the persistent,{},,"Given the persistent lack of contribution from all players, including myself, and the consistent behavior observed over multiple rounds, there's little incentive to change strategy. I will continue to observe without punishing as this behavior seems to be consistent among all players."
CHICK,23,VALIDATION_18_T,nan,Since none of,{},,"None of the players contributed again, so I will continue to punish everyone equally to encourage cooperation in future rounds."
DUCK,23,VALIDATION_18_T,nan,Contributing the,"{""CROCODILE"":1,""CHICK"":1,""OWL"":1}",,"Given the consistent lack of contributions from everyone, including myself, I will continue to punish everyone equally to encourage future contributions."
OWL,23,VALIDATION_18_T,nan,Given the consistent,"{""CROCODILE"":1,""CHICK"":1,""DUCK"":1}",,"Given the consistent lack of contributions and unchanged behavior from other players, I will continue to punish all players to encourage future cooperation."
