Unnamed: 0.1,Unnamed: 0,_id,name,value,factorTypeId,createdAt
1.0,1,PzL3B9E2ZwJgwXioF,false,false,j6JAP3reS9Xh8Zd5y,2023-04-19T05:19:37Z
3.0,3,Nfzn5suBHEkndeRYJ,false,false,ZTsaeZvqkjT2TiZbd,2023-04-19T05:19:37Z
5.0,5,z57ZXiW7FQWmLdw2w,false,false,NKE63qnTH4qQ5fJz2,2023-04-19T05:19:37Z
6.0,6,d2eBvhYDzovCGfSpr,true,true,AqeXKPY3FNoEDEsEm,2023-04-19T05:19:37Z
7.0,7,MLiCrbqfGoRX45EJc,false,false,AqeXKPY3FNoEDEsEm,2023-04-19T05:19:37Z
9.0,9,attTdNMJMa3NYtn2K,false,false,yTMk8ugg3WfuP69Tn,2023-04-19T05:19:37Z
11.0,11,iLANeArucnfNmopi4,false,false,X3GEcDHZeybCyTiXK,2023-04-19T05:19:37Z
12.0,12,JZq84FEt8iMPDSFCC,true,true,Yn6ADxWDAjn7wdbfN,2023-04-19T05:19:37Z
14.0,14,8gPSWyoYZdkvCJYjc,true,true,68euTNrndetTaGoks,2023-04-19T05:19:37Z
17.0,17,tmAzc7qrW2Nh2dpfM,15,15,EHgYkiFFuLkxsTwCc,2023-04-19T05:19:37Z
18.0,18,ytiyL6m5rwLJbMA62,16,16,EHgYkiFFuLkxsTwCc,2023-04-19T05:19:37Z
20.0,20,a4jAogPFsQ59GaMyG,8,8,EHgYkiFFuLkxsTwCc,2023-04-19T05:19:37Z
21.0,21,Z64Qx29Ybwem9LKpG,18,18,EHgYkiFFuLkxsTwCc,2023-04-19T05:19:37Z
22.0,22,KmRLZECTmHmyiuF58,13,13,EHgYkiFFuLkxsTwCc,2023-04-19T05:19:37Z
23.0,23,fZZkkSpjywT5afBZ5,5,5,EHgYkiFFuLkxsTwCc,2023-04-19T05:19:37Z
24.0,24,7Whir7GhcgY74MGHs,6,6,EHgYkiFFuLkxsTwCc,2023-04-19T05:19:37Z
25.0,25,wXcvuHxTAFhmP4Nbx,11,11,EHgYkiFFuLkxsTwCc,2023-04-19T05:19:37Z
27.0,27,PYEiB4RpsxYPLrW4z,7,7,EHgYkiFFuLkxsTwCc,2023-04-19T05:19:38Z
28.0,28,kSChbxsrXLJwC7Yqf,4,4,EHgYkiFFuLkxsTwCc,2023-04-19T05:19:38Z
29.0,29,4FZdgYmXg6qJsRP5p,14,14,EHgYkiFFuLkxsTwCc,2023-04-19T05:19:38Z
30.0,30,jRKrQpNS8ez5bvrve,17,17,EHgYkiFFuLkxsTwCc,2023-04-19T05:19:38Z
31.0,31,Mp7q78Q55FDWZoqzY,9,9,EHgYkiFFuLkxsTwCc,2023-04-19T05:19:38Z
32.0,32,pgLiaBzxyfDFhSMbL,19,19,EHgYkiFFuLkxsTwCc,2023-04-19T05:19:38Z
33.0,33,K5mc7p3k7ZQkekeRg,12,12,EHgYkiFFuLkxsTwCc,2023-04-19T05:19:38Z
34.0,34,mF9qszSMjj7bQh8HL,2,2,EHgYkiFFuLkxsTwCc,2023-04-19T05:19:38Z
35.0,35,gL8msKqE5w3wjSLdC,11,11,3HCJ58w4gmzonQ8Hv,2023-04-19T05:19:38Z
36.0,36,9iWxa7fEMDzztq9Xv,17,17,3HCJ58w4gmzonQ8Hv,2023-04-19T05:19:38Z
37.0,37,4FeQcgPCfhv54Dp7G,2,2,3HCJ58w4gmzonQ8Hv,2023-04-19T05:19:38Z
38.0,38,m6RkBWMjLKE4kceyr,23,23,3HCJ58w4gmzonQ8Hv,2023-04-19T05:19:38Z
39.0,39,ToYLz5MjyGP6PabGv,8,8,3HCJ58w4gmzonQ8Hv,2023-04-19T05:19:38Z
40.0,40,fs4RFvxDmTiybFa2o,30,30,3HCJ58w4gmzonQ8Hv,2023-04-19T05:19:38Z
41.0,41,xLTwvrJgHR6gftQeH,13,13,3HCJ58w4gmzonQ8Hv,2023-04-19T05:19:38Z
42.0,42,mzoGt6hi75Bk8ZwEF,21,21,3HCJ58w4gmzonQ8Hv,2023-04-19T05:19:38Z
43.0,43,Bdi2YcZpJ5LxLy525,4,4,3HCJ58w4gmzonQ8Hv,2023-04-19T05:19:38Z
44.0,44,RxhyH5pPakEYKHdXB,26,26,3HCJ58w4gmzonQ8Hv,2023-04-19T05:19:38Z
45.0,45,yjsgExBJP8LjiSjmj,10,10,3HCJ58w4gmzonQ8Hv,2023-04-19T05:19:38Z
46.0,46,CGqDN2784T9mQdNXS,14,14,3HCJ58w4gmzonQ8Hv,2023-04-19T05:19:38Z
47.0,47,6RvccaqyxZErPkimm,5,5,3HCJ58w4gmzonQ8Hv,2023-04-19T05:19:38Z
48.0,48,RzmMaSp2bGqWRmNdN,27,27,3HCJ58w4gmzonQ8Hv,2023-04-19T05:19:38Z
49.0,49,qzDMpt68sycpCGLPi,6,6,3HCJ58w4gmzonQ8Hv,2023-04-19T05:19:38Z
50.0,50,ybSKby3WB4y2qsCR9,28,28,3HCJ58w4gmzonQ8Hv,2023-04-19T05:19:38Z
51.0,51,tZN7g2rGFk5hMPgEk,15,15,3HCJ58w4gmzonQ8Hv,2023-04-19T05:19:38Z
52.0,52,S4hJvtGqBPPgKoAHD,22,22,3HCJ58w4gmzonQ8Hv,2023-04-19T05:19:38Z
53.0,53,NvoGm4GJHC4nH25FK,16,16,3HCJ58w4gmzonQ8Hv,2023-04-19T05:19:38Z
54.0,54,gwZwAkxCebrjW5vvJ,3,3,3HCJ58w4gmzonQ8Hv,2023-04-19T05:19:38Z
55.0,55,xvoAssbs5EdrKdicq,25,25,3HCJ58w4gmzonQ8Hv,2023-04-19T05:19:38Z
56.0,56,W2bNYnBkR7aikaFAr,12,12,3HCJ58w4gmzonQ8Hv,2023-04-19T05:19:38Z
57.0,57,DLxXa6pNueiyrrXBy,19,19,3HCJ58w4gmzonQ8Hv,2023-04-19T05:19:38Z
58.0,58,H6KJmgKcm8HY2GQA5,7,7,3HCJ58w4gmzonQ8Hv,2023-04-19T05:19:38Z
60.0,60,k6qXJP3YSbkPqTuJk,1,1,3HCJ58w4gmzonQ8Hv,2023-04-19T05:19:38Z
61.0,61,CXTz2DnyQmnEYrFHM,18,18,3HCJ58w4gmzonQ8Hv,2023-04-19T05:19:38Z
62.0,62,XsXytxstWMh9zNwGf,20,20,3HCJ58w4gmzonQ8Hv,2023-04-19T05:19:38Z
63.0,63,Wzdhfheg5FtmZLmwT,29,29,3HCJ58w4gmzonQ8Hv,2023-04-19T05:19:38Z
64.0,64,kRKNfc9Roihxt4KXs,9,9,3HCJ58w4gmzonQ8Hv,2023-04-19T05:19:38Z
65.0,65,XZPFRPGauAtdBbj9Z,20,20,Q4CpiNGcyDJcGosLw,2023-04-19T05:19:38Z
66.0,66,PAbrjXhwHFeKZu9BX,1.5,1.5,tEKdjpZue8XbkYzQb,2023-04-19T05:19:38Z
68.0,68,mPvPce9ZzZokdTMg6,2.0,2,tEKdjpZue8XbkYzQb,2023-04-19T05:19:38Z
70.0,70,D4iR2JbvyRYtQKJQp,4.7,4.7,tEKdjpZue8XbkYzQb,2023-04-19T05:19:38Z
73.0,73,yX496dPB46YvWxJjd,1.8,1.8,tEKdjpZue8XbkYzQb,2023-04-19T05:19:38Z
75.0,75,StM7fPbHwxX2YmaXN,5.0,5,tEKdjpZue8XbkYzQb,2023-04-19T05:19:38Z
76.0,76,MyWfhqRQdkL87XgRN,3.8,3.8,tEKdjpZue8XbkYzQb,2023-04-19T05:19:38Z
79.0,79,Nf7NCmrEZBEXJqSfh,9.0,9,tEKdjpZue8XbkYzQb,2023-04-19T05:19:38Z
81.0,81,kKkuYwqfo5y58fdiS,2.2,2.2,tEKdjpZue8XbkYzQb,2023-04-19T05:19:38Z
82.0,82,GmsmMb2tRRnLikx4A,4.2,4.2,tEKdjpZue8XbkYzQb,2023-04-19T05:19:38Z
84.0,84,wQ64YwJ7dkm3SWnmq,1.3,1.3,tEKdjpZue8XbkYzQb,2023-04-19T05:19:38Z
86.0,86,qidhQEwEQfTKscP3K,4.3,4.3,tEKdjpZue8XbkYzQb,2023-04-19T05:19:38Z
87.0,87,w4A4cjyCwNEh2coLX,2.7,2.7,tEKdjpZue8XbkYzQb,2023-04-19T05:19:38Z
88.0,88,eWNoso9T6fp8YQijG,8.2,8.2,tEKdjpZue8XbkYzQb,2023-04-19T05:19:38Z
91.0,91,9aT63Z2AKzS4AQ7Qe,2.5,2.5,tEKdjpZue8XbkYzQb,2023-04-19T05:19:38Z
92.0,92,8h82abfBLtAz4Revw,1.2,1.2,tEKdjpZue8XbkYzQb,2023-04-19T05:19:38Z
95.0,95,mex83wbsf9Tv32Dsg,10.0,10,tEKdjpZue8XbkYzQb,2023-04-19T05:19:38Z
96.0,96,EaFz8qLHhLT2eKnSc,3.9,3.9,tEKdjpZue8XbkYzQb,2023-04-19T05:19:38Z
97.0,97,texkWsnS9mjnWwsGi,2.6,2.6,tEKdjpZue8XbkYzQb,2023-04-19T05:19:38Z
99.0,99,TqeYLPpi8TGhTMckH,1.9,1.9,tEKdjpZue8XbkYzQb,2023-04-19T05:19:38Z
100.0,100,gXxhzkGBEgDQKBNes,10.2,10.2,tEKdjpZue8XbkYzQb,2023-04-19T05:19:38Z
101.0,101,qgPehoFTuYi7STBGQ,3.2,3.2,tEKdjpZue8XbkYzQb,2023-04-19T05:19:38Z
106.0,106,mvGPyw4pY3hCXiksx,5.1,5.1,tEKdjpZue8XbkYzQb,2023-04-19T05:19:38Z
108.0,108,uKZiypxyCRoeMXbTr,8.9,8.9,tEKdjpZue8XbkYzQb,2023-04-19T05:19:38Z
110.0,110,kqEaavDoiabBF3fSc,1.1,1.1,tEKdjpZue8XbkYzQb,2023-04-19T05:19:38Z
111.0,111,kzf3TSZW4aTHR3yi3,7.3,7.3,tEKdjpZue8XbkYzQb,2023-04-19T05:19:38Z
112.0,112,ku4Exmf8mrnZRBD69,2.3,2.3,tEKdjpZue8XbkYzQb,2023-04-19T05:19:38Z
114.0,114,av4LHzFmd37zqxdgX,2.4,2.4,tEKdjpZue8XbkYzQb,2023-04-19T05:19:39Z
115.0,115,huZ7wEDsMpzgffjy6,3.1,3.1,tEKdjpZue8XbkYzQb,2023-04-19T05:19:39Z
117.0,117,6yCNYt4LhedcEke2r,1.7,1.7,tEKdjpZue8XbkYzQb,2023-04-19T05:19:39Z
118.0,118,hnPYsnYAAjgadKEyr,10.7,10.7,tEKdjpZue8XbkYzQb,2023-04-19T05:19:39Z
119.0,119,6mgqMwmn9BEMA9scm,5.3,5.3,tEKdjpZue8XbkYzQb,2023-04-19T05:19:39Z
121.0,121,GDaN3cMRiiNm4QnDH,4.9,4.9,tEKdjpZue8XbkYzQb,2023-04-19T05:19:39Z
122.0,122,JJwWPaTS9wZsNFuDY,6.1,6.1,tEKdjpZue8XbkYzQb,2023-04-19T05:19:39Z
124.0,124,RyvbQoFpz6uNdL8tr,5.5,5.5,tEKdjpZue8XbkYzQb,2023-04-19T05:19:39Z
125.0,125,9hCSkc64agtidYJ2n,6.2,6.2,tEKdjpZue8XbkYzQb,2023-04-19T05:19:39Z
128.0,128,gi54g8zakiqBpCuEo,7.4,7.4,tEKdjpZue8XbkYzQb,2023-04-19T05:19:39Z
130.0,130,errguwP5Ztwpi2BNh,5.9,5.9,tEKdjpZue8XbkYzQb,2023-04-19T05:19:39Z
131.0,131,vu2qvscD9RgWMf9wv,8.7,8.7,tEKdjpZue8XbkYzQb,2023-04-19T05:19:39Z
136.0,136,NZiDZjpNgFpXgfKKd,4.0,4,tEKdjpZue8XbkYzQb,2023-04-19T05:19:39Z
137.0,137,gPoLPiseXwFb8HWpc,7.8,7.8,tEKdjpZue8XbkYzQb,2023-04-19T05:19:39Z
139.0,139,gs2ua3pEwQ66mKzJ3,7.5,7.5,tEKdjpZue8XbkYzQb,2023-04-19T05:19:39Z
142.0,142,rHq65g8ZCRrNJxTiK,2.9,2.9,tEKdjpZue8XbkYzQb,2023-04-19T05:19:39Z
143.0,143,gJRedPFPwgzd9hxzh,1.4,1.4,tEKdjpZue8XbkYzQb,2023-04-19T05:19:39Z
146.0,146,nC4qsgTFo5B9PfBqR,7.9,7.9,tEKdjpZue8XbkYzQb,2023-04-19T05:19:39Z
154.0,154,By5GmWeEvBswisLeu,0,0,GHfMB6rnec6bRbcg5,2023-04-19T05:19:39Z
155.0,155,AvEQrn8TuAfcZ2nAa,1,1,GHfMB6rnec6bRbcg5,2023-04-19T05:19:39Z
156.0,156,XisFJ9opqmAsBxve2,3,3,GZ8aazA6BNZTCavGv,2023-04-19T05:19:39Z
157.0,157,ujf8hgK5vs3NFg9PL,2,2,GZ8aazA6BNZTCavGv,2023-04-19T05:19:39Z
158.0,158,nNN9L7cwvWoS8t9d4,1,1,GZ8aazA6BNZTCavGv,2023-04-19T05:19:39Z
159.0,159,eDeiGssDkxHJD3Qg5,4,4,GZ8aazA6BNZTCavGv,2023-04-19T05:19:39Z
160.0,160,gFbocmdB7s8nmFpxY,9.0,9,6ajytPzuhkXsxBxQH,2023-04-19T05:19:39Z
161.0,161,YLevqNyf2Z8axYPuT,2.0,2,6ajytPzuhkXsxBxQH,2023-04-19T05:19:39Z
163.0,163,6f97iJZi6FaRqkTcv,11.0,11,6ajytPzuhkXsxBxQH,2023-04-19T05:19:39Z
164.0,164,ikbKGHqdpbCeZKTBE,3.0,3,6ajytPzuhkXsxBxQH,2023-04-19T05:19:39Z
165.0,165,ju2yFE8WgcK3DLcTD,5.0,5,6ajytPzuhkXsxBxQH,2023-04-19T05:19:39Z
166.0,166,ZLAqWfw4GLJDnJsWu,8.0,8,6ajytPzuhkXsxBxQH,2023-04-19T05:19:39Z
167.0,167,wKi8dRKMiJFMuiTot,6.0,6,6ajytPzuhkXsxBxQH,2023-04-19T05:19:39Z
168.0,168,9tdSTzasRMptKppC2,7.0,7,6ajytPzuhkXsxBxQH,2023-04-19T05:19:39Z
169.0,169,jmKmXCHgq6dyePe5L,4.0,4,6ajytPzuhkXsxBxQH,2023-04-19T05:19:39Z
170.0,170,BsWq8eY6LcbdKmLwh,10.0,10,6ajytPzuhkXsxBxQH,2023-04-19T05:19:39Z
171.0,171,apvSNcjjX5gyAQCHA,1.0,1,6ajytPzuhkXsxBxQH,2023-04-19T05:19:39Z
173.0,173,kMjD2PdRtqaYfSPEE,14.0,14,6ajytPzuhkXsxBxQH,2023-04-19T05:19:39Z
175.0,175,9uQGGStLstnmjuFF4,13.0,13,6ajytPzuhkXsxBxQH,2023-04-19T05:19:39Z
176.0,176,qE3naRNiifcWRLdvd,3,3,s2PshR5EpqTmgP3AM,2023-04-19T05:19:39Z
177.0,177,yDANp3XSeZnuTguAN,2,2,s2PshR5EpqTmgP3AM,2023-04-19T05:19:39Z
178.0,178,wpswrATWbYXsEZFEX,1,1,s2PshR5EpqTmgP3AM,2023-04-19T05:19:39Z
179.0,179,A7aDdZSwabrcCkPky,4,4,s2PshR5EpqTmgP3AM,2023-04-19T05:19:39Z
180.0,180,9eoTjJEK8pQFEFqPo,4.0,4,JGWebFJC6Ha5JXvv4,2023-04-19T05:19:39Z
181.0,181,Q3b4WART9Wq5boZB9,2.0,2,JGWebFJC6Ha5JXvv4,2023-04-19T05:19:39Z
182.0,182,QExvKj6f2nFprf5fN,1.0,1,JGWebFJC6Ha5JXvv4,2023-04-19T05:19:39Z
183.0,183,QmZyALw37B4tembBz,3.0,3,JGWebFJC6Ha5JXvv4,2023-04-19T05:19:39Z
184.0,184,aranQzTnLShm7tX9C,5.0,5,JGWebFJC6Ha5JXvv4,2023-04-19T05:19:39Z
185.0,185,HEthudZ76hQv4meJi,6.0,6,JGWebFJC6Ha5JXvv4,2023-04-19T05:19:39Z
186.0,186,kHyMYojMS6ua43Gti,45,45,nvwTXvCbqKpoqtwyM,2023-04-19T05:19:39Z
187.0,187,sC7xoqmzp9kXf82GD,45,45,XJQkHcz5i2otEh5iY,2023-04-19T05:19:39Z
188.0,188,NCtZsfzPCBBQJFjRj,45,45,pnqRp2Hx2sQr2SADa,2023-04-19T05:19:39Z
189.0,189,v8FH3Svr5DjC3Fg6K,1.1,1.1,f8TPaJf7NMat3M9Fh,2023-04-19T05:19:39Z
190.0,190,9oYwsjPEwHZsYGKsC,1.7,1.7,f8TPaJf7NMat3M9Fh,2023-04-19T05:19:39Z
191.0,191,p4oBnnt77T4CiWG8R,0.2,0.2,f8TPaJf7NMat3M9Fh,2023-04-19T05:19:39Z
192.0,192,R6PenHDi6jMwWTYPf,2.3,2.3,f8TPaJf7NMat3M9Fh,2023-04-19T05:19:39Z
193.0,193,AHCNoSbxTgDHu8LAc,0.8,0.8,f8TPaJf7NMat3M9Fh,2023-04-19T05:19:39Z
194.0,194,5xTRiK79kFFLb8gjC,3.0,3,f8TPaJf7NMat3M9Fh,2023-04-19T05:19:40Z
195.0,195,vvYJc5Avz3y7ohnfH,1.3,1.3,f8TPaJf7NMat3M9Fh,2023-04-19T05:19:40Z
196.0,196,HQZwGQXGTKbpnYC7w,2.1,2.1,f8TPaJf7NMat3M9Fh,2023-04-19T05:19:40Z
197.0,197,B9fxJm75dJ9ZxSfpr,0.4,0.4,f8TPaJf7NMat3M9Fh,2023-04-19T05:19:40Z
198.0,198,fEk3yTqeFcpZsdHin,2.6,2.6,f8TPaJf7NMat3M9Fh,2023-04-19T05:19:40Z
199.0,199,GkcdqicwxwuW639Pm,1.0,1,f8TPaJf7NMat3M9Fh,2023-04-19T05:19:40Z
200.0,200,2WYLvSJWcBvBSHfBp,1.4,1.4,f8TPaJf7NMat3M9Fh,2023-04-19T05:19:40Z
201.0,201,ipeonTKNzcJhWCpjJ,0.5,0.5,f8TPaJf7NMat3M9Fh,2023-04-19T05:19:40Z
202.0,202,Lt8PSdTCZX2BacQ9N,2.7,2.7,f8TPaJf7NMat3M9Fh,2023-04-19T05:19:40Z
203.0,203,y9SCeeRHRfXGNxqXA,0.6,0.6,f8TPaJf7NMat3M9Fh,2023-04-19T05:19:40Z
204.0,204,gZECbniAhFQv85Duo,2.8,2.8,f8TPaJf7NMat3M9Fh,2023-04-19T05:19:40Z
205.0,205,R2CGTTAxdwpcGr8WW,1.5,1.5,f8TPaJf7NMat3M9Fh,2023-04-19T05:19:40Z
206.0,206,4SS9BKyH75pPLNnLm,2.2,2.2,f8TPaJf7NMat3M9Fh,2023-04-19T05:19:40Z
207.0,207,kKd3NYZxCmxDiRpDx,1.6,1.6,f8TPaJf7NMat3M9Fh,2023-04-19T05:19:40Z
208.0,208,Rqp5nRDuPmXbikRcc,0.3,0.3,f8TPaJf7NMat3M9Fh,2023-04-19T05:19:40Z
209.0,209,z7aF8YXRXZ7NabkA6,2.5,2.5,f8TPaJf7NMat3M9Fh,2023-04-19T05:19:40Z
210.0,210,FDvqD3orgxNHABtHW,1.2,1.2,f8TPaJf7NMat3M9Fh,2023-04-19T05:19:40Z
211.0,211,rP83P5b4nTN2uvftJ,1.9,1.9,f8TPaJf7NMat3M9Fh,2023-04-19T05:19:40Z
212.0,212,8MovLJrsaAMLyYTyj,0.7,0.7,f8TPaJf7NMat3M9Fh,2023-04-19T05:19:40Z
214.0,214,Zudmpz9yaxD8gx9F8,0.1,0.1,f8TPaJf7NMat3M9Fh,2023-04-19T05:19:40Z
215.0,215,wTjdsYWwqyyWEt62c,1.8,1.8,f8TPaJf7NMat3M9Fh,2023-04-19T05:19:40Z
216.0,216,ty45km6eRfgYFDqxG,2.0,2,f8TPaJf7NMat3M9Fh,2023-04-19T05:19:40Z
217.0,217,RTurEsxj2kCz6uWEW,2.9,2.9,f8TPaJf7NMat3M9Fh,2023-04-19T05:19:40Z
218.0,218,FtgfjCY6XYi4nh8J2,0.9,0.9,f8TPaJf7NMat3M9Fh,2023-04-19T05:19:40Z
219.0,219,sMPJAoPf2ESG2KMDh,300,300,RWjFfH3kiu7X2yg4d,2023-04-19T05:19:40Z
220.0,220,3RHTup7XiHrZ8oob6,true,true,j6JAP3reS9Xh8Zd5y,2023-04-07T06:29:05Z
221.0,221,hDbBz5W3Y65ca8w74,false,false,j6JAP3reS9Xh8Zd5y,2023-04-07T06:29:05Z
222.0,222,MefBWh9yosa8ZdKrT,true,true,ZTsaeZvqkjT2TiZbd,2023-04-07T06:29:05Z
223.0,223,AHnuKBPMSHWbbfp8t,false,false,ZTsaeZvqkjT2TiZbd,2023-04-07T06:29:05Z
224.0,224,bWDepGhwncBGxHQDm,true,true,NKE63qnTH4qQ5fJz2,2023-04-07T06:29:06Z
225.0,225,LLieto639fSNCGN8f,false,false,NKE63qnTH4qQ5fJz2,2023-04-07T06:29:06Z
226.0,226,izQCEaBn443xEJAYg,true,true,AqeXKPY3FNoEDEsEm,2023-04-07T06:29:06Z
227.0,227,7zWB4QWu729s7oEyZ,false,false,AqeXKPY3FNoEDEsEm,2023-04-07T06:29:06Z
228.0,228,vjC9YSui6mNLSiLTC,true,true,yTMk8ugg3WfuP69Tn,2023-04-07T06:29:06Z
229.0,229,sQnpZ4LdbSuAtcKyy,false,false,yTMk8ugg3WfuP69Tn,2023-04-07T06:29:06Z
230.0,230,i7GdZQpma9EmjZEAH,true,true,X3GEcDHZeybCyTiXK,2023-04-07T06:29:06Z
231.0,231,Nda2rqM4GC8FB3der,false,false,X3GEcDHZeybCyTiXK,2023-04-07T06:29:06Z
232.0,232,dAcjTakLHK3rcnW4o,true,true,Yn6ADxWDAjn7wdbfN,2023-04-07T06:29:06Z
234.0,234,uJFuxQ24dfkzSNNqS,true,true,68euTNrndetTaGoks,2023-04-07T06:29:06Z
237.0,237,tmAzc7qrW2Nh2dpfM,15,15,3nZCwNY73CXT8YZCP,2023-04-07T06:29:06Z
238.0,238,ytiyL6m5rwLJbMA62,16,16,3nZCwNY73CXT8YZCP,2023-04-07T06:29:06Z
240.0,240,a4jAogPFsQ59GaMyG,8,8,3nZCwNY73CXT8YZCP,2023-04-07T06:29:06Z
241.0,241,Z64Qx29Ybwem9LKpG,18,18,3nZCwNY73CXT8YZCP,2023-04-07T06:29:06Z
242.0,242,KmRLZECTmHmyiuF58,13,13,3nZCwNY73CXT8YZCP,2023-04-07T06:29:06Z
243.0,243,fZZkkSpjywT5afBZ5,5,5,3nZCwNY73CXT8YZCP,2023-04-07T06:29:06Z
244.0,244,7Whir7GhcgY74MGHs,6,6,3nZCwNY73CXT8YZCP,2023-04-07T06:29:06Z
245.0,245,wXcvuHxTAFhmP4Nbx,11,11,3nZCwNY73CXT8YZCP,2023-04-07T06:29:06Z
247.0,247,PYEiB4RpsxYPLrW4z,7,7,3nZCwNY73CXT8YZCP,2023-04-07T06:29:06Z
248.0,248,kSChbxsrXLJwC7Yqf,4,4,3nZCwNY73CXT8YZCP,2023-04-07T06:29:06Z
249.0,249,4FZdgYmXg6qJsRP5p,14,14,3nZCwNY73CXT8YZCP,2023-04-07T06:29:06Z
250.0,250,jRKrQpNS8ez5bvrve,17,17,3nZCwNY73CXT8YZCP,2023-04-07T06:29:06Z
251.0,251,Mp7q78Q55FDWZoqzY,9,9,3nZCwNY73CXT8YZCP,2023-04-07T06:29:06Z
252.0,252,pgLiaBzxyfDFhSMbL,19,19,3nZCwNY73CXT8YZCP,2023-04-07T06:29:06Z
253.0,253,K5mc7p3k7ZQkekeRg,12,12,3nZCwNY73CXT8YZCP,2023-04-07T06:29:06Z
254.0,254,mF9qszSMjj7bQh8HL,2,2,3nZCwNY73CXT8YZCP,2023-04-07T06:29:06Z
255.0,255,gL8msKqE5w3wjSLdC,11,11,3HCJ58w4gmzonQ8Hv,2023-04-07T06:29:06Z
256.0,256,9iWxa7fEMDzztq9Xv,17,17,3HCJ58w4gmzonQ8Hv,2023-04-07T06:29:06Z
257.0,257,4FeQcgPCfhv54Dp7G,2,2,3HCJ58w4gmzonQ8Hv,2023-04-07T06:29:06Z
258.0,258,m6RkBWMjLKE4kceyr,23,23,3HCJ58w4gmzonQ8Hv,2023-04-07T06:29:06Z
259.0,259,ToYLz5MjyGP6PabGv,8,8,3HCJ58w4gmzonQ8Hv,2023-04-07T06:29:06Z
260.0,260,fs4RFvxDmTiybFa2o,30,30,3HCJ58w4gmzonQ8Hv,2023-04-07T06:29:06Z
261.0,261,xLTwvrJgHR6gftQeH,13,13,3HCJ58w4gmzonQ8Hv,2023-04-07T06:29:06Z
262.0,262,mzoGt6hi75Bk8ZwEF,21,21,3HCJ58w4gmzonQ8Hv,2023-04-07T06:29:06Z
263.0,263,Bdi2YcZpJ5LxLy525,4,4,3HCJ58w4gmzonQ8Hv,2023-04-07T06:29:06Z
264.0,264,RxhyH5pPakEYKHdXB,26,26,3HCJ58w4gmzonQ8Hv,2023-04-07T06:29:06Z
265.0,265,yjsgExBJP8LjiSjmj,10,10,3HCJ58w4gmzonQ8Hv,2023-04-07T06:29:06Z
266.0,266,CGqDN2784T9mQdNXS,14,14,3HCJ58w4gmzonQ8Hv,2023-04-07T06:29:06Z
267.0,267,6RvccaqyxZErPkimm,5,5,3HCJ58w4gmzonQ8Hv,2023-04-07T06:29:06Z
268.0,268,RzmMaSp2bGqWRmNdN,27,27,3HCJ58w4gmzonQ8Hv,2023-04-07T06:29:06Z
269.0,269,qzDMpt68sycpCGLPi,6,6,3HCJ58w4gmzonQ8Hv,2023-04-07T06:29:06Z
270.0,270,ybSKby3WB4y2qsCR9,28,28,3HCJ58w4gmzonQ8Hv,2023-04-07T06:29:06Z
271.0,271,tZN7g2rGFk5hMPgEk,15,15,3HCJ58w4gmzonQ8Hv,2023-04-07T06:29:06Z
272.0,272,S4hJvtGqBPPgKoAHD,22,22,3HCJ58w4gmzonQ8Hv,2023-04-07T06:29:06Z
273.0,273,NvoGm4GJHC4nH25FK,16,16,3HCJ58w4gmzonQ8Hv,2023-04-07T06:29:06Z
274.0,274,gwZwAkxCebrjW5vvJ,3,3,3HCJ58w4gmzonQ8Hv,2023-04-07T06:29:06Z
275.0,275,xvoAssbs5EdrKdicq,25,25,3HCJ58w4gmzonQ8Hv,2023-04-07T06:29:06Z
276.0,276,W2bNYnBkR7aikaFAr,12,12,3HCJ58w4gmzonQ8Hv,2023-04-07T06:29:06Z
277.0,277,DLxXa6pNueiyrrXBy,19,19,3HCJ58w4gmzonQ8Hv,2023-04-07T06:29:06Z
278.0,278,H6KJmgKcm8HY2GQA5,7,7,3HCJ58w4gmzonQ8Hv,2023-04-07T06:29:06Z
280.0,280,k6qXJP3YSbkPqTuJk,1,1,3HCJ58w4gmzonQ8Hv,2023-04-07T06:29:06Z
281.0,281,CXTz2DnyQmnEYrFHM,18,18,3HCJ58w4gmzonQ8Hv,2023-04-07T06:29:06Z
282.0,282,XsXytxstWMh9zNwGf,20,20,3HCJ58w4gmzonQ8Hv,2023-04-07T06:29:06Z
283.0,283,Wzdhfheg5FtmZLmwT,29,29,3HCJ58w4gmzonQ8Hv,2023-04-07T06:29:06Z
284.0,284,kRKNfc9Roihxt4KXs,9,9,3HCJ58w4gmzonQ8Hv,2023-04-07T06:29:06Z
285.0,285,XZPFRPGauAtdBbj9Z,20,20,Q4CpiNGcyDJcGosLw,2023-04-07T06:29:06Z
286.0,286,PAbrjXhwHFeKZu9BX,1.5,1.5,tEKdjpZue8XbkYzQb,2023-04-07T06:29:06Z
288.0,288,mPvPce9ZzZokdTMg6,2.0,2,tEKdjpZue8XbkYzQb,2023-04-07T06:29:06Z
290.0,290,D4iR2JbvyRYtQKJQp,4.7,4.7,tEKdjpZue8XbkYzQb,2023-04-07T06:29:06Z
293.0,293,yX496dPB46YvWxJjd,1.8,1.8,tEKdjpZue8XbkYzQb,2023-04-07T06:29:07Z
295.0,295,StM7fPbHwxX2YmaXN,5.0,5,tEKdjpZue8XbkYzQb,2023-04-07T06:29:07Z
296.0,296,MyWfhqRQdkL87XgRN,3.8,3.8,tEKdjpZue8XbkYzQb,2023-04-07T06:29:07Z
299.0,299,Nf7NCmrEZBEXJqSfh,9.0,9,tEKdjpZue8XbkYzQb,2023-04-07T06:29:07Z
301.0,301,kKkuYwqfo5y58fdiS,2.2,2.2,tEKdjpZue8XbkYzQb,2023-04-07T06:29:07Z
302.0,302,GmsmMb2tRRnLikx4A,4.2,4.2,tEKdjpZue8XbkYzQb,2023-04-07T06:29:07Z
304.0,304,wQ64YwJ7dkm3SWnmq,1.3,1.3,tEKdjpZue8XbkYzQb,2023-04-07T06:29:07Z
306.0,306,qidhQEwEQfTKscP3K,4.3,4.3,tEKdjpZue8XbkYzQb,2023-04-07T06:29:07Z
307.0,307,w4A4cjyCwNEh2coLX,2.7,2.7,tEKdjpZue8XbkYzQb,2023-04-07T06:29:07Z
308.0,308,eWNoso9T6fp8YQijG,8.2,8.2,tEKdjpZue8XbkYzQb,2023-04-07T06:29:07Z
311.0,311,9aT63Z2AKzS4AQ7Qe,2.5,2.5,tEKdjpZue8XbkYzQb,2023-04-07T06:29:07Z
312.0,312,8h82abfBLtAz4Revw,1.2,1.2,tEKdjpZue8XbkYzQb,2023-04-07T06:29:07Z
315.0,315,mex83wbsf9Tv32Dsg,10.0,10,tEKdjpZue8XbkYzQb,2023-04-07T06:29:07Z
316.0,316,EaFz8qLHhLT2eKnSc,3.9,3.9,tEKdjpZue8XbkYzQb,2023-04-07T06:29:07Z
317.0,317,texkWsnS9mjnWwsGi,2.6,2.6,tEKdjpZue8XbkYzQb,2023-04-07T06:29:07Z
319.0,319,TqeYLPpi8TGhTMckH,1.9,1.9,tEKdjpZue8XbkYzQb,2023-04-07T06:29:07Z
320.0,320,gXxhzkGBEgDQKBNes,10.2,10.2,tEKdjpZue8XbkYzQb,2023-04-07T06:29:07Z
321.0,321,qgPehoFTuYi7STBGQ,3.2,3.2,tEKdjpZue8XbkYzQb,2023-04-07T06:29:07Z
326.0,326,mvGPyw4pY3hCXiksx,5.1,5.1,tEKdjpZue8XbkYzQb,2023-04-07T06:29:07Z
328.0,328,uKZiypxyCRoeMXbTr,8.9,8.9,tEKdjpZue8XbkYzQb,2023-04-07T06:29:07Z
330.0,330,kqEaavDoiabBF3fSc,1.1,1.1,tEKdjpZue8XbkYzQb,2023-04-07T06:29:07Z
331.0,331,kzf3TSZW4aTHR3yi3,7.3,7.3,tEKdjpZue8XbkYzQb,2023-04-07T06:29:07Z
332.0,332,ku4Exmf8mrnZRBD69,2.3,2.3,tEKdjpZue8XbkYzQb,2023-04-07T06:29:07Z
334.0,334,av4LHzFmd37zqxdgX,2.4,2.4,tEKdjpZue8XbkYzQb,2023-04-07T06:29:07Z
335.0,335,huZ7wEDsMpzgffjy6,3.1,3.1,tEKdjpZue8XbkYzQb,2023-04-07T06:29:07Z
337.0,337,6yCNYt4LhedcEke2r,1.7,1.7,tEKdjpZue8XbkYzQb,2023-04-07T06:29:07Z
338.0,338,hnPYsnYAAjgadKEyr,10.7,10.7,tEKdjpZue8XbkYzQb,2023-04-07T06:29:07Z
339.0,339,6mgqMwmn9BEMA9scm,5.3,5.3,tEKdjpZue8XbkYzQb,2023-04-07T06:29:07Z
341.0,341,GDaN3cMRiiNm4QnDH,4.9,4.9,tEKdjpZue8XbkYzQb,2023-04-07T06:29:07Z
342.0,342,JJwWPaTS9wZsNFuDY,6.1,6.1,tEKdjpZue8XbkYzQb,2023-04-07T06:29:07Z
344.0,344,RyvbQoFpz6uNdL8tr,5.5,5.5,tEKdjpZue8XbkYzQb,2023-04-07T06:29:07Z
345.0,345,9hCSkc64agtidYJ2n,6.2,6.2,tEKdjpZue8XbkYzQb,2023-04-07T06:29:07Z
348.0,348,gi54g8zakiqBpCuEo,7.4,7.4,tEKdjpZue8XbkYzQb,2023-04-07T06:29:07Z
350.0,350,errguwP5Ztwpi2BNh,5.9,5.9,tEKdjpZue8XbkYzQb,2023-04-07T06:29:07Z
351.0,351,vu2qvscD9RgWMf9wv,8.7,8.7,tEKdjpZue8XbkYzQb,2023-04-07T06:29:07Z
356.0,356,NZiDZjpNgFpXgfKKd,4.0,4,tEKdjpZue8XbkYzQb,2023-04-07T06:29:07Z
357.0,357,gPoLPiseXwFb8HWpc,7.8,7.8,tEKdjpZue8XbkYzQb,2023-04-07T06:29:07Z
359.0,359,gs2ua3pEwQ66mKzJ3,7.5,7.5,tEKdjpZue8XbkYzQb,2023-04-07T06:29:07Z
362.0,362,rHq65g8ZCRrNJxTiK,2.9,2.9,tEKdjpZue8XbkYzQb,2023-04-07T06:29:07Z
363.0,363,gJRedPFPwgzd9hxzh,1.4,1.4,tEKdjpZue8XbkYzQb,2023-04-07T06:29:07Z
366.0,366,nC4qsgTFo5B9PfBqR,7.9,7.9,tEKdjpZue8XbkYzQb,2023-04-07T06:29:07Z
374.0,374,By5GmWeEvBswisLeu,0,0,GHfMB6rnec6bRbcg5,2023-04-07T06:29:08Z
375.0,375,AvEQrn8TuAfcZ2nAa,1,1,GHfMB6rnec6bRbcg5,2023-04-07T06:29:08Z
376.0,376,XisFJ9opqmAsBxve2,3,3,GZ8aazA6BNZTCavGv,2023-04-07T06:29:08Z
377.0,377,ujf8hgK5vs3NFg9PL,2,2,GZ8aazA6BNZTCavGv,2023-04-07T06:29:08Z
378.0,378,nNN9L7cwvWoS8t9d4,1,1,GZ8aazA6BNZTCavGv,2023-04-07T06:29:08Z
379.0,379,eDeiGssDkxHJD3Qg5,4,4,GZ8aazA6BNZTCavGv,2023-04-07T06:29:08Z
380.0,380,gFbocmdB7s8nmFpxY,9.0,9,6ajytPzuhkXsxBxQH,2023-04-07T06:29:08Z
381.0,381,YLevqNyf2Z8axYPuT,2.0,2,6ajytPzuhkXsxBxQH,2023-04-07T06:29:08Z
383.0,383,6f97iJZi6FaRqkTcv,11.0,11,6ajytPzuhkXsxBxQH,2023-04-07T06:29:08Z
384.0,384,ikbKGHqdpbCeZKTBE,3.0,3,6ajytPzuhkXsxBxQH,2023-04-07T06:29:08Z
385.0,385,ju2yFE8WgcK3DLcTD,5.0,5,6ajytPzuhkXsxBxQH,2023-04-07T06:29:08Z
386.0,386,ZLAqWfw4GLJDnJsWu,8.0,8,6ajytPzuhkXsxBxQH,2023-04-07T06:29:08Z
387.0,387,wKi8dRKMiJFMuiTot,6.0,6,6ajytPzuhkXsxBxQH,2023-04-07T06:29:08Z
388.0,388,9tdSTzasRMptKppC2,7.0,7,6ajytPzuhkXsxBxQH,2023-04-07T06:29:08Z
389.0,389,jmKmXCHgq6dyePe5L,4.0,4,6ajytPzuhkXsxBxQH,2023-04-07T06:29:08Z
390.0,390,BsWq8eY6LcbdKmLwh,10.0,10,6ajytPzuhkXsxBxQH,2023-04-07T06:29:08Z
391.0,391,apvSNcjjX5gyAQCHA,1.0,1,6ajytPzuhkXsxBxQH,2023-04-07T06:29:08Z
393.0,393,kMjD2PdRtqaYfSPEE,14.0,14,6ajytPzuhkXsxBxQH,2023-04-07T06:29:08Z
395.0,395,9uQGGStLstnmjuFF4,13.0,13,6ajytPzuhkXsxBxQH,2023-04-07T06:29:08Z
396.0,396,qE3naRNiifcWRLdvd,3,3,s2PshR5EpqTmgP3AM,2023-04-07T06:29:08Z
397.0,397,yDANp3XSeZnuTguAN,2,2,s2PshR5EpqTmgP3AM,2023-04-07T06:29:08Z
398.0,398,wpswrATWbYXsEZFEX,1,1,s2PshR5EpqTmgP3AM,2023-04-07T06:29:08Z
399.0,399,A7aDdZSwabrcCkPky,4,4,s2PshR5EpqTmgP3AM,2023-04-07T06:29:08Z
400.0,400,9eoTjJEK8pQFEFqPo,4.0,4,JGWebFJC6Ha5JXvv4,2023-04-07T06:29:08Z
401.0,401,Q3b4WART9Wq5boZB9,2.0,2,JGWebFJC6Ha5JXvv4,2023-04-07T06:29:08Z
402.0,402,QExvKj6f2nFprf5fN,1.0,1,JGWebFJC6Ha5JXvv4,2023-04-07T06:29:08Z
403.0,403,QmZyALw37B4tembBz,3.0,3,JGWebFJC6Ha5JXvv4,2023-04-07T06:29:08Z
404.0,404,aranQzTnLShm7tX9C,5.0,5,JGWebFJC6Ha5JXvv4,2023-04-07T06:29:08Z
405.0,405,HEthudZ76hQv4meJi,6.0,6,JGWebFJC6Ha5JXvv4,2023-04-07T06:29:08Z
406.0,406,kHyMYojMS6ua43Gti,45,45,nvwTXvCbqKpoqtwyM,2023-04-07T06:29:08Z
407.0,407,sC7xoqmzp9kXf82GD,45,45,XJQkHcz5i2otEh5iY,2023-04-07T06:29:08Z
408.0,408,NCtZsfzPCBBQJFjRj,45,45,pnqRp2Hx2sQr2SADa,2023-04-07T06:29:08Z
409.0,409,v8FH3Svr5DjC3Fg6K,1.1,1.1,f8TPaJf7NMat3M9Fh,2023-04-07T06:29:08Z
410.0,410,9oYwsjPEwHZsYGKsC,1.7,1.7,f8TPaJf7NMat3M9Fh,2023-04-07T06:29:08Z
411.0,411,p4oBnnt77T4CiWG8R,0.2,0.2,f8TPaJf7NMat3M9Fh,2023-04-07T06:29:08Z
412.0,412,R6PenHDi6jMwWTYPf,2.3,2.3,f8TPaJf7NMat3M9Fh,2023-04-07T06:29:08Z
413.0,413,AHCNoSbxTgDHu8LAc,0.8,0.8,f8TPaJf7NMat3M9Fh,2023-04-07T06:29:08Z
414.0,414,5xTRiK79kFFLb8gjC,3.0,3,f8TPaJf7NMat3M9Fh,2023-04-07T06:29:08Z
415.0,415,vvYJc5Avz3y7ohnfH,1.3,1.3,f8TPaJf7NMat3M9Fh,2023-04-07T06:29:08Z
416.0,416,HQZwGQXGTKbpnYC7w,2.1,2.1,f8TPaJf7NMat3M9Fh,2023-04-07T06:29:08Z
417.0,417,B9fxJm75dJ9ZxSfpr,0.4,0.4,f8TPaJf7NMat3M9Fh,2023-04-07T06:29:08Z
418.0,418,fEk3yTqeFcpZsdHin,2.6,2.6,f8TPaJf7NMat3M9Fh,2023-04-07T06:29:08Z
419.0,419,GkcdqicwxwuW639Pm,1.0,1,f8TPaJf7NMat3M9Fh,2023-04-07T06:29:08Z
420.0,420,2WYLvSJWcBvBSHfBp,1.4,1.4,f8TPaJf7NMat3M9Fh,2023-04-07T06:29:08Z
421.0,421,ipeonTKNzcJhWCpjJ,0.5,0.5,f8TPaJf7NMat3M9Fh,2023-04-07T06:29:08Z
422.0,422,Lt8PSdTCZX2BacQ9N,2.7,2.7,f8TPaJf7NMat3M9Fh,2023-04-07T06:29:08Z
423.0,423,y9SCeeRHRfXGNxqXA,0.6,0.6,f8TPaJf7NMat3M9Fh,2023-04-07T06:29:08Z
424.0,424,gZECbniAhFQv85Duo,2.8,2.8,f8TPaJf7NMat3M9Fh,2023-04-07T06:29:08Z
425.0,425,R2CGTTAxdwpcGr8WW,1.5,1.5,f8TPaJf7NMat3M9Fh,2023-04-07T06:29:08Z
426.0,426,4SS9BKyH75pPLNnLm,2.2,2.2,f8TPaJf7NMat3M9Fh,2023-04-07T06:29:08Z
427.0,427,kKd3NYZxCmxDiRpDx,1.6,1.6,f8TPaJf7NMat3M9Fh,2023-04-07T06:29:08Z
428.0,428,Rqp5nRDuPmXbikRcc,0.3,0.3,f8TPaJf7NMat3M9Fh,2023-04-07T06:29:08Z
429.0,429,z7aF8YXRXZ7NabkA6,2.5,2.5,f8TPaJf7NMat3M9Fh,2023-04-07T06:29:08Z
430.0,430,FDvqD3orgxNHABtHW,1.2,1.2,f8TPaJf7NMat3M9Fh,2023-04-07T06:29:08Z
431.0,431,rP83P5b4nTN2uvftJ,1.9,1.9,f8TPaJf7NMat3M9Fh,2023-04-07T06:29:08Z
432.0,432,8MovLJrsaAMLyYTyj,0.7,0.7,f8TPaJf7NMat3M9Fh,2023-04-07T06:29:08Z
434.0,434,Zudmpz9yaxD8gx9F8,0.1,0.1,f8TPaJf7NMat3M9Fh,2023-04-07T06:29:08Z
435.0,435,wTjdsYWwqyyWEt62c,1.8,1.8,f8TPaJf7NMat3M9Fh,2023-04-07T06:29:08Z
436.0,436,ty45km6eRfgYFDqxG,2.0,2,f8TPaJf7NMat3M9Fh,2023-04-07T06:29:08Z
437.0,437,RTurEsxj2kCz6uWEW,2.9,2.9,f8TPaJf7NMat3M9Fh,2023-04-07T06:29:08Z
438.0,438,FtgfjCY6XYi4nh8J2,0.9,0.9,f8TPaJf7NMat3M9Fh,2023-04-07T06:29:08Z
439.0,439,sMPJAoPf2ESG2KMDh,300,300,RWjFfH3kiu7X2yg4d,2023-04-07T06:29:08Z
440.0,0,yu7Zp9jKruR7BKTPT,true,true,j6JAP3reS9Xh8Zd5y,2024-05-13T05:54:47Z
441.0,1,QasoTNtgtzuTHiKum,false,false,j6JAP3reS9Xh8Zd5y,2024-05-13T05:54:47Z
442.0,2,diTDo6h8uRpNBEaeX,true,true,ZTsaeZvqkjT2TiZbd,2024-05-13T05:54:47Z
443.0,3,Gf2rsAsiijB3sWmWi,false,false,ZTsaeZvqkjT2TiZbd,2024-05-13T05:54:47Z
444.0,4,5QYpet6vpK3LPAaL8,true,true,NKE63qnTH4qQ5fJz2,2024-05-13T05:54:47Z
445.0,5,pA4RxjoihHGHKLmKB,false,false,NKE63qnTH4qQ5fJz2,2024-05-13T05:54:47Z
446.0,6,mc2EEXJLJR52sxJXo,true,true,AqeXKPY3FNoEDEsEm,2024-05-13T05:54:48Z
447.0,7,LdG9jqwrXBWmnyAC2,false,false,AqeXKPY3FNoEDEsEm,2024-05-13T05:54:48Z
448.0,8,ukFwHCGEuCZGCriC2,true,true,yTMk8ugg3WfuP69Tn,2024-05-13T05:54:48Z
449.0,9,cjjc8LNuiMtjPDZyR,false,false,yTMk8ugg3WfuP69Tn,2024-05-13T05:54:48Z
450.0,10,wfZtfwHXaR2S5FuCH,true,true,X3GEcDHZeybCyTiXK,2024-05-13T05:54:48Z
451.0,11,ee4hw3a5AEA9yNzWK,false,false,X3GEcDHZeybCyTiXK,2024-05-13T05:54:48Z
452.0,12,jPfopjPQZjZQPWsrR,true,true,Yn6ADxWDAjn7wdbfN,2024-05-13T05:54:48Z
454.0,14,tWHFXmybzjtykXWxu,true,true,68euTNrndetTaGoks,2024-05-13T05:54:48Z
457.0,17,tmAzc7qrW2Nh2dpfM,15,15,Zg4CcdLAwA8QkGLLX,2024-05-13T05:54:48Z
458.0,18,ytiyL6m5rwLJbMA62,16,16,Zg4CcdLAwA8QkGLLX,2024-05-13T05:54:48Z
460.0,20,a4jAogPFsQ59GaMyG,8,8,Zg4CcdLAwA8QkGLLX,2024-05-13T05:54:49Z
461.0,21,Z64Qx29Ybwem9LKpG,18,18,Zg4CcdLAwA8QkGLLX,2024-05-13T05:54:49Z
462.0,22,KmRLZECTmHmyiuF58,13,13,Zg4CcdLAwA8QkGLLX,2024-05-13T05:54:49Z
463.0,23,fZZkkSpjywT5afBZ5,5,5,Zg4CcdLAwA8QkGLLX,2024-05-13T05:54:49Z
464.0,24,7Whir7GhcgY74MGHs,6,6,Zg4CcdLAwA8QkGLLX,2024-05-13T05:54:49Z
465.0,25,wXcvuHxTAFhmP4Nbx,11,11,Zg4CcdLAwA8QkGLLX,2024-05-13T05:54:49Z
467.0,27,PYEiB4RpsxYPLrW4z,7,7,Zg4CcdLAwA8QkGLLX,2024-05-13T05:54:49Z
468.0,28,kSChbxsrXLJwC7Yqf,4,4,Zg4CcdLAwA8QkGLLX,2024-05-13T05:54:49Z
469.0,29,4FZdgYmXg6qJsRP5p,14,14,Zg4CcdLAwA8QkGLLX,2024-05-13T05:54:49Z
470.0,30,jRKrQpNS8ez5bvrve,17,17,Zg4CcdLAwA8QkGLLX,2024-05-13T05:54:49Z
471.0,31,Mp7q78Q55FDWZoqzY,9,9,Zg4CcdLAwA8QkGLLX,2024-05-13T05:54:49Z
472.0,32,pgLiaBzxyfDFhSMbL,19,19,Zg4CcdLAwA8QkGLLX,2024-05-13T05:54:49Z
473.0,33,K5mc7p3k7ZQkekeRg,12,12,Zg4CcdLAwA8QkGLLX,2024-05-13T05:54:49Z
474.0,34,mF9qszSMjj7bQh8HL,2,2,Zg4CcdLAwA8QkGLLX,2024-05-13T05:54:49Z
475.0,35,gL8msKqE5w3wjSLdC,11,11,3HCJ58w4gmzonQ8Hv,2024-05-13T05:54:49Z
476.0,36,9iWxa7fEMDzztq9Xv,17,17,3HCJ58w4gmzonQ8Hv,2024-05-13T05:54:49Z
477.0,37,4FeQcgPCfhv54Dp7G,2,2,3HCJ58w4gmzonQ8Hv,2024-05-13T05:54:50Z
478.0,38,m6RkBWMjLKE4kceyr,23,23,3HCJ58w4gmzonQ8Hv,2024-05-13T05:54:50Z
479.0,39,ToYLz5MjyGP6PabGv,8,8,3HCJ58w4gmzonQ8Hv,2024-05-13T05:54:50Z
480.0,40,fs4RFvxDmTiybFa2o,30,30,3HCJ58w4gmzonQ8Hv,2024-05-13T05:54:50Z
481.0,41,xLTwvrJgHR6gftQeH,13,13,3HCJ58w4gmzonQ8Hv,2024-05-13T05:54:50Z
482.0,42,mzoGt6hi75Bk8ZwEF,21,21,3HCJ58w4gmzonQ8Hv,2024-05-13T05:54:50Z
483.0,43,Bdi2YcZpJ5LxLy525,4,4,3HCJ58w4gmzonQ8Hv,2024-05-13T05:54:50Z
484.0,44,RxhyH5pPakEYKHdXB,26,26,3HCJ58w4gmzonQ8Hv,2024-05-13T05:54:50Z
485.0,45,yjsgExBJP8LjiSjmj,10,10,3HCJ58w4gmzonQ8Hv,2024-05-13T05:54:50Z
486.0,46,CGqDN2784T9mQdNXS,14,14,3HCJ58w4gmzonQ8Hv,2024-05-13T05:54:50Z
487.0,47,6RvccaqyxZErPkimm,5,5,3HCJ58w4gmzonQ8Hv,2024-05-13T05:54:50Z
488.0,48,RzmMaSp2bGqWRmNdN,27,27,3HCJ58w4gmzonQ8Hv,2024-05-13T05:54:50Z
489.0,49,qzDMpt68sycpCGLPi,6,6,3HCJ58w4gmzonQ8Hv,2024-05-13T05:54:50Z
490.0,50,ybSKby3WB4y2qsCR9,28,28,3HCJ58w4gmzonQ8Hv,2024-05-13T05:54:50Z
491.0,51,tZN7g2rGFk5hMPgEk,15,15,3HCJ58w4gmzonQ8Hv,2024-05-13T05:54:50Z
492.0,52,S4hJvtGqBPPgKoAHD,22,22,3HCJ58w4gmzonQ8Hv,2024-05-13T05:54:50Z
493.0,53,NvoGm4GJHC4nH25FK,16,16,3HCJ58w4gmzonQ8Hv,2024-05-13T05:54:50Z
494.0,54,gwZwAkxCebrjW5vvJ,3,3,3HCJ58w4gmzonQ8Hv,2024-05-13T05:54:51Z
495.0,55,xvoAssbs5EdrKdicq,25,25,3HCJ58w4gmzonQ8Hv,2024-05-13T05:54:51Z
496.0,56,W2bNYnBkR7aikaFAr,12,12,3HCJ58w4gmzonQ8Hv,2024-05-13T05:54:51Z
497.0,57,DLxXa6pNueiyrrXBy,19,19,3HCJ58w4gmzonQ8Hv,2024-05-13T05:54:51Z
498.0,58,H6KJmgKcm8HY2GQA5,7,7,3HCJ58w4gmzonQ8Hv,2024-05-13T05:54:51Z
500.0,60,k6qXJP3YSbkPqTuJk,1,1,3HCJ58w4gmzonQ8Hv,2024-05-13T05:54:51Z
501.0,61,CXTz2DnyQmnEYrFHM,18,18,3HCJ58w4gmzonQ8Hv,2024-05-13T05:54:51Z
502.0,62,XsXytxstWMh9zNwGf,20,20,3HCJ58w4gmzonQ8Hv,2024-05-13T05:54:51Z
503.0,63,Wzdhfheg5FtmZLmwT,29,29,3HCJ58w4gmzonQ8Hv,2024-05-13T05:54:51Z
504.0,64,kRKNfc9Roihxt4KXs,9,9,3HCJ58w4gmzonQ8Hv,2024-05-13T05:54:51Z
505.0,65,XZPFRPGauAtdBbj9Z,20,20,Q4CpiNGcyDJcGosLw,2024-05-13T05:54:51Z
506.0,66,PAbrjXhwHFeKZu9BX,1.5,1.5,tEKdjpZue8XbkYzQb,2024-05-13T05:54:51Z
508.0,68,mPvPce9ZzZokdTMg6,2.0,2,tEKdjpZue8XbkYzQb,2024-05-13T05:54:51Z
510.0,70,D4iR2JbvyRYtQKJQp,4.7,4.7,tEKdjpZue8XbkYzQb,2024-05-13T05:54:51Z
513.0,73,yX496dPB46YvWxJjd,1.8,1.8,tEKdjpZue8XbkYzQb,2024-05-13T05:54:52Z
515.0,75,StM7fPbHwxX2YmaXN,5.0,5,tEKdjpZue8XbkYzQb,2024-05-13T05:54:52Z
516.0,76,MyWfhqRQdkL87XgRN,3.8,3.8,tEKdjpZue8XbkYzQb,2024-05-13T05:54:52Z
519.0,79,Nf7NCmrEZBEXJqSfh,9.0,9,tEKdjpZue8XbkYzQb,2024-05-13T05:54:52Z
521.0,81,kKkuYwqfo5y58fdiS,2.2,2.2,tEKdjpZue8XbkYzQb,2024-05-13T05:54:52Z
522.0,82,GmsmMb2tRRnLikx4A,4.2,4.2,tEKdjpZue8XbkYzQb,2024-05-13T05:54:52Z
524.0,84,wQ64YwJ7dkm3SWnmq,1.3,1.3,tEKdjpZue8XbkYzQb,2024-05-13T05:54:52Z
526.0,86,qidhQEwEQfTKscP3K,4.3,4.3,tEKdjpZue8XbkYzQb,2024-05-13T05:54:52Z
527.0,87,w4A4cjyCwNEh2coLX,2.7,2.7,tEKdjpZue8XbkYzQb,2024-05-13T05:54:52Z
528.0,88,eWNoso9T6fp8YQijG,8.2,8.2,tEKdjpZue8XbkYzQb,2024-05-13T05:54:52Z
531.0,91,9aT63Z2AKzS4AQ7Qe,2.5,2.5,tEKdjpZue8XbkYzQb,2024-05-13T05:54:53Z
532.0,92,8h82abfBLtAz4Revw,1.2,1.2,tEKdjpZue8XbkYzQb,2024-05-13T05:54:53Z
535.0,95,mex83wbsf9Tv32Dsg,10.0,10,tEKdjpZue8XbkYzQb,2024-05-13T05:54:53Z
536.0,96,EaFz8qLHhLT2eKnSc,3.9,3.9,tEKdjpZue8XbkYzQb,2024-05-13T05:54:53Z
537.0,97,texkWsnS9mjnWwsGi,2.6,2.6,tEKdjpZue8XbkYzQb,2024-05-13T05:54:53Z
539.0,99,TqeYLPpi8TGhTMckH,1.9,1.9,tEKdjpZue8XbkYzQb,2024-05-13T05:54:53Z
540.0,100,gXxhzkGBEgDQKBNes,10.2,10.2,tEKdjpZue8XbkYzQb,2024-05-13T05:54:53Z
541.0,101,qgPehoFTuYi7STBGQ,3.2,3.2,tEKdjpZue8XbkYzQb,2024-05-13T05:54:53Z
546.0,106,mvGPyw4pY3hCXiksx,5.1,5.1,tEKdjpZue8XbkYzQb,2024-05-13T05:54:54Z
548.0,108,uKZiypxyCRoeMXbTr,8.9,8.9,tEKdjpZue8XbkYzQb,2024-05-13T05:54:54Z
550.0,110,kqEaavDoiabBF3fSc,1.1,1.1,tEKdjpZue8XbkYzQb,2024-05-13T05:54:54Z
551.0,111,kzf3TSZW4aTHR3yi3,7.3,7.3,tEKdjpZue8XbkYzQb,2024-05-13T05:54:54Z
552.0,112,ku4Exmf8mrnZRBD69,2.3,2.3,tEKdjpZue8XbkYzQb,2024-05-13T05:54:54Z
554.0,114,av4LHzFmd37zqxdgX,2.4,2.4,tEKdjpZue8XbkYzQb,2024-05-13T05:54:54Z
555.0,115,huZ7wEDsMpzgffjy6,3.1,3.1,tEKdjpZue8XbkYzQb,2024-05-13T05:54:54Z
557.0,117,6yCNYt4LhedcEke2r,1.7,1.7,tEKdjpZue8XbkYzQb,2024-05-13T05:54:54Z
558.0,118,hnPYsnYAAjgadKEyr,10.7,10.7,tEKdjpZue8XbkYzQb,2024-05-13T05:54:54Z
559.0,119,6mgqMwmn9BEMA9scm,5.3,5.3,tEKdjpZue8XbkYzQb,2024-05-13T05:54:54Z
561.0,121,GDaN3cMRiiNm4QnDH,4.9,4.9,tEKdjpZue8XbkYzQb,2024-05-13T05:54:54Z
562.0,122,JJwWPaTS9wZsNFuDY,6.1,6.1,tEKdjpZue8XbkYzQb,2024-05-13T05:54:54Z
564.0,124,RyvbQoFpz6uNdL8tr,5.5,5.5,tEKdjpZue8XbkYzQb,2024-05-13T05:54:55Z
565.0,125,9hCSkc64agtidYJ2n,6.2,6.2,tEKdjpZue8XbkYzQb,2024-05-13T05:54:55Z
568.0,128,gi54g8zakiqBpCuEo,7.4,7.4,tEKdjpZue8XbkYzQb,2024-05-13T05:54:55Z
570.0,130,errguwP5Ztwpi2BNh,5.9,5.9,tEKdjpZue8XbkYzQb,2024-05-13T05:54:55Z
571.0,131,vu2qvscD9RgWMf9wv,8.7,8.7,tEKdjpZue8XbkYzQb,2024-05-13T05:54:55Z
576.0,136,NZiDZjpNgFpXgfKKd,4.0,4,tEKdjpZue8XbkYzQb,2024-05-13T05:54:55Z
577.0,137,gPoLPiseXwFb8HWpc,7.8,7.8,tEKdjpZue8XbkYzQb,2024-05-13T05:54:55Z
579.0,139,gs2ua3pEwQ66mKzJ3,7.5,7.5,tEKdjpZue8XbkYzQb,2024-05-13T05:54:55Z
582.0,142,rHq65g8ZCRrNJxTiK,2.9,2.9,tEKdjpZue8XbkYzQb,2024-05-13T05:54:56Z
583.0,143,gJRedPFPwgzd9hxzh,1.4,1.4,tEKdjpZue8XbkYzQb,2024-05-13T05:54:56Z
586.0,146,nC4qsgTFo5B9PfBqR,7.9,7.9,tEKdjpZue8XbkYzQb,2024-05-13T05:54:56Z
594.0,154,By5GmWeEvBswisLeu,0,0,GHfMB6rnec6bRbcg5,2024-05-13T05:54:56Z
595.0,155,AvEQrn8TuAfcZ2nAa,1,1,GHfMB6rnec6bRbcg5,2024-05-13T05:54:56Z
596.0,156,XisFJ9opqmAsBxve2,3,3,GZ8aazA6BNZTCavGv,2024-05-13T05:54:56Z
597.0,157,ujf8hgK5vs3NFg9PL,2,2,GZ8aazA6BNZTCavGv,2024-05-13T05:54:57Z
598.0,158,nNN9L7cwvWoS8t9d4,1,1,GZ8aazA6BNZTCavGv,2024-05-13T05:54:57Z
599.0,159,eDeiGssDkxHJD3Qg5,4,4,GZ8aazA6BNZTCavGv,2024-05-13T05:54:57Z
600.0,160,gFbocmdB7s8nmFpxY,9.0,9,6ajytPzuhkXsxBxQH,2024-05-13T05:54:57Z
601.0,161,YLevqNyf2Z8axYPuT,2.0,2,6ajytPzuhkXsxBxQH,2024-05-13T05:54:57Z
603.0,163,6f97iJZi6FaRqkTcv,11.0,11,6ajytPzuhkXsxBxQH,2024-05-13T05:54:57Z
604.0,164,ikbKGHqdpbCeZKTBE,3.0,3,6ajytPzuhkXsxBxQH,2024-05-13T05:54:57Z
605.0,165,ju2yFE8WgcK3DLcTD,5.0,5,6ajytPzuhkXsxBxQH,2024-05-13T05:54:57Z
606.0,166,ZLAqWfw4GLJDnJsWu,8.0,8,6ajytPzuhkXsxBxQH,2024-05-13T05:54:57Z
607.0,167,wKi8dRKMiJFMuiTot,6.0,6,6ajytPzuhkXsxBxQH,2024-05-13T05:54:57Z
608.0,168,9tdSTzasRMptKppC2,7.0,7,6ajytPzuhkXsxBxQH,2024-05-13T05:54:57Z
609.0,169,jmKmXCHgq6dyePe5L,4.0,4,6ajytPzuhkXsxBxQH,2024-05-13T05:54:57Z
610.0,170,BsWq8eY6LcbdKmLwh,10.0,10,6ajytPzuhkXsxBxQH,2024-05-13T05:54:57Z
611.0,171,apvSNcjjX5gyAQCHA,1.0,1,6ajytPzuhkXsxBxQH,2024-05-13T05:54:57Z
613.0,173,kMjD2PdRtqaYfSPEE,14.0,14,6ajytPzuhkXsxBxQH,2024-05-13T05:54:57Z
615.0,175,9uQGGStLstnmjuFF4,13.0,13,6ajytPzuhkXsxBxQH,2024-05-13T05:54:58Z
616.0,176,qE3naRNiifcWRLdvd,3,3,s2PshR5EpqTmgP3AM,2024-05-13T05:54:58Z
617.0,177,yDANp3XSeZnuTguAN,2,2,s2PshR5EpqTmgP3AM,2024-05-13T05:54:58Z
618.0,178,wpswrATWbYXsEZFEX,1,1,s2PshR5EpqTmgP3AM,2024-05-13T05:54:58Z
619.0,179,A7aDdZSwabrcCkPky,4,4,s2PshR5EpqTmgP3AM,2024-05-13T05:54:58Z
620.0,180,9eoTjJEK8pQFEFqPo,4.0,4,JGWebFJC6Ha5JXvv4,2024-05-13T05:54:58Z
621.0,181,Q3b4WART9Wq5boZB9,2.0,2,JGWebFJC6Ha5JXvv4,2024-05-13T05:54:58Z
622.0,182,QExvKj6f2nFprf5fN,1.0,1,JGWebFJC6Ha5JXvv4,2024-05-13T05:54:58Z
623.0,183,QmZyALw37B4tembBz,3.0,3,JGWebFJC6Ha5JXvv4,2024-05-13T05:54:58Z
624.0,184,aranQzTnLShm7tX9C,5.0,5,JGWebFJC6Ha5JXvv4,2024-05-13T05:54:58Z
625.0,185,HEthudZ76hQv4meJi,6.0,6,JGWebFJC6Ha5JXvv4,2024-05-13T05:54:58Z
626.0,186,kHyMYojMS6ua43Gti,45,45,nvwTXvCbqKpoqtwyM,2024-05-13T05:54:58Z
627.0,187,sC7xoqmzp9kXf82GD,45,45,XJQkHcz5i2otEh5iY,2024-05-13T05:54:58Z
628.0,188,NCtZsfzPCBBQJFjRj,45,45,pnqRp2Hx2sQr2SADa,2024-05-13T05:54:59Z
629.0,189,v8FH3Svr5DjC3Fg6K,1.1,1.1,f8TPaJf7NMat3M9Fh,2024-05-13T05:54:59Z
630.0,190,9oYwsjPEwHZsYGKsC,1.7,1.7,f8TPaJf7NMat3M9Fh,2024-05-13T05:54:59Z
631.0,191,p4oBnnt77T4CiWG8R,0.2,0.2,f8TPaJf7NMat3M9Fh,2024-05-13T05:54:59Z
632.0,192,R6PenHDi6jMwWTYPf,2.3,2.3,f8TPaJf7NMat3M9Fh,2024-05-13T05:54:59Z
633.0,193,AHCNoSbxTgDHu8LAc,0.8,0.8,f8TPaJf7NMat3M9Fh,2024-05-13T05:54:59Z
634.0,194,5xTRiK79kFFLb8gjC,3.0,3,f8TPaJf7NMat3M9Fh,2024-05-13T05:54:59Z
635.0,195,vvYJc5Avz3y7ohnfH,1.3,1.3,f8TPaJf7NMat3M9Fh,2024-05-13T05:54:59Z
636.0,196,HQZwGQXGTKbpnYC7w,2.1,2.1,f8TPaJf7NMat3M9Fh,2024-05-13T05:54:59Z
637.0,197,B9fxJm75dJ9ZxSfpr,0.4,0.4,f8TPaJf7NMat3M9Fh,2024-05-13T05:54:59Z
638.0,198,fEk3yTqeFcpZsdHin,2.6,2.6,f8TPaJf7NMat3M9Fh,2024-05-13T05:54:59Z
639.0,199,GkcdqicwxwuW639Pm,1.0,1,f8TPaJf7NMat3M9Fh,2024-05-13T05:54:59Z
640.0,200,2WYLvSJWcBvBSHfBp,1.4,1.4,f8TPaJf7NMat3M9Fh,2024-05-13T05:54:59Z
641.0,201,ipeonTKNzcJhWCpjJ,0.5,0.5,f8TPaJf7NMat3M9Fh,2024-05-13T05:54:59Z
642.0,202,Lt8PSdTCZX2BacQ9N,2.7,2.7,f8TPaJf7NMat3M9Fh,2024-05-13T05:54:59Z
643.0,203,y9SCeeRHRfXGNxqXA,0.6,0.6,f8TPaJf7NMat3M9Fh,2024-05-13T05:54:59Z
644.0,204,gZECbniAhFQv85Duo,2.8,2.8,f8TPaJf7NMat3M9Fh,2024-05-13T05:54:59Z
645.0,205,R2CGTTAxdwpcGr8WW,1.5,1.5,f8TPaJf7NMat3M9Fh,2024-05-13T05:55:00Z
646.0,206,4SS9BKyH75pPLNnLm,2.2,2.2,f8TPaJf7NMat3M9Fh,2024-05-13T05:55:00Z
647.0,207,kKd3NYZxCmxDiRpDx,1.6,1.6,f8TPaJf7NMat3M9Fh,2024-05-13T05:55:00Z
648.0,208,Rqp5nRDuPmXbikRcc,0.3,0.3,f8TPaJf7NMat3M9Fh,2024-05-13T05:55:00Z
649.0,209,z7aF8YXRXZ7NabkA6,2.5,2.5,f8TPaJf7NMat3M9Fh,2024-05-13T05:55:00Z
650.0,210,FDvqD3orgxNHABtHW,1.2,1.2,f8TPaJf7NMat3M9Fh,2024-05-13T05:55:00Z
651.0,211,rP83P5b4nTN2uvftJ,1.9,1.9,f8TPaJf7NMat3M9Fh,2024-05-13T05:55:00Z
652.0,212,8MovLJrsaAMLyYTyj,0.7,0.7,f8TPaJf7NMat3M9Fh,2024-05-13T05:55:00Z
654.0,214,Zudmpz9yaxD8gx9F8,0.1,0.1,f8TPaJf7NMat3M9Fh,2024-05-13T05:55:00Z
655.0,215,wTjdsYWwqyyWEt62c,1.8,1.8,f8TPaJf7NMat3M9Fh,2024-05-13T05:55:00Z
656.0,216,ty45km6eRfgYFDqxG,2.0,2,f8TPaJf7NMat3M9Fh,2024-05-13T05:55:00Z
657.0,217,RTurEsxj2kCz6uWEW,2.9,2.9,f8TPaJf7NMat3M9Fh,2024-05-13T05:55:00Z
658.0,218,FtgfjCY6XYi4nh8J2,0.9,0.9,f8TPaJf7NMat3M9Fh,2024-05-13T05:55:00Z
659.0,219,sMPJAoPf2ESG2KMDh,300,300,RWjFfH3kiu7X2yg4d,2024-05-13T05:55:00Z
660.0,220,d7EGh2MxQsQvbWHJi,true,true,j6JAP3reS9Xh8Zd5y,2024-05-13T05:54:56Z
661.0,221,FYETzXbiiri4W59uw,false,false,j6JAP3reS9Xh8Zd5y,2024-05-13T05:54:56Z
662.0,222,A2P7v72iGGZiWoDj4,true,true,ZTsaeZvqkjT2TiZbd,2024-05-13T05:54:57Z
663.0,223,CKxbwn6YtL2bBqHZd,false,false,ZTsaeZvqkjT2TiZbd,2024-05-13T05:54:57Z
664.0,224,cSyctmvANxCLRzEJY,true,true,NKE63qnTH4qQ5fJz2,2024-05-13T05:54:57Z
665.0,225,FiNMpyPZPAQq5jJ2H,false,false,NKE63qnTH4qQ5fJz2,2024-05-13T05:54:57Z
666.0,226,ScN8pSiKcudeydzQG,true,true,AqeXKPY3FNoEDEsEm,2024-05-13T05:54:57Z
667.0,227,2tEqFpAQjHeavRYRs,false,false,AqeXKPY3FNoEDEsEm,2024-05-13T05:54:57Z
669.0,229,pcfgXF9Wd7G2NarST,false,false,yTMk8ugg3WfuP69Tn,2024-05-13T05:54:57Z
670.0,230,xs9fn32cH74eFFyba,true,true,X3GEcDHZeybCyTiXK,2024-05-13T05:54:57Z
671.0,231,pNK9SNt5idqHHxYQ3,false,false,X3GEcDHZeybCyTiXK,2024-05-13T05:54:57Z
672.0,232,tDThCWi9JQYy7WaHD,true,true,Yn6ADxWDAjn7wdbfN,2024-05-13T05:54:57Z
674.0,234,Nrf8WTedeB5QwTx48,true,true,68euTNrndetTaGoks,2024-05-13T05:54:57Z
677.0,237,tmAzc7qrW2Nh2dpfM,15,15,DmXhDdtFe7fKQ96Jn,2024-05-13T05:54:58Z
678.0,238,ytiyL6m5rwLJbMA62,16,16,DmXhDdtFe7fKQ96Jn,2024-05-13T05:54:58Z
680.0,240,a4jAogPFsQ59GaMyG,8,8,DmXhDdtFe7fKQ96Jn,2024-05-13T05:54:58Z
681.0,241,Z64Qx29Ybwem9LKpG,18,18,DmXhDdtFe7fKQ96Jn,2024-05-13T05:54:58Z
682.0,242,KmRLZECTmHmyiuF58,13,13,DmXhDdtFe7fKQ96Jn,2024-05-13T05:54:58Z
683.0,243,fZZkkSpjywT5afBZ5,5,5,DmXhDdtFe7fKQ96Jn,2024-05-13T05:54:58Z
684.0,244,7Whir7GhcgY74MGHs,6,6,DmXhDdtFe7fKQ96Jn,2024-05-13T05:54:58Z
685.0,245,wXcvuHxTAFhmP4Nbx,11,11,DmXhDdtFe7fKQ96Jn,2024-05-13T05:54:58Z
687.0,247,PYEiB4RpsxYPLrW4z,7,7,DmXhDdtFe7fKQ96Jn,2024-05-13T05:54:58Z
688.0,248,kSChbxsrXLJwC7Yqf,4,4,DmXhDdtFe7fKQ96Jn,2024-05-13T05:54:58Z
689.0,249,4FZdgYmXg6qJsRP5p,14,14,DmXhDdtFe7fKQ96Jn,2024-05-13T05:54:58Z
690.0,250,jRKrQpNS8ez5bvrve,17,17,DmXhDdtFe7fKQ96Jn,2024-05-13T05:54:58Z
691.0,251,Mp7q78Q55FDWZoqzY,9,9,DmXhDdtFe7fKQ96Jn,2024-05-13T05:54:58Z
692.0,252,pgLiaBzxyfDFhSMbL,19,19,DmXhDdtFe7fKQ96Jn,2024-05-13T05:54:58Z
693.0,253,K5mc7p3k7ZQkekeRg,12,12,DmXhDdtFe7fKQ96Jn,2024-05-13T05:54:58Z
694.0,254,mF9qszSMjj7bQh8HL,2,2,DmXhDdtFe7fKQ96Jn,2024-05-13T05:54:59Z
695.0,255,gL8msKqE5w3wjSLdC,11,11,3HCJ58w4gmzonQ8Hv,2024-05-13T05:54:59Z
696.0,256,9iWxa7fEMDzztq9Xv,17,17,3HCJ58w4gmzonQ8Hv,2024-05-13T05:54:59Z
697.0,257,4FeQcgPCfhv54Dp7G,2,2,3HCJ58w4gmzonQ8Hv,2024-05-13T05:54:59Z
698.0,258,m6RkBWMjLKE4kceyr,23,23,3HCJ58w4gmzonQ8Hv,2024-05-13T05:54:59Z
699.0,259,ToYLz5MjyGP6PabGv,8,8,3HCJ58w4gmzonQ8Hv,2024-05-13T05:54:59Z
700.0,260,fs4RFvxDmTiybFa2o,30,30,3HCJ58w4gmzonQ8Hv,2024-05-13T05:54:59Z
701.0,261,xLTwvrJgHR6gftQeH,13,13,3HCJ58w4gmzonQ8Hv,2024-05-13T05:54:59Z
702.0,262,mzoGt6hi75Bk8ZwEF,21,21,3HCJ58w4gmzonQ8Hv,2024-05-13T05:54:59Z
703.0,263,Bdi2YcZpJ5LxLy525,4,4,3HCJ58w4gmzonQ8Hv,2024-05-13T05:54:59Z
704.0,264,RxhyH5pPakEYKHdXB,26,26,3HCJ58w4gmzonQ8Hv,2024-05-13T05:54:59Z
705.0,265,yjsgExBJP8LjiSjmj,10,10,3HCJ58w4gmzonQ8Hv,2024-05-13T05:54:59Z
706.0,266,CGqDN2784T9mQdNXS,14,14,3HCJ58w4gmzonQ8Hv,2024-05-13T05:54:59Z
707.0,267,6RvccaqyxZErPkimm,5,5,3HCJ58w4gmzonQ8Hv,2024-05-13T05:54:59Z
708.0,268,RzmMaSp2bGqWRmNdN,27,27,3HCJ58w4gmzonQ8Hv,2024-05-13T05:54:59Z
709.0,269,qzDMpt68sycpCGLPi,6,6,3HCJ58w4gmzonQ8Hv,2024-05-13T05:54:59Z
710.0,270,ybSKby3WB4y2qsCR9,28,28,3HCJ58w4gmzonQ8Hv,2024-05-13T05:54:59Z
711.0,271,tZN7g2rGFk5hMPgEk,15,15,3HCJ58w4gmzonQ8Hv,2024-05-13T05:54:59Z
712.0,272,S4hJvtGqBPPgKoAHD,22,22,3HCJ58w4gmzonQ8Hv,2024-05-13T05:55:00Z
713.0,273,NvoGm4GJHC4nH25FK,16,16,3HCJ58w4gmzonQ8Hv,2024-05-13T05:55:00Z
714.0,274,gwZwAkxCebrjW5vvJ,3,3,3HCJ58w4gmzonQ8Hv,2024-05-13T05:55:00Z
715.0,275,xvoAssbs5EdrKdicq,25,25,3HCJ58w4gmzonQ8Hv,2024-05-13T05:55:00Z
716.0,276,W2bNYnBkR7aikaFAr,12,12,3HCJ58w4gmzonQ8Hv,2024-05-13T05:55:00Z
717.0,277,DLxXa6pNueiyrrXBy,19,19,3HCJ58w4gmzonQ8Hv,2024-05-13T05:55:00Z
718.0,278,H6KJmgKcm8HY2GQA5,7,7,3HCJ58w4gmzonQ8Hv,2024-05-13T05:55:00Z
720.0,280,k6qXJP3YSbkPqTuJk,1,1,3HCJ58w4gmzonQ8Hv,2024-05-13T05:55:00Z
721.0,281,CXTz2DnyQmnEYrFHM,18,18,3HCJ58w4gmzonQ8Hv,2024-05-13T05:55:00Z
722.0,282,XsXytxstWMh9zNwGf,20,20,3HCJ58w4gmzonQ8Hv,2024-05-13T05:55:00Z
723.0,283,Wzdhfheg5FtmZLmwT,29,29,3HCJ58w4gmzonQ8Hv,2024-05-13T05:55:00Z
724.0,284,kRKNfc9Roihxt4KXs,9,9,3HCJ58w4gmzonQ8Hv,2024-05-13T05:55:00Z
725.0,285,XZPFRPGauAtdBbj9Z,20,20,Q4CpiNGcyDJcGosLw,2024-05-13T05:55:00Z
726.0,286,PAbrjXhwHFeKZu9BX,1.5,1.5,tEKdjpZue8XbkYzQb,2024-05-13T05:55:00Z
728.0,288,mPvPce9ZzZokdTMg6,2.0,2,tEKdjpZue8XbkYzQb,2024-05-13T05:55:00Z
730.0,290,D4iR2JbvyRYtQKJQp,4.7,4.7,tEKdjpZue8XbkYzQb,2024-05-13T05:55:01Z
733.0,293,yX496dPB46YvWxJjd,1.8,1.8,tEKdjpZue8XbkYzQb,2024-05-13T05:55:01Z
735.0,295,StM7fPbHwxX2YmaXN,5.0,5,tEKdjpZue8XbkYzQb,2024-05-13T05:55:01Z
736.0,296,MyWfhqRQdkL87XgRN,3.8,3.8,tEKdjpZue8XbkYzQb,2024-05-13T05:55:01Z
739.0,299,Nf7NCmrEZBEXJqSfh,9.0,9,tEKdjpZue8XbkYzQb,2024-05-13T05:55:01Z
741.0,301,kKkuYwqfo5y58fdiS,2.2,2.2,tEKdjpZue8XbkYzQb,2024-05-13T05:55:01Z
742.0,302,GmsmMb2tRRnLikx4A,4.2,4.2,tEKdjpZue8XbkYzQb,2024-05-13T05:55:01Z
744.0,304,wQ64YwJ7dkm3SWnmq,1.3,1.3,tEKdjpZue8XbkYzQb,2024-05-13T05:55:01Z
746.0,306,qidhQEwEQfTKscP3K,4.3,4.3,tEKdjpZue8XbkYzQb,2024-05-13T05:55:01Z
747.0,307,w4A4cjyCwNEh2coLX,2.7,2.7,tEKdjpZue8XbkYzQb,2024-05-13T05:55:01Z
748.0,308,eWNoso9T6fp8YQijG,8.2,8.2,tEKdjpZue8XbkYzQb,2024-05-13T05:55:02Z
751.0,311,9aT63Z2AKzS4AQ7Qe,2.5,2.5,tEKdjpZue8XbkYzQb,2024-05-13T05:55:02Z
752.0,312,8h82abfBLtAz4Revw,1.2,1.2,tEKdjpZue8XbkYzQb,2024-05-13T05:55:02Z
755.0,315,mex83wbsf9Tv32Dsg,10.0,10,tEKdjpZue8XbkYzQb,2024-05-13T05:55:02Z
756.0,316,EaFz8qLHhLT2eKnSc,3.9,3.9,tEKdjpZue8XbkYzQb,2024-05-13T05:55:02Z
757.0,317,texkWsnS9mjnWwsGi,2.6,2.6,tEKdjpZue8XbkYzQb,2024-05-13T05:55:02Z
759.0,319,TqeYLPpi8TGhTMckH,1.9,1.9,tEKdjpZue8XbkYzQb,2024-05-13T05:55:02Z
760.0,320,gXxhzkGBEgDQKBNes,10.2,10.2,tEKdjpZue8XbkYzQb,2024-05-13T05:55:02Z
761.0,321,qgPehoFTuYi7STBGQ,3.2,3.2,tEKdjpZue8XbkYzQb,2024-05-13T05:55:02Z
766.0,326,mvGPyw4pY3hCXiksx,5.1,5.1,tEKdjpZue8XbkYzQb,2024-05-13T05:55:03Z
768.0,328,uKZiypxyCRoeMXbTr,8.9,8.9,tEKdjpZue8XbkYzQb,2024-05-13T05:55:03Z
770.0,330,kqEaavDoiabBF3fSc,1.1,1.1,tEKdjpZue8XbkYzQb,2024-05-13T05:55:03Z
771.0,331,kzf3TSZW4aTHR3yi3,7.3,7.3,tEKdjpZue8XbkYzQb,2024-05-13T05:55:03Z
772.0,332,ku4Exmf8mrnZRBD69,2.3,2.3,tEKdjpZue8XbkYzQb,2024-05-13T05:55:03Z
774.0,334,av4LHzFmd37zqxdgX,2.4,2.4,tEKdjpZue8XbkYzQb,2024-05-13T05:55:03Z
775.0,335,huZ7wEDsMpzgffjy6,3.1,3.1,tEKdjpZue8XbkYzQb,2024-05-13T05:55:03Z
777.0,337,6yCNYt4LhedcEke2r,1.7,1.7,tEKdjpZue8XbkYzQb,2024-05-13T05:55:03Z
778.0,338,hnPYsnYAAjgadKEyr,10.7,10.7,tEKdjpZue8XbkYzQb,2024-05-13T05:55:03Z
779.0,339,6mgqMwmn9BEMA9scm,5.3,5.3,tEKdjpZue8XbkYzQb,2024-05-13T05:55:03Z
781.0,341,GDaN3cMRiiNm4QnDH,4.9,4.9,tEKdjpZue8XbkYzQb,2024-05-13T05:55:03Z
782.0,342,JJwWPaTS9wZsNFuDY,6.1,6.1,tEKdjpZue8XbkYzQb,2024-05-13T05:55:03Z
784.0,344,RyvbQoFpz6uNdL8tr,5.5,5.5,tEKdjpZue8XbkYzQb,2024-05-13T05:55:03Z
785.0,345,9hCSkc64agtidYJ2n,6.2,6.2,tEKdjpZue8XbkYzQb,2024-05-13T05:55:04Z
788.0,348,gi54g8zakiqBpCuEo,7.4,7.4,tEKdjpZue8XbkYzQb,2024-05-13T05:55:04Z
790.0,350,errguwP5Ztwpi2BNh,5.9,5.9,tEKdjpZue8XbkYzQb,2024-05-13T05:55:04Z
791.0,351,vu2qvscD9RgWMf9wv,8.7,8.7,tEKdjpZue8XbkYzQb,2024-05-13T05:55:04Z
796.0,356,NZiDZjpNgFpXgfKKd,4.0,4,tEKdjpZue8XbkYzQb,2024-05-13T05:55:04Z
797.0,357,gPoLPiseXwFb8HWpc,7.8,7.8,tEKdjpZue8XbkYzQb,2024-05-13T05:55:04Z
799.0,359,gs2ua3pEwQ66mKzJ3,7.5,7.5,tEKdjpZue8XbkYzQb,2024-05-13T05:55:04Z
802.0,362,rHq65g8ZCRrNJxTiK,2.9,2.9,tEKdjpZue8XbkYzQb,2024-05-13T05:55:04Z
803.0,363,gJRedPFPwgzd9hxzh,1.4,1.4,tEKdjpZue8XbkYzQb,2024-05-13T05:55:05Z
806.0,366,nC4qsgTFo5B9PfBqR,7.9,7.9,tEKdjpZue8XbkYzQb,2024-05-13T05:55:05Z
814.0,374,By5GmWeEvBswisLeu,0,0,GHfMB6rnec6bRbcg5,2024-05-13T05:55:05Z
815.0,375,AvEQrn8TuAfcZ2nAa,1,1,GHfMB6rnec6bRbcg5,2024-05-13T05:55:05Z
816.0,376,XisFJ9opqmAsBxve2,3,3,GZ8aazA6BNZTCavGv,2024-05-13T05:55:05Z
817.0,377,ujf8hgK5vs3NFg9PL,2,2,GZ8aazA6BNZTCavGv,2024-05-13T05:55:05Z
818.0,378,nNN9L7cwvWoS8t9d4,1,1,GZ8aazA6BNZTCavGv,2024-05-13T05:55:05Z
819.0,379,eDeiGssDkxHJD3Qg5,4,4,GZ8aazA6BNZTCavGv,2024-05-13T05:55:06Z
820.0,380,gFbocmdB7s8nmFpxY,9.0,9,6ajytPzuhkXsxBxQH,2024-05-13T05:55:06Z
821.0,381,YLevqNyf2Z8axYPuT,2.0,2,6ajytPzuhkXsxBxQH,2024-05-13T05:55:06Z
823.0,383,6f97iJZi6FaRqkTcv,11.0,11,6ajytPzuhkXsxBxQH,2024-05-13T05:55:06Z
824.0,384,ikbKGHqdpbCeZKTBE,3.0,3,6ajytPzuhkXsxBxQH,2024-05-13T05:55:06Z
825.0,385,ju2yFE8WgcK3DLcTD,5.0,5,6ajytPzuhkXsxBxQH,2024-05-13T05:55:06Z
826.0,386,ZLAqWfw4GLJDnJsWu,8.0,8,6ajytPzuhkXsxBxQH,2024-05-13T05:55:06Z
827.0,387,wKi8dRKMiJFMuiTot,6.0,6,6ajytPzuhkXsxBxQH,2024-05-13T05:55:06Z
828.0,388,9tdSTzasRMptKppC2,7.0,7,6ajytPzuhkXsxBxQH,2024-05-13T05:55:06Z
829.0,389,jmKmXCHgq6dyePe5L,4.0,4,6ajytPzuhkXsxBxQH,2024-05-13T05:55:06Z
830.0,390,BsWq8eY6LcbdKmLwh,10.0,10,6ajytPzuhkXsxBxQH,2024-05-13T05:55:06Z
831.0,391,apvSNcjjX5gyAQCHA,1.0,1,6ajytPzuhkXsxBxQH,2024-05-13T05:55:06Z
833.0,393,kMjD2PdRtqaYfSPEE,14.0,14,6ajytPzuhkXsxBxQH,2024-05-13T05:55:06Z
835.0,395,9uQGGStLstnmjuFF4,13.0,13,6ajytPzuhkXsxBxQH,2024-05-13T05:55:06Z
836.0,396,qE3naRNiifcWRLdvd,3,3,s2PshR5EpqTmgP3AM,2024-05-13T05:55:06Z
837.0,397,yDANp3XSeZnuTguAN,2,2,s2PshR5EpqTmgP3AM,2024-05-13T05:55:07Z
838.0,398,wpswrATWbYXsEZFEX,1,1,s2PshR5EpqTmgP3AM,2024-05-13T05:55:07Z
839.0,399,A7aDdZSwabrcCkPky,4,4,s2PshR5EpqTmgP3AM,2024-05-13T05:55:07Z
840.0,400,9eoTjJEK8pQFEFqPo,4.0,4,JGWebFJC6Ha5JXvv4,2024-05-13T05:55:07Z
841.0,401,Q3b4WART9Wq5boZB9,2.0,2,JGWebFJC6Ha5JXvv4,2024-05-13T05:55:07Z
842.0,402,QExvKj6f2nFprf5fN,1.0,1,JGWebFJC6Ha5JXvv4,2024-05-13T05:55:07Z
843.0,403,QmZyALw37B4tembBz,3.0,3,JGWebFJC6Ha5JXvv4,2024-05-13T05:55:07Z
844.0,404,aranQzTnLShm7tX9C,5.0,5,JGWebFJC6Ha5JXvv4,2024-05-13T05:55:07Z
845.0,405,HEthudZ76hQv4meJi,6.0,6,JGWebFJC6Ha5JXvv4,2024-05-13T05:55:07Z
846.0,406,kHyMYojMS6ua43Gti,45,45,nvwTXvCbqKpoqtwyM,2024-05-13T05:55:07Z
847.0,407,sC7xoqmzp9kXf82GD,45,45,XJQkHcz5i2otEh5iY,2024-05-13T05:55:07Z
848.0,408,NCtZsfzPCBBQJFjRj,45,45,pnqRp2Hx2sQr2SADa,2024-05-13T05:55:07Z
849.0,409,v8FH3Svr5DjC3Fg6K,1.1,1.1,f8TPaJf7NMat3M9Fh,2024-05-13T05:55:07Z
850.0,410,9oYwsjPEwHZsYGKsC,1.7,1.7,f8TPaJf7NMat3M9Fh,2024-05-13T05:55:07Z
851.0,411,p4oBnnt77T4CiWG8R,0.2,0.2,f8TPaJf7NMat3M9Fh,2024-05-13T05:55:07Z
852.0,412,R6PenHDi6jMwWTYPf,2.3,2.3,f8TPaJf7NMat3M9Fh,2024-05-13T05:55:07Z
853.0,413,AHCNoSbxTgDHu8LAc,0.8,0.8,f8TPaJf7NMat3M9Fh,2024-05-13T05:55:08Z
854.0,414,5xTRiK79kFFLb8gjC,3.0,3,f8TPaJf7NMat3M9Fh,2024-05-13T05:55:08Z
855.0,415,vvYJc5Avz3y7ohnfH,1.3,1.3,f8TPaJf7NMat3M9Fh,2024-05-13T05:55:08Z
856.0,416,HQZwGQXGTKbpnYC7w,2.1,2.1,f8TPaJf7NMat3M9Fh,2024-05-13T05:55:08Z
857.0,417,B9fxJm75dJ9ZxSfpr,0.4,0.4,f8TPaJf7NMat3M9Fh,2024-05-13T05:55:08Z
858.0,418,fEk3yTqeFcpZsdHin,2.6,2.6,f8TPaJf7NMat3M9Fh,2024-05-13T05:55:08Z
859.0,419,GkcdqicwxwuW639Pm,1.0,1,f8TPaJf7NMat3M9Fh,2024-05-13T05:55:08Z
860.0,420,2WYLvSJWcBvBSHfBp,1.4,1.4,f8TPaJf7NMat3M9Fh,2024-05-13T05:55:08Z
861.0,421,ipeonTKNzcJhWCpjJ,0.5,0.5,f8TPaJf7NMat3M9Fh,2024-05-13T05:55:08Z
862.0,422,Lt8PSdTCZX2BacQ9N,2.7,2.7,f8TPaJf7NMat3M9Fh,2024-05-13T05:55:08Z
863.0,423,y9SCeeRHRfXGNxqXA,0.6,0.6,f8TPaJf7NMat3M9Fh,2024-05-13T05:55:08Z
864.0,424,gZECbniAhFQv85Duo,2.8,2.8,f8TPaJf7NMat3M9Fh,2024-05-13T05:55:08Z
865.0,425,R2CGTTAxdwpcGr8WW,1.5,1.5,f8TPaJf7NMat3M9Fh,2024-05-13T05:55:08Z
866.0,426,4SS9BKyH75pPLNnLm,2.2,2.2,f8TPaJf7NMat3M9Fh,2024-05-13T05:55:08Z
867.0,427,kKd3NYZxCmxDiRpDx,1.6,1.6,f8TPaJf7NMat3M9Fh,2024-05-13T05:55:08Z
868.0,428,Rqp5nRDuPmXbikRcc,0.3,0.3,f8TPaJf7NMat3M9Fh,2024-05-13T05:55:08Z
869.0,429,z7aF8YXRXZ7NabkA6,2.5,2.5,f8TPaJf7NMat3M9Fh,2024-05-13T05:55:08Z
870.0,430,FDvqD3orgxNHABtHW,1.2,1.2,f8TPaJf7NMat3M9Fh,2024-05-13T05:55:08Z
871.0,431,rP83P5b4nTN2uvftJ,1.9,1.9,f8TPaJf7NMat3M9Fh,2024-05-13T05:55:09Z
872.0,432,8MovLJrsaAMLyYTyj,0.7,0.7,f8TPaJf7NMat3M9Fh,2024-05-13T05:55:09Z
874.0,434,Zudmpz9yaxD8gx9F8,0.1,0.1,f8TPaJf7NMat3M9Fh,2024-05-13T05:55:09Z
875.0,435,wTjdsYWwqyyWEt62c,1.8,1.8,f8TPaJf7NMat3M9Fh,2024-05-13T05:55:09Z
876.0,436,ty45km6eRfgYFDqxG,2.0,2,f8TPaJf7NMat3M9Fh,2024-05-13T05:55:09Z
877.0,437,RTurEsxj2kCz6uWEW,2.9,2.9,f8TPaJf7NMat3M9Fh,2024-05-13T05:55:09Z
878.0,438,FtgfjCY6XYi4nh8J2,0.9,0.9,f8TPaJf7NMat3M9Fh,2024-05-13T05:55:09Z
879.0,439,sMPJAoPf2ESG2KMDh,300,300,RWjFfH3kiu7X2yg4d,2024-05-13T05:55:09Z
880.0,440,zNtLGtvsFjBtwt7RL,true,true,j6JAP3reS9Xh8Zd5y,2024-05-13T05:55:12Z
881.0,441,bppoDkM8jZKWJnCrP,false,false,j6JAP3reS9Xh8Zd5y,2024-05-13T05:55:13Z
882.0,442,NKXXq8AMhQRWrvwXr,true,true,ZTsaeZvqkjT2TiZbd,2024-05-13T05:55:13Z
883.0,443,YiZxcRE9xgBrXqFnc,false,false,ZTsaeZvqkjT2TiZbd,2024-05-13T05:55:13Z
884.0,444,AWgfBacWEqW7MyEXh,true,true,NKE63qnTH4qQ5fJz2,2024-05-13T05:55:14Z
885.0,445,7uNn6LCNy8e7YstbJ,false,false,NKE63qnTH4qQ5fJz2,2024-05-13T05:55:14Z
886.0,446,SAS9ut4PCRZzvrxAQ,true,true,AqeXKPY3FNoEDEsEm,2024-05-13T05:55:14Z
887.0,447,yjgsSzdBDukZWQn7B,false,false,AqeXKPY3FNoEDEsEm,2024-05-13T05:55:14Z
889.0,449,3R7u7uJdetHSneQMN,false,false,yTMk8ugg3WfuP69Tn,2024-05-13T05:55:15Z
890.0,450,2WLAJLQbHzEymH5qW,true,true,X3GEcDHZeybCyTiXK,2024-05-13T05:55:15Z
891.0,451,Z2KyAPPuHG2w4aJhg,false,false,X3GEcDHZeybCyTiXK,2024-05-13T05:55:15Z
892.0,452,GaxMLMB3a68H65dLM,true,true,Yn6ADxWDAjn7wdbfN,2024-05-13T05:55:15Z
894.0,454,htF2rCZ6Pc3uBWYaG,true,true,68euTNrndetTaGoks,2024-05-13T05:55:16Z
897.0,457,tmAzc7qrW2Nh2dpfM,15,15,AvLem6Wsnrobzx5mT,2024-05-13T05:55:16Z
898.0,458,ytiyL6m5rwLJbMA62,16,16,AvLem6Wsnrobzx5mT,2024-05-13T05:55:17Z
900.0,460,a4jAogPFsQ59GaMyG,8,8,AvLem6Wsnrobzx5mT,2024-05-13T05:55:17Z
901.0,461,Z64Qx29Ybwem9LKpG,18,18,AvLem6Wsnrobzx5mT,2024-05-13T05:55:17Z
902.0,462,KmRLZECTmHmyiuF58,13,13,AvLem6Wsnrobzx5mT,2024-05-13T05:55:17Z
903.0,463,fZZkkSpjywT5afBZ5,5,5,AvLem6Wsnrobzx5mT,2024-05-13T05:55:18Z
904.0,464,7Whir7GhcgY74MGHs,6,6,AvLem6Wsnrobzx5mT,2024-05-13T05:55:18Z
905.0,465,wXcvuHxTAFhmP4Nbx,11,11,AvLem6Wsnrobzx5mT,2024-05-13T05:55:18Z
907.0,467,PYEiB4RpsxYPLrW4z,7,7,AvLem6Wsnrobzx5mT,2024-05-13T05:55:18Z
908.0,468,kSChbxsrXLJwC7Yqf,4,4,AvLem6Wsnrobzx5mT,2024-05-13T05:55:19Z
909.0,469,4FZdgYmXg6qJsRP5p,14,14,AvLem6Wsnrobzx5mT,2024-05-13T05:55:19Z
910.0,470,jRKrQpNS8ez5bvrve,17,17,AvLem6Wsnrobzx5mT,2024-05-13T05:55:19Z
911.0,471,Mp7q78Q55FDWZoqzY,9,9,AvLem6Wsnrobzx5mT,2024-05-13T05:55:19Z
912.0,472,pgLiaBzxyfDFhSMbL,19,19,AvLem6Wsnrobzx5mT,2024-05-13T05:55:19Z
913.0,473,K5mc7p3k7ZQkekeRg,12,12,AvLem6Wsnrobzx5mT,2024-05-13T05:55:20Z
914.0,474,mF9qszSMjj7bQh8HL,2,2,AvLem6Wsnrobzx5mT,2024-05-13T05:55:20Z
915.0,475,gL8msKqE5w3wjSLdC,11,11,3HCJ58w4gmzonQ8Hv,2024-05-13T05:55:21Z
916.0,476,9iWxa7fEMDzztq9Xv,17,17,3HCJ58w4gmzonQ8Hv,2024-05-13T05:55:21Z
917.0,477,4FeQcgPCfhv54Dp7G,2,2,3HCJ58w4gmzonQ8Hv,2024-05-13T05:55:21Z
918.0,478,m6RkBWMjLKE4kceyr,23,23,3HCJ58w4gmzonQ8Hv,2024-05-13T05:55:21Z
919.0,479,ToYLz5MjyGP6PabGv,8,8,3HCJ58w4gmzonQ8Hv,2024-05-13T05:55:21Z
920.0,480,fs4RFvxDmTiybFa2o,30,30,3HCJ58w4gmzonQ8Hv,2024-05-13T05:55:22Z
921.0,481,xLTwvrJgHR6gftQeH,13,13,3HCJ58w4gmzonQ8Hv,2024-05-13T05:55:22Z
922.0,482,mzoGt6hi75Bk8ZwEF,21,21,3HCJ58w4gmzonQ8Hv,2024-05-13T05:55:22Z
923.0,483,Bdi2YcZpJ5LxLy525,4,4,3HCJ58w4gmzonQ8Hv,2024-05-13T05:55:23Z
924.0,484,RxhyH5pPakEYKHdXB,26,26,3HCJ58w4gmzonQ8Hv,2024-05-13T05:55:23Z
925.0,485,yjsgExBJP8LjiSjmj,10,10,3HCJ58w4gmzonQ8Hv,2024-05-13T05:55:23Z
926.0,486,CGqDN2784T9mQdNXS,14,14,3HCJ58w4gmzonQ8Hv,2024-05-13T05:55:24Z
927.0,487,6RvccaqyxZErPkimm,5,5,3HCJ58w4gmzonQ8Hv,2024-05-13T05:55:24Z
928.0,488,RzmMaSp2bGqWRmNdN,27,27,3HCJ58w4gmzonQ8Hv,2024-05-13T05:55:24Z
929.0,489,qzDMpt68sycpCGLPi,6,6,3HCJ58w4gmzonQ8Hv,2024-05-13T05:55:24Z
930.0,490,ybSKby3WB4y2qsCR9,28,28,3HCJ58w4gmzonQ8Hv,2024-05-13T05:55:24Z
931.0,491,tZN7g2rGFk5hMPgEk,15,15,3HCJ58w4gmzonQ8Hv,2024-05-13T05:55:24Z
932.0,492,S4hJvtGqBPPgKoAHD,22,22,3HCJ58w4gmzonQ8Hv,2024-05-13T05:55:25Z
933.0,493,NvoGm4GJHC4nH25FK,16,16,3HCJ58w4gmzonQ8Hv,2024-05-13T05:55:25Z
934.0,494,gwZwAkxCebrjW5vvJ,3,3,3HCJ58w4gmzonQ8Hv,2024-05-13T05:55:25Z
935.0,495,xvoAssbs5EdrKdicq,25,25,3HCJ58w4gmzonQ8Hv,2024-05-13T05:55:25Z
936.0,496,W2bNYnBkR7aikaFAr,12,12,3HCJ58w4gmzonQ8Hv,2024-05-13T05:55:26Z
937.0,497,DLxXa6pNueiyrrXBy,19,19,3HCJ58w4gmzonQ8Hv,2024-05-13T05:55:26Z
938.0,498,H6KJmgKcm8HY2GQA5,7,7,3HCJ58w4gmzonQ8Hv,2024-05-13T05:55:26Z
940.0,500,k6qXJP3YSbkPqTuJk,1,1,3HCJ58w4gmzonQ8Hv,2024-05-13T05:55:26Z
941.0,501,CXTz2DnyQmnEYrFHM,18,18,3HCJ58w4gmzonQ8Hv,2024-05-13T05:55:27Z
942.0,502,XsXytxstWMh9zNwGf,20,20,3HCJ58w4gmzonQ8Hv,2024-05-13T05:55:27Z
943.0,503,Wzdhfheg5FtmZLmwT,29,29,3HCJ58w4gmzonQ8Hv,2024-05-13T05:55:27Z
944.0,504,kRKNfc9Roihxt4KXs,9,9,3HCJ58w4gmzonQ8Hv,2024-05-13T05:55:27Z
945.0,505,XZPFRPGauAtdBbj9Z,20,20,Q4CpiNGcyDJcGosLw,2024-05-13T05:55:28Z
946.0,506,PAbrjXhwHFeKZu9BX,1.5,1.5,tEKdjpZue8XbkYzQb,2024-05-13T05:55:28Z
948.0,508,mPvPce9ZzZokdTMg6,2.0,2,tEKdjpZue8XbkYzQb,2024-05-13T05:55:28Z
950.0,510,D4iR2JbvyRYtQKJQp,4.7,4.7,tEKdjpZue8XbkYzQb,2024-05-13T05:55:29Z
953.0,513,yX496dPB46YvWxJjd,1.8,1.8,tEKdjpZue8XbkYzQb,2024-05-13T05:55:29Z
955.0,515,StM7fPbHwxX2YmaXN,5.0,5,tEKdjpZue8XbkYzQb,2024-05-13T05:55:29Z
956.0,516,MyWfhqRQdkL87XgRN,3.8,3.8,tEKdjpZue8XbkYzQb,2024-05-13T05:55:30Z
959.0,519,Nf7NCmrEZBEXJqSfh,9.0,9,tEKdjpZue8XbkYzQb,2024-05-13T05:55:30Z
961.0,521,kKkuYwqfo5y58fdiS,2.2,2.2,tEKdjpZue8XbkYzQb,2024-05-13T05:55:31Z
962.0,522,GmsmMb2tRRnLikx4A,4.2,4.2,tEKdjpZue8XbkYzQb,2024-05-13T05:55:31Z
964.0,524,wQ64YwJ7dkm3SWnmq,1.3,1.3,tEKdjpZue8XbkYzQb,2024-05-13T05:55:32Z
966.0,526,qidhQEwEQfTKscP3K,4.3,4.3,tEKdjpZue8XbkYzQb,2024-05-13T05:55:32Z
967.0,527,w4A4cjyCwNEh2coLX,2.7,2.7,tEKdjpZue8XbkYzQb,2024-05-13T05:55:32Z
968.0,528,eWNoso9T6fp8YQijG,8.2,8.2,tEKdjpZue8XbkYzQb,2024-05-13T05:55:34Z
971.0,531,9aT63Z2AKzS4AQ7Qe,2.5,2.5,tEKdjpZue8XbkYzQb,2024-05-13T05:55:35Z
972.0,532,8h82abfBLtAz4Revw,1.2,1.2,tEKdjpZue8XbkYzQb,2024-05-13T05:55:35Z
975.0,535,mex83wbsf9Tv32Dsg,10.0,10,tEKdjpZue8XbkYzQb,2024-05-13T05:55:36Z
976.0,536,EaFz8qLHhLT2eKnSc,3.9,3.9,tEKdjpZue8XbkYzQb,2024-05-13T05:55:36Z
977.0,537,texkWsnS9mjnWwsGi,2.6,2.6,tEKdjpZue8XbkYzQb,2024-05-13T05:55:37Z
979.0,539,TqeYLPpi8TGhTMckH,1.9,1.9,tEKdjpZue8XbkYzQb,2024-05-13T05:55:40Z
980.0,540,gXxhzkGBEgDQKBNes,10.2,10.2,tEKdjpZue8XbkYzQb,2024-05-13T05:55:40Z
981.0,541,qgPehoFTuYi7STBGQ,3.2,3.2,tEKdjpZue8XbkYzQb,2024-05-13T05:55:40Z
986.0,546,mvGPyw4pY3hCXiksx,5.1,5.1,tEKdjpZue8XbkYzQb,2024-05-13T05:55:40Z
988.0,548,uKZiypxyCRoeMXbTr,8.9,8.9,tEKdjpZue8XbkYzQb,2024-05-13T05:55:40Z
990.0,550,kqEaavDoiabBF3fSc,1.1,1.1,tEKdjpZue8XbkYzQb,2024-05-13T05:55:41Z
991.0,551,kzf3TSZW4aTHR3yi3,7.3,7.3,tEKdjpZue8XbkYzQb,2024-05-13T05:55:41Z
992.0,552,ku4Exmf8mrnZRBD69,2.3,2.3,tEKdjpZue8XbkYzQb,2024-05-13T05:55:41Z
994.0,554,av4LHzFmd37zqxdgX,2.4,2.4,tEKdjpZue8XbkYzQb,2024-05-13T05:55:41Z
995.0,555,huZ7wEDsMpzgffjy6,3.1,3.1,tEKdjpZue8XbkYzQb,2024-05-13T05:55:41Z
997.0,557,6yCNYt4LhedcEke2r,1.7,1.7,tEKdjpZue8XbkYzQb,2024-05-13T05:55:41Z
998.0,558,hnPYsnYAAjgadKEyr,10.7,10.7,tEKdjpZue8XbkYzQb,2024-05-13T05:55:41Z
999.0,559,6mgqMwmn9BEMA9scm,5.3,5.3,tEKdjpZue8XbkYzQb,2024-05-13T05:55:41Z
1001.0,561,GDaN3cMRiiNm4QnDH,4.9,4.9,tEKdjpZue8XbkYzQb,2024-05-13T05:55:41Z
1002.0,562,JJwWPaTS9wZsNFuDY,6.1,6.1,tEKdjpZue8XbkYzQb,2024-05-13T05:55:41Z
1004.0,564,RyvbQoFpz6uNdL8tr,5.5,5.5,tEKdjpZue8XbkYzQb,2024-05-13T05:55:41Z
1005.0,565,9hCSkc64agtidYJ2n,6.2,6.2,tEKdjpZue8XbkYzQb,2024-05-13T05:55:41Z
1008.0,568,gi54g8zakiqBpCuEo,7.4,7.4,tEKdjpZue8XbkYzQb,2024-05-13T05:55:42Z
1010.0,570,errguwP5Ztwpi2BNh,5.9,5.9,tEKdjpZue8XbkYzQb,2024-05-13T05:55:42Z
1011.0,571,vu2qvscD9RgWMf9wv,8.7,8.7,tEKdjpZue8XbkYzQb,2024-05-13T05:55:42Z
1016.0,576,NZiDZjpNgFpXgfKKd,4.0,4,tEKdjpZue8XbkYzQb,2024-05-13T05:55:42Z
1017.0,577,gPoLPiseXwFb8HWpc,7.8,7.8,tEKdjpZue8XbkYzQb,2024-05-13T05:55:42Z
1019.0,579,gs2ua3pEwQ66mKzJ3,7.5,7.5,tEKdjpZue8XbkYzQb,2024-05-13T05:55:42Z
1022.0,582,rHq65g8ZCRrNJxTiK,2.9,2.9,tEKdjpZue8XbkYzQb,2024-05-13T05:55:42Z
1023.0,583,gJRedPFPwgzd9hxzh,1.4,1.4,tEKdjpZue8XbkYzQb,2024-05-13T05:55:42Z
1026.0,586,nC4qsgTFo5B9PfBqR,7.9,7.9,tEKdjpZue8XbkYzQb,2024-05-13T05:55:43Z
1034.0,594,By5GmWeEvBswisLeu,0,0,GHfMB6rnec6bRbcg5,2024-05-13T05:55:43Z
1035.0,595,AvEQrn8TuAfcZ2nAa,1,1,GHfMB6rnec6bRbcg5,2024-05-13T05:55:43Z
1036.0,596,XisFJ9opqmAsBxve2,3,3,GZ8aazA6BNZTCavGv,2024-05-13T05:55:43Z
1037.0,597,ujf8hgK5vs3NFg9PL,2,2,GZ8aazA6BNZTCavGv,2024-05-13T05:55:43Z
1038.0,598,nNN9L7cwvWoS8t9d4,1,1,GZ8aazA6BNZTCavGv,2024-05-13T05:55:43Z
1039.0,599,eDeiGssDkxHJD3Qg5,4,4,GZ8aazA6BNZTCavGv,2024-05-13T05:55:43Z
1040.0,600,gFbocmdB7s8nmFpxY,9.0,9,6ajytPzuhkXsxBxQH,2024-05-13T05:55:43Z
1041.0,601,YLevqNyf2Z8axYPuT,2.0,2,6ajytPzuhkXsxBxQH,2024-05-13T05:55:44Z
1043.0,603,6f97iJZi6FaRqkTcv,11.0,11,6ajytPzuhkXsxBxQH,2024-05-13T05:55:44Z
1044.0,604,ikbKGHqdpbCeZKTBE,3.0,3,6ajytPzuhkXsxBxQH,2024-05-13T05:55:44Z
1045.0,605,ju2yFE8WgcK3DLcTD,5.0,5,6ajytPzuhkXsxBxQH,2024-05-13T05:55:44Z
1046.0,606,ZLAqWfw4GLJDnJsWu,8.0,8,6ajytPzuhkXsxBxQH,2024-05-13T05:55:44Z
1047.0,607,wKi8dRKMiJFMuiTot,6.0,6,6ajytPzuhkXsxBxQH,2024-05-13T05:55:44Z
1048.0,608,9tdSTzasRMptKppC2,7.0,7,6ajytPzuhkXsxBxQH,2024-05-13T05:55:44Z
1049.0,609,jmKmXCHgq6dyePe5L,4.0,4,6ajytPzuhkXsxBxQH,2024-05-13T05:55:44Z
1050.0,610,BsWq8eY6LcbdKmLwh,10.0,10,6ajytPzuhkXsxBxQH,2024-05-13T05:55:44Z
1051.0,611,apvSNcjjX5gyAQCHA,1.0,1,6ajytPzuhkXsxBxQH,2024-05-13T05:55:44Z
1053.0,613,kMjD2PdRtqaYfSPEE,14.0,14,6ajytPzuhkXsxBxQH,2024-05-13T05:55:44Z
1055.0,615,9uQGGStLstnmjuFF4,13.0,13,6ajytPzuhkXsxBxQH,2024-05-13T05:55:44Z
1056.0,616,qE3naRNiifcWRLdvd,3,3,s2PshR5EpqTmgP3AM,2024-05-13T05:55:44Z
1057.0,617,yDANp3XSeZnuTguAN,2,2,s2PshR5EpqTmgP3AM,2024-05-13T05:55:44Z
1058.0,618,wpswrATWbYXsEZFEX,1,1,s2PshR5EpqTmgP3AM,2024-05-13T05:55:44Z
1059.0,619,A7aDdZSwabrcCkPky,4,4,s2PshR5EpqTmgP3AM,2024-05-13T05:55:45Z
1060.0,620,9eoTjJEK8pQFEFqPo,4.0,4,JGWebFJC6Ha5JXvv4,2024-05-13T05:55:45Z
1061.0,621,Q3b4WART9Wq5boZB9,2.0,2,JGWebFJC6Ha5JXvv4,2024-05-13T05:55:45Z
1062.0,622,QExvKj6f2nFprf5fN,1.0,1,JGWebFJC6Ha5JXvv4,2024-05-13T05:55:45Z
1063.0,623,QmZyALw37B4tembBz,3.0,3,JGWebFJC6Ha5JXvv4,2024-05-13T05:55:45Z
1064.0,624,aranQzTnLShm7tX9C,5.0,5,JGWebFJC6Ha5JXvv4,2024-05-13T05:55:45Z
1065.0,625,HEthudZ76hQv4meJi,6.0,6,JGWebFJC6Ha5JXvv4,2024-05-13T05:55:45Z
1066.0,626,kHyMYojMS6ua43Gti,45,45,nvwTXvCbqKpoqtwyM,2024-05-13T05:55:45Z
1067.0,627,sC7xoqmzp9kXf82GD,45,45,XJQkHcz5i2otEh5iY,2024-05-13T05:55:45Z
1068.0,628,NCtZsfzPCBBQJFjRj,45,45,pnqRp2Hx2sQr2SADa,2024-05-13T05:55:45Z
1069.0,629,v8FH3Svr5DjC3Fg6K,1.1,1.1,f8TPaJf7NMat3M9Fh,2024-05-13T05:55:45Z
1070.0,630,9oYwsjPEwHZsYGKsC,1.7,1.7,f8TPaJf7NMat3M9Fh,2024-05-13T05:55:45Z
1071.0,631,p4oBnnt77T4CiWG8R,0.2,0.2,f8TPaJf7NMat3M9Fh,2024-05-13T05:55:45Z
1072.0,632,R6PenHDi6jMwWTYPf,2.3,2.3,f8TPaJf7NMat3M9Fh,2024-05-13T05:55:45Z
1073.0,633,AHCNoSbxTgDHu8LAc,0.8,0.8,f8TPaJf7NMat3M9Fh,2024-05-13T05:55:45Z
1074.0,634,5xTRiK79kFFLb8gjC,3.0,3,f8TPaJf7NMat3M9Fh,2024-05-13T05:55:45Z
1075.0,635,vvYJc5Avz3y7ohnfH,1.3,1.3,f8TPaJf7NMat3M9Fh,2024-05-13T05:55:46Z
1076.0,636,HQZwGQXGTKbpnYC7w,2.1,2.1,f8TPaJf7NMat3M9Fh,2024-05-13T05:55:46Z
1077.0,637,B9fxJm75dJ9ZxSfpr,0.4,0.4,f8TPaJf7NMat3M9Fh,2024-05-13T05:55:46Z
1078.0,638,fEk3yTqeFcpZsdHin,2.6,2.6,f8TPaJf7NMat3M9Fh,2024-05-13T05:55:46Z
1079.0,639,GkcdqicwxwuW639Pm,1.0,1,f8TPaJf7NMat3M9Fh,2024-05-13T05:55:46Z
1080.0,640,2WYLvSJWcBvBSHfBp,1.4,1.4,f8TPaJf7NMat3M9Fh,2024-05-13T05:55:46Z
1081.0,641,ipeonTKNzcJhWCpjJ,0.5,0.5,f8TPaJf7NMat3M9Fh,2024-05-13T05:55:46Z
1082.0,642,Lt8PSdTCZX2BacQ9N,2.7,2.7,f8TPaJf7NMat3M9Fh,2024-05-13T05:55:46Z
1083.0,643,y9SCeeRHRfXGNxqXA,0.6,0.6,f8TPaJf7NMat3M9Fh,2024-05-13T05:55:46Z
1084.0,644,gZECbniAhFQv85Duo,2.8,2.8,f8TPaJf7NMat3M9Fh,2024-05-13T05:55:46Z
1085.0,645,R2CGTTAxdwpcGr8WW,1.5,1.5,f8TPaJf7NMat3M9Fh,2024-05-13T05:55:46Z
1086.0,646,4SS9BKyH75pPLNnLm,2.2,2.2,f8TPaJf7NMat3M9Fh,2024-05-13T05:55:46Z
1087.0,647,kKd3NYZxCmxDiRpDx,1.6,1.6,f8TPaJf7NMat3M9Fh,2024-05-13T05:55:46Z
1088.0,648,Rqp5nRDuPmXbikRcc,0.3,0.3,f8TPaJf7NMat3M9Fh,2024-05-13T05:55:46Z
1089.0,649,z7aF8YXRXZ7NabkA6,2.5,2.5,f8TPaJf7NMat3M9Fh,2024-05-13T05:55:46Z
1090.0,650,FDvqD3orgxNHABtHW,1.2,1.2,f8TPaJf7NMat3M9Fh,2024-05-13T05:55:46Z
1091.0,651,rP83P5b4nTN2uvftJ,1.9,1.9,f8TPaJf7NMat3M9Fh,2024-05-13T05:55:46Z
1092.0,652,8MovLJrsaAMLyYTyj,0.7,0.7,f8TPaJf7NMat3M9Fh,2024-05-13T05:55:46Z
1094.0,654,Zudmpz9yaxD8gx9F8,0.1,0.1,f8TPaJf7NMat3M9Fh,2024-05-13T05:55:47Z
1095.0,655,wTjdsYWwqyyWEt62c,1.8,1.8,f8TPaJf7NMat3M9Fh,2024-05-13T05:55:47Z
1096.0,656,ty45km6eRfgYFDqxG,2.0,2,f8TPaJf7NMat3M9Fh,2024-05-13T05:55:47Z
1097.0,657,RTurEsxj2kCz6uWEW,2.9,2.9,f8TPaJf7NMat3M9Fh,2024-05-13T05:55:47Z
1098.0,658,FtgfjCY6XYi4nh8J2,0.9,0.9,f8TPaJf7NMat3M9Fh,2024-05-13T05:55:47Z
1099.0,659,sMPJAoPf2ESG2KMDh,300,300,RWjFfH3kiu7X2yg4d,2024-05-13T05:55:47Z
