gameId,playerId,age,age_missing,gender_code,gender_man,gender_woman,gender_non_binary,gender_unknown,education_code,education_high_school,education_bachelor,education_master,education_other,education_unknown
2fKfFJWpm9wfoPMfx,7Q8u5GwmqYwqaXYDs,74.0,0,1,1,0,0,0,2,0,1,0,0,0
2fKfFJWpm9wfoPMfx,7ez3SYi3tNx2Bfbei,36.0,0,2,0,1,0,0,2,0,1,0,0,0
2fKfFJWpm9wfoPMfx,CffvC6LTFjNNpgvZC,52.0,0,1,1,0,0,0,3,0,0,1,0,0
2fKfFJWpm9wfoPMfx,HPBpMdpchhh5cz4sv,31.0,0,1,1,0,0,0,4,0,0,0,1,0
2fKfFJWpm9wfoPMfx,SPF9vPF5hRJWzAdJa,36.0,0,0,0,0,0,1,2,0,1,0,0,0
2fKfFJWpm9wfoPMfx,oBmTWSk5vCYru9Mcd,51.0,0,1,1,0,0,0,2,0,1,0,0,0
2fKfFJWpm9wfoPMfx,pCKKPgH9rENJJXNgK,40.0,0,0,0,0,0,1,2,0,1,0,0,0
2fKfFJWpm9wfoPMfx,q3g6KwabjgBtCjJkc,44.0,0,1,1,0,0,0,2,0,1,0,0,0
2fKfFJWpm9wfoPMfx,vbn9iN4G7DZAMbdnp,30.0,0,1,1,0,0,0,1,1,0,0,0,0
2r5xvh4mLkmbyTPuW,4gsHBc6PEtAmEAoAs,64.0,0,0,0,0,0,1,3,0,0,1,0,0
2r5xvh4mLkmbyTPuW,5nHzFqz4u4vvpFTbW,32.0,0,1,1,0,0,0,3,0,0,1,0,0
2r5xvh4mLkmbyTPuW,EhWKqX4CqLc3ibSzy,51.0,0,0,0,0,0,1,4,0,0,0,1,0
2r5xvh4mLkmbyTPuW,Gj56ZRACcYwgcQ8rX,66.0,0,0,0,0,0,1,3,0,0,1,0,0
2r5xvh4mLkmbyTPuW,LfhxA6PsupMxSZEhF,38.0,0,1,1,0,0,0,2,0,1,0,0,0
2r5xvh4mLkmbyTPuW,QKXs7ogDhHa26SPuu,52.0,0,1,1,0,0,0,2,0,1,0,0,0
2r5xvh4mLkmbyTPuW,T3wMpaCL5MisTWx55,54.0,0,1,1,0,0,0,2,0,1,0,0,0
2r5xvh4mLkmbyTPuW,fSA7z4MC4ipCwo68C,55.0,0,1,1,0,0,0,2,0,1,0,0,0
2r5xvh4mLkmbyTPuW,n2YEHuZd3p4ZMAmv6,32.0,0,1,1,0,0,0,2,0,1,0,0,0
2r5xvh4mLkmbyTPuW,vvcPXqvweELCPFN85,44.0,0,2,0,1,0,0,1,1,0,0,0,0
3uqZPGxnY38PPCreu,5orJSbeZm5Qo6Nf2c,32.0,0,0,0,0,0,1,2,0,1,0,0,0
3uqZPGxnY38PPCreu,9LB69vvE5YJ8FTABn,28.0,0,1,1,0,0,0,3,0,0,1,0,0
3uqZPGxnY38PPCreu,CDdfDBS3TJuwo5sdT,27.0,0,1,1,0,0,0,2,0,1,0,0,0
3uqZPGxnY38PPCreu,EBB5atRiWmHKS6tBq,27.0,0,3,0,0,1,0,1,1,0,0,0,0
3uqZPGxnY38PPCreu,Ju3dxdJ7tkNLYWE6D,37.0,0,1,1,0,0,0,1,1,0,0,0,0
3uqZPGxnY38PPCreu,QYXyzaFFBFotLBssR,32.0,0,1,1,0,0,0,1,1,0,0,0,0
3uqZPGxnY38PPCreu,Tp8oQGvpodpWCxH4M,71.0,0,0,0,0,0,1,1,1,0,0,0,0
3uqZPGxnY38PPCreu,hCZFZSeJ2Jjj4oqhY,26.0,0,1,1,0,0,0,1,1,0,0,0,0
4nKD5eDXT2JfQEFC2,F87ewJKbJdsdrg5Ha,59.0,0,0,0,0,0,1,1,1,0,0,0,0
4nKD5eDXT2JfQEFC2,LQiG35LCxfCusLoaH,24.0,0,1,1,0,0,0,2,0,1,0,0,0
4nKD5eDXT2JfQEFC2,LysM5MbDovTmE9dKe,52.0,0,1,1,0,0,0,2,0,1,0,0,0
4nKD5eDXT2JfQEFC2,McW5SNbKayq2yESYS,23.0,0,1,1,0,0,0,3,0,0,1,0,0
4nKD5eDXT2JfQEFC2,PBdpHrKtxHQErpwJJ,38.0,0,0,0,0,0,1,3,0,0,1,0,0
4nKD5eDXT2JfQEFC2,QX4LnDtuTK6MFXq96,43.0,0,0,0,0,0,1,3,0,0,1,0,0
4nKD5eDXT2JfQEFC2,Rc9mK92qAFR7Y7eDc,57.0,0,0,0,0,0,1,0,0,0,0,0,1
4nKD5eDXT2JfQEFC2,TCPt3ftKtvckJdSQL,19.0,0,1,1,0,0,0,1,1,0,0,0,0
4nKD5eDXT2JfQEFC2,a29NEChz52pPH3hQz,50.0,0,0,0,0,0,1,3,0,0,1,0,0
4nKD5eDXT2JfQEFC2,fcGcsjc6gnYMNgdNE,28.0,0,1,1,0,0,0,3,0,0,1,0,0
4nKD5eDXT2JfQEFC2,jK4hbgcWxQm7atMzM,35.0,0,1,1,0,0,0,2,0,1,0,0,0
4nKD5eDXT2JfQEFC2,jdB42gn5SYhviF46B,22.0,0,1,1,0,0,0,2,0,1,0,0,0
4nKD5eDXT2JfQEFC2,jwKbbrKTisDs26yyB,24.0,0,1,1,0,0,0,1,1,0,0,0,0
4nKD5eDXT2JfQEFC2,mRjoD5ndc5Wj5KWHP,27.0,0,0,0,0,0,1,3,0,0,1,0,0
4nKD5eDXT2JfQEFC2,y3WCz8dkcoCi4WhSP,54.0,0,0,0,0,0,1,3,0,0,1,0,0
4nKD5eDXT2JfQEFC2,zBc4CrYJHP7xEke3B,28.0,0,0,0,0,0,1,4,0,0,0,1,0
56mkyKr2q9hbfJo5e,9Fckk2cA9uBMSZtZ5,39.0,0,1,1,0,0,0,1,1,0,0,0,0
56mkyKr2q9hbfJo5e,fAztBxsD33WX7soa2,24.0,0,0,0,0,0,1,3,0,0,1,0,0
56mkyKr2q9hbfJo5e,qfBNFNAN6JZ3k2Ygq,47.0,0,0,0,0,0,1,2,0,1,0,0,0
5R4kRpHMWpazH7csB,bLH3Dd5PjW8FoLRq4,33.0,0,1,1,0,0,0,2,0,1,0,0,0
5R4kRpHMWpazH7csB,cJH6QuNoS6T6F9gGc,35.0,0,1,1,0,0,0,3,0,0,1,0,0
5R4kRpHMWpazH7csB,yeCAsCQA5hAGDExyZ,24.0,0,0,0,0,0,1,3,0,0,1,0,0
6AnZ2gcC3gTC5kA9j,53oHMupRvwmNsQXhZ,39.0,0,1,1,0,0,0,2,0,1,0,0,0
6AnZ2gcC3gTC5kA9j,6CZp9dhsKnXoF6sNP,73.0,0,1,1,0,0,0,2,0,1,0,0,0
6AnZ2gcC3gTC5kA9j,8pPfE6QtLSSySsHL4,44.0,0,2,0,1,0,0,3,0,0,1,0,0
6AnZ2gcC3gTC5kA9j,BeKjoJe3kPKE7fGh7,37.0,0,1,1,0,0,0,1,1,0,0,0,0
6AnZ2gcC3gTC5kA9j,C3NJv3Gpc9ciSwJzE,37.0,0,0,0,0,0,1,2,0,1,0,0,0
6AnZ2gcC3gTC5kA9j,S4Bxk59rDBg26x294,33.0,0,1,1,0,0,0,1,1,0,0,0,0
6AnZ2gcC3gTC5kA9j,ZJR8gjfMvR4HdYx7S,52.0,0,1,1,0,0,0,2,0,1,0,0,0
6AnZ2gcC3gTC5kA9j,ZdiEciwv6MkcWTYi2,54.0,0,1,1,0,0,0,3,0,0,1,0,0
6AnZ2gcC3gTC5kA9j,hXXFBQ8ZomDDDocP3,62.0,0,0,0,0,0,1,2,0,1,0,0,0
7SL3Ldc2fSvv9ysFY,BiTcFKZv4jbZeemCq,45.0,0,0,0,0,0,1,3,0,0,1,0,0
7SL3Ldc2fSvv9ysFY,FnFJWAzAkzf9gtPbk,39.0,0,0,0,0,0,1,3,0,0,1,0,0
7SL3Ldc2fSvv9ysFY,HtdpWBDvdTkgHF7DK,28.0,0,1,1,0,0,0,2,0,1,0,0,0
7SL3Ldc2fSvv9ysFY,NBrPyjmZMwzaevaj3,41.0,0,1,1,0,0,0,2,0,1,0,0,0
7SL3Ldc2fSvv9ysFY,WSAgkkmyYJy2dD8zD,42.0,0,1,1,0,0,0,2,0,1,0,0,0
7XaGiWpfnXcbSBRB7,Bb7pS7SZz8ubJpuGW,39.0,0,0,0,0,0,1,1,1,0,0,0,0
7XaGiWpfnXcbSBRB7,BpdwHHnnc5y6QW67C,24.0,0,0,0,0,0,1,2,0,1,0,0,0
7XaGiWpfnXcbSBRB7,kZaTF53zRy2giM8LS,27.0,0,1,1,0,0,0,3,0,0,1,0,0
7XaGiWpfnXcbSBRB7,uQKD2wkjew7XWqyGX,,1,0,0,0,0,1,4,0,0,0,1,0
7XaGiWpfnXcbSBRB7,wWYKga9ykJR44yBnG,56.0,0,1,1,0,0,0,1,1,0,0,0,0
7rRMrZEp457b9pC3m,578J9NfLspxN3CEJJ,42.0,0,0,0,0,0,1,4,0,0,0,1,0
7rRMrZEp457b9pC3m,65GWthPu8baHBrxTk,25.0,0,1,1,0,0,0,1,1,0,0,0,0
7rRMrZEp457b9pC3m,7rFM7p2pLK8L6Mrag,40.0,0,0,0,0,0,1,2,0,1,0,0,0
7rRMrZEp457b9pC3m,DYqW2wpLYCvpYpnsF,41.0,0,0,0,0,0,1,2,0,1,0,0,0
7rRMrZEp457b9pC3m,a2jc9bYqnXE5Xrpg2,42.0,0,1,1,0,0,0,3,0,0,1,0,0
7rRMrZEp457b9pC3m,qBageajj7mtbAPvMu,38.0,0,1,1,0,0,0,2,0,1,0,0,0
7rRMrZEp457b9pC3m,qWB8khambEkAN2gcx,21.0,0,1,1,0,0,0,2,0,1,0,0,0
7rRMrZEp457b9pC3m,tYhrQyjBwk2uyDqZE,30.0,0,0,0,0,0,1,2,0,1,0,0,0
7rRMrZEp457b9pC3m,wpjcDPiNBRbvSRofb,22.0,0,1,1,0,0,0,1,1,0,0,0,0
7rRMrZEp457b9pC3m,yHcvB9udofgwt5d3G,37.0,0,1,1,0,0,0,1,1,0,0,0,0
8RwSyFp46rjQwX2zM,2E5yXW38Jt7BcYRWu,20.0,0,1,1,0,0,0,2,0,1,0,0,0
8RwSyFp46rjQwX2zM,4TAJbwbzB5NWeNWQc,35.0,0,1,1,0,0,0,1,1,0,0,0,0
8RwSyFp46rjQwX2zM,4en9siccSsdKnxHGB,32.0,0,1,1,0,0,0,2,0,1,0,0,0
8RwSyFp46rjQwX2zM,7KupGNnqW4vTc9bpf,28.0,0,1,1,0,0,0,2,0,1,0,0,0
8RwSyFp46rjQwX2zM,EgSttdyta8rSAJfnT,45.0,0,1,1,0,0,0,2,0,1,0,0,0
8RwSyFp46rjQwX2zM,FAg3mFfHuSGwLXCXi,41.0,0,1,1,0,0,0,2,0,1,0,0,0
8RwSyFp46rjQwX2zM,J4MHQahkBexKtf9eP,50.0,0,0,0,0,0,1,4,0,0,0,1,0
8RwSyFp46rjQwX2zM,JfqN37rJ4hf6vJo8Y,38.0,0,0,0,0,0,1,3,0,0,1,0,0
8RwSyFp46rjQwX2zM,PyQ9Q4XAFv6bBQazq,40.0,0,1,1,0,0,0,4,0,0,0,1,0
8RwSyFp46rjQwX2zM,RQRjDDYDMdceGDsC2,28.0,0,0,0,0,0,1,4,0,0,0,1,0
8RwSyFp46rjQwX2zM,Ssej38btEzTgqJjY3,41.0,0,0,0,0,0,1,3,0,0,1,0,0
8RwSyFp46rjQwX2zM,TY27PdZRD3zoP62XT,44.0,0,1,1,0,0,0,2,0,1,0,0,0
8RwSyFp46rjQwX2zM,enYsM5W9BGHNMGNEZ,34.0,0,0,0,0,0,1,1,1,0,0,0,0
8RwSyFp46rjQwX2zM,rsRapT5bxbu7j7LWN,29.0,0,1,1,0,0,0,4,0,0,0,1,0
8RwSyFp46rjQwX2zM,uW4NHMucPWWrZpgpx,28.0,0,1,1,0,0,0,3,0,0,1,0,0
8RwSyFp46rjQwX2zM,xRdMFPQLWxnienzqR,33.0,0,1,1,0,0,0,3,0,0,1,0,0
8RwSyFp46rjQwX2zM,zdh3zz5A3tu7wZBNH,45.0,0,0,0,0,0,1,3,0,0,1,0,0
8YXh4RiGFyz2WzNsM,4se46Gy5WAseJ5Q42,27.0,0,1,1,0,0,0,1,1,0,0,0,0
8YXh4RiGFyz2WzNsM,6cfCYfg8br7fDRkeH,67.0,0,1,1,0,0,0,2,0,1,0,0,0
8YXh4RiGFyz2WzNsM,F29izwPJ2HLn9nGSa,35.0,0,1,1,0,0,0,1,1,0,0,0,0
8YXh4RiGFyz2WzNsM,cePDLuSPnbJyyTzRv,48.0,0,0,0,0,0,1,2,0,1,0,0,0
8YXh4RiGFyz2WzNsM,qbiZbook5DAbyzzKh,31.0,0,1,1,0,0,0,2,0,1,0,0,0
9ASf6qit6vvva9hTQ,A9ibe64QruvtdqfhT,28.0,0,0,0,0,0,1,2,0,1,0,0,0
9ASf6qit6vvva9hTQ,EYxPzyEK5PymnKgQ7,31.0,0,0,0,0,0,1,1,1,0,0,0,0
9ASf6qit6vvva9hTQ,i7NquN4LpgENYmvjd,37.0,0,1,1,0,0,0,1,1,0,0,0,0
9ASf6qit6vvva9hTQ,p6BkCznHpfNYR4BuL,35.0,0,1,1,0,0,0,2,0,1,0,0,0
9ASf6qit6vvva9hTQ,pAahtciqfEG4C9HLf,61.0,0,0,0,0,0,1,4,0,0,0,1,0
9ASf6qit6vvva9hTQ,rEw9iAvCb5hy4tZgz,33.0,0,1,1,0,0,0,3,0,0,1,0,0
9ASf6qit6vvva9hTQ,tzchBXWXFEM24tovy,54.0,0,1,1,0,0,0,2,0,1,0,0,0
9dyp2Lrvn5EkHXHdL,65aREDLACLa3DSEJ3,53.0,0,1,1,0,0,0,2,0,1,0,0,0
9dyp2Lrvn5EkHXHdL,EhcKQvzQa8ER85AZc,27.0,0,1,1,0,0,0,3,0,0,1,0,0
9dyp2Lrvn5EkHXHdL,FimLPQPqanDCTNydF,36.0,0,1,1,0,0,0,2,0,1,0,0,0
9dyp2Lrvn5EkHXHdL,LfZNzy7Sz9o9HoKbw,61.0,0,0,0,0,0,1,2,0,1,0,0,0
9dyp2Lrvn5EkHXHdL,QWkbnvoxh4CmuS6ea,35.0,0,0,0,0,0,1,1,1,0,0,0,0
9dyp2Lrvn5EkHXHdL,XMc4Jq9sKQ4Mhqxqq,34.0,0,0,0,0,0,1,1,1,0,0,0,0
9dyp2Lrvn5EkHXHdL,XaGatdApFmpkitCme,69.0,0,0,0,0,0,1,2,0,1,0,0,0
9dyp2Lrvn5EkHXHdL,Z56ajCpqehcicDH9C,35.0,0,0,0,0,0,1,1,1,0,0,0,0
9dyp2Lrvn5EkHXHdL,boRtDxEfNh6kCEuNN,61.0,0,0,0,0,0,1,1,1,0,0,0,0
9dyp2Lrvn5EkHXHdL,cq2EzkZnz7B7LKuPZ,42.0,0,0,0,0,0,1,2,0,1,0,0,0
9dyp2Lrvn5EkHXHdL,dFTSG5Th9tFQvLwB9,64.0,0,1,1,0,0,0,1,1,0,0,0,0
9dyp2Lrvn5EkHXHdL,k5Lw5AkAD3w8zGoce,41.0,0,0,0,0,0,1,4,0,0,0,1,0
9dyp2Lrvn5EkHXHdL,p8PzL3jc4DmXvzksx,29.0,0,1,1,0,0,0,2,0,1,0,0,0
9dyp2Lrvn5EkHXHdL,rR8k8kWJWN8Dui7Pc,70.0,0,1,1,0,0,0,1,1,0,0,0,0
9dyp2Lrvn5EkHXHdL,xWkPAxoDDfCA8kkX4,25.0,0,0,0,0,0,1,2,0,1,0,0,0
AfQEs5mo2WvAMib5t,9jPNdoWCoqFXuXcPz,52.0,0,0,0,0,0,1,2,0,1,0,0,0
AfQEs5mo2WvAMib5t,GSL2FCkLxAgopfA6L,31.0,0,0,0,0,0,1,4,0,0,0,1,0
AfQEs5mo2WvAMib5t,MgCQvfNaErfcvzzwB,37.0,0,1,1,0,0,0,1,1,0,0,0,0
AfQEs5mo2WvAMib5t,SvQQ5ayFmQgv8SvWy,26.0,0,0,0,0,0,1,3,0,0,1,0,0
AfQEs5mo2WvAMib5t,X6x8nEW7J8acXpgot,29.0,0,0,0,0,0,1,3,0,0,1,0,0
AfQEs5mo2WvAMib5t,XRfQsCo4vvCA7qSb9,26.0,0,0,0,0,0,1,3,0,0,1,0,0
AfQEs5mo2WvAMib5t,dp7PhTTQHg2MjgTE9,36.0,0,2,0,1,0,0,2,0,1,0,0,0
AfQEs5mo2WvAMib5t,hppGQoXev5NmAGzaa,32.0,0,1,1,0,0,0,3,0,0,1,0,0
AfQEs5mo2WvAMib5t,ke5kjYs6pLuJDwLK8,38.0,0,3,0,0,1,0,4,0,0,0,1,0
AfQEs5mo2WvAMib5t,twxMD7hyhdqQFjZpB,49.0,0,0,0,0,0,1,3,0,0,1,0,0
AqPfaaLHAaHtiD862,e6oGG8AEKWboGm7Cb,38.0,0,1,1,0,0,0,1,1,0,0,0,0
AqPfaaLHAaHtiD862,gpvc6wqtjoXurdvYr,65.0,0,0,0,0,0,1,1,1,0,0,0,0
AqPfaaLHAaHtiD862,nwyr3sijGFPAfNwww,57.0,0,0,0,0,0,1,1,1,0,0,0,0
AqPfaaLHAaHtiD862,ovoygGEed7fyYBYXG,26.0,0,0,0,0,0,1,3,0,0,1,0,0
CATbsDaTRRiuSjM6F,4WKKJBP4xYjPRQdWQ,31.0,0,1,1,0,0,0,1,1,0,0,0,0
CATbsDaTRRiuSjM6F,CHCTmhWJnYQ63oFnG,36.0,0,1,1,0,0,0,4,0,0,0,1,0
CATbsDaTRRiuSjM6F,Lb6zmQBq6LZ7PjHJC,30.0,0,0,0,0,0,1,3,0,0,1,0,0
CATbsDaTRRiuSjM6F,N2JszRSvfszWykQLX,42.0,0,1,1,0,0,0,1,1,0,0,0,0
CATbsDaTRRiuSjM6F,RWrfCEFXwSYqeKWAd,31.0,0,0,0,0,0,1,2,0,1,0,0,0
CATbsDaTRRiuSjM6F,kBFicZnvWp27ycXiK,35.0,0,0,0,0,0,1,1,1,0,0,0,0
CATbsDaTRRiuSjM6F,mkagDf5Y57C83ciD8,40.0,0,1,1,0,0,0,1,1,0,0,0,0
CATbsDaTRRiuSjM6F,qbcTmTbj36Hu4dofD,26.0,0,0,0,0,0,1,2,0,1,0,0,0
CEe8uDycRbaQrEx6u,ArEosK33a7dSGkHzg,41.0,0,1,1,0,0,0,3,0,0,1,0,0
CEe8uDycRbaQrEx6u,PRMdbd9kHGL5cf8pp,35.0,0,1,1,0,0,0,1,1,0,0,0,0
CEe8uDycRbaQrEx6u,Sswhc3yNKyeuWxrfo,39.0,0,0,0,0,0,1,2,0,1,0,0,0
CEe8uDycRbaQrEx6u,Wf3zeJvz8oBgtQxdm,52.0,0,1,1,0,0,0,4,0,0,0,1,0
CEe8uDycRbaQrEx6u,buccuzezZvg7B6zKy,42.0,0,0,0,0,0,1,2,0,1,0,0,0
CEe8uDycRbaQrEx6u,jdyR2FqMDShpfrHju,38.0,0,1,1,0,0,0,2,0,1,0,0,0
CEe8uDycRbaQrEx6u,mFJxhaoHXNb4mjpGY,33.0,0,0,0,0,0,1,1,1,0,0,0,0
CEe8uDycRbaQrEx6u,oLCadqygn4rPAj728,32.0,0,0,0,0,0,1,1,1,0,0,0,0
CEe8uDycRbaQrEx6u,rkJNzundjhNoDxewk,54.0,0,2,0,1,0,0,3,0,0,1,0,0
CEe8uDycRbaQrEx6u,xvoturu7fdv79KuRR,34.0,0,0,0,0,0,1,2,0,1,0,0,0
CEe8uDycRbaQrEx6u,zHm2FMiZeW4mquNA7,46.0,0,0,0,0,0,1,1,1,0,0,0,0
CTvcrHrFCpBQgc69c,2khNMQHy9QjLvNQAf,48.0,0,1,1,0,0,0,2,0,1,0,0,0
CTvcrHrFCpBQgc69c,ENGiCAgHywrEfJLz4,46.0,0,0,0,0,0,1,2,0,1,0,0,0
CTvcrHrFCpBQgc69c,GS2XSEYbA3n5BoQq5,41.0,0,0,0,0,0,1,4,0,0,0,1,0
CXhR5Losv8TykWDsP,2btArQTquopX5PDr2,46.0,0,1,1,0,0,0,3,0,0,1,0,0
CXhR5Losv8TykWDsP,2cbuignY7u4i9ZWND,27.0,0,0,0,0,0,1,2,0,1,0,0,0
CXhR5Losv8TykWDsP,7rdbqtevJyNNmZPJy,29.0,0,1,1,0,0,0,2,0,1,0,0,0
CXhR5Losv8TykWDsP,8LfFfFoF8jdxDd9gr,27.0,0,0,0,0,0,1,1,1,0,0,0,0
CXhR5Losv8TykWDsP,8vFpTYLKwTeN9tMLq,49.0,0,0,0,0,0,1,1,1,0,0,0,0
CXhR5Losv8TykWDsP,Had84qyDeBqejGgNF,25.0,0,0,0,0,0,1,2,0,1,0,0,0
CXhR5Losv8TykWDsP,NXiWaFueZgPgdPMDm,32.0,0,1,1,0,0,0,2,0,1,0,0,0
CXhR5Losv8TykWDsP,QbZBB2rwLACBBABmT,45.0,0,0,0,0,0,1,2,0,1,0,0,0
CXhR5Losv8TykWDsP,SNwSuudL6H5HTewoL,37.0,0,1,1,0,0,0,2,0,1,0,0,0
CXhR5Losv8TykWDsP,SSYbyc2f7q2tsPxZL,26.0,0,1,1,0,0,0,2,0,1,0,0,0
CXhR5Losv8TykWDsP,T6kxAw9h7yGy2fQmE,52.0,0,0,0,0,0,1,2,0,1,0,0,0
CXhR5Losv8TykWDsP,XwNMFaDvfmDGadwf4,53.0,0,1,1,0,0,0,2,0,1,0,0,0
CXhR5Losv8TykWDsP,jxSFhQcwtgM9f7ZTJ,47.0,0,1,1,0,0,0,2,0,1,0,0,0
CXhR5Losv8TykWDsP,ojgMDdNtT6nJjYt4i,22.0,0,1,1,0,0,0,1,1,0,0,0,0
CXhR5Losv8TykWDsP,rCedRhnq2EM9HrbyC,22.0,0,0,0,0,0,1,1,1,0,0,0,0
CXhR5Losv8TykWDsP,sodRHyeHg9rsuvYRr,31.0,0,1,1,0,0,0,2,0,1,0,0,0
CXhR5Losv8TykWDsP,xRQb7HgjBa7jh93pr,54.0,0,1,1,0,0,0,1,1,0,0,0,0
CXhR5Losv8TykWDsP,yG7GENKpCYGyoj8ZM,31.0,0,0,0,0,0,1,3,0,0,1,0,0
CXhR5Losv8TykWDsP,zuuw3RXLSxSD5FsxQ,29.0,0,0,0,0,0,1,3,0,0,1,0,0
CanYG4YQsqhfKD3Xd,4yNu2zsWktvk5fQxN,26.0,0,0,0,0,0,1,2,0,1,0,0,0
CanYG4YQsqhfKD3Xd,BywPbTQ8oHt47h38o,66.0,0,0,0,0,0,1,3,0,0,1,0,0
CanYG4YQsqhfKD3Xd,F5F77HqeZkNNnzM4N,37.0,0,0,0,0,0,1,1,1,0,0,0,0
CanYG4YQsqhfKD3Xd,JJZFFRzuv2Nwbs9p7,28.0,0,1,1,0,0,0,2,0,1,0,0,0
CanYG4YQsqhfKD3Xd,NZsgoAN7YYGtkkJym,22.0,0,0,0,0,0,1,2,0,1,0,0,0
CanYG4YQsqhfKD3Xd,RoCEARBXuMhrHgpmC,32.0,0,1,1,0,0,0,2,0,1,0,0,0
CanYG4YQsqhfKD3Xd,Wsnmhgc2hPQNSQwzW,27.0,0,0,0,0,0,1,1,1,0,0,0,0
CanYG4YQsqhfKD3Xd,XtASBDGfaMraahppr,31.0,0,1,1,0,0,0,1,1,0,0,0,0
CanYG4YQsqhfKD3Xd,ZxKiS4EpfEZGgfg6M,30.0,0,1,1,0,0,0,2,0,1,0,0,0
CanYG4YQsqhfKD3Xd,bmwYRoKrLaX7DkzfX,59.0,0,0,0,0,0,1,1,1,0,0,0,0
CanYG4YQsqhfKD3Xd,crPA5FJb4hXrHvzth,38.0,0,1,1,0,0,0,1,1,0,0,0,0
CanYG4YQsqhfKD3Xd,d7LmFiGkyCdFMPtzt,44.0,0,1,1,0,0,0,2,0,1,0,0,0
CanYG4YQsqhfKD3Xd,dJJSsoGiC9nNPDZA4,64.0,0,1,1,0,0,0,3,0,0,1,0,0
CanYG4YQsqhfKD3Xd,fscopSesPusHibpaa,32.0,0,0,0,0,0,1,1,1,0,0,0,0
CanYG4YQsqhfKD3Xd,g6Tjw8wjCmaYBNsG3,47.0,0,0,0,0,0,1,1,1,0,0,0,0
CanYG4YQsqhfKD3Xd,ju8g3GmEmadHPyNPe,62.0,0,0,0,0,0,1,1,1,0,0,0,0
CanYG4YQsqhfKD3Xd,mgXgxL3Enn5ykReD5,25.0,0,1,1,0,0,0,2,0,1,0,0,0
CanYG4YQsqhfKD3Xd,o42YxcG2H7Z3wZxv2,48.0,0,1,1,0,0,0,2,0,1,0,0,0
CanYG4YQsqhfKD3Xd,yECmwmWaScHkEA7pa,23.0,0,1,1,0,0,0,2,0,1,0,0,0
CanYG4YQsqhfKD3Xd,yFomRXqDsyhqGdAko,23.0,0,1,1,0,0,0,1,1,0,0,0,0
CpXBMpH9LgEtvy6rk,7k3Qmq3ExCvLA37w5,37.0,0,0,0,0,0,1,2,0,1,0,0,0
CpXBMpH9LgEtvy6rk,GtDYwmKMa5wayTqHo,38.0,0,1,1,0,0,0,2,0,1,0,0,0
CpXBMpH9LgEtvy6rk,GyJD8q6JzWioK9j7F,46.0,0,1,1,0,0,0,2,0,1,0,0,0
CpXBMpH9LgEtvy6rk,KydArfwJQyepHJvks,64.0,0,0,0,0,0,1,3,0,0,1,0,0
CpXBMpH9LgEtvy6rk,Myi8hgQNfdZk8eQAY,53.0,0,0,0,0,0,1,2,0,1,0,0,0
CpXBMpH9LgEtvy6rk,WqWj3328qCpxvvAp2,68.0,0,1,1,0,0,0,2,0,1,0,0,0
CpXBMpH9LgEtvy6rk,d9xtGK2HnJjC98QNT,71.0,0,1,1,0,0,0,1,1,0,0,0,0
CpXBMpH9LgEtvy6rk,dHGddwqP4PJzMvxHi,65.0,0,0,0,0,0,1,2,0,1,0,0,0
CpXBMpH9LgEtvy6rk,hTGjn3LfqDyjyNB57,46.0,0,0,0,0,0,1,2,0,1,0,0,0
CpXBMpH9LgEtvy6rk,qKog8LYBo8zvFZxu5,71.0,0,1,1,0,0,0,2,0,1,0,0,0
CpXBMpH9LgEtvy6rk,tybsmkW7nkayMSdmM,68.0,0,1,1,0,0,0,1,1,0,0,0,0
CpXBMpH9LgEtvy6rk,xmJMHkgnNrkRptsgy,32.0,0,0,0,0,0,1,3,0,0,1,0,0
EEpd3uZzuS7TShmdH,3qzFu3MNWZ9Ezfs84,34.0,0,0,0,0,0,1,2,0,1,0,0,0
EEpd3uZzuS7TShmdH,5KpPvHT3i7o6qXZdy,43.0,0,1,1,0,0,0,3,0,0,1,0,0
EEpd3uZzuS7TShmdH,DS5TDmW3mJoWSo4dC,62.0,0,0,0,0,0,1,1,1,0,0,0,0
EEpd3uZzuS7TShmdH,ERy47ZcyWzgEFExyw,38.0,0,1,1,0,0,0,3,0,0,1,0,0
EEpd3uZzuS7TShmdH,TemznF6XhD2xGLrzF,42.0,0,0,0,0,0,1,2,0,1,0,0,0
EEpd3uZzuS7TShmdH,atfuQJt3dPEZq5TXv,40.0,0,1,1,0,0,0,4,0,0,0,1,0
EEpd3uZzuS7TShmdH,d35yXRzFQ5JJFEDv9,43.0,0,1,1,0,0,0,1,1,0,0,0,0
EEpd3uZzuS7TShmdH,eQsfc22cgk2cEgbft,47.0,0,1,1,0,0,0,3,0,0,1,0,0
EEpd3uZzuS7TShmdH,n3LWvaN74SDjH94yY,20.0,0,0,0,0,0,1,1,1,0,0,0,0
EEpd3uZzuS7TShmdH,xEvBxeR7azm37CoGc,27.0,0,1,1,0,0,0,2,0,1,0,0,0
EEpd3uZzuS7TShmdH,xXr8hj854Wk282raK,23.0,0,1,1,0,0,0,3,0,0,1,0,0
Esb9zF6J52owJzGuL,6LfgWTmLrTw6ocYWA,35.0,0,1,1,0,0,0,1,1,0,0,0,0
Esb9zF6J52owJzGuL,pQdJQNB7mpwMsfaXk,44.0,0,1,1,0,0,0,2,0,1,0,0,0
FPPMdHLDRKNWZpFjA,5dWuiifG8REbveceN,36.0,0,1,1,0,0,0,4,0,0,0,1,0
FPPMdHLDRKNWZpFjA,7WXxbavzSZGvTQZsq,47.0,0,1,1,0,0,0,2,0,1,0,0,0
FPPMdHLDRKNWZpFjA,GCDh3atza72jjGZF8,37.0,0,1,1,0,0,0,2,0,1,0,0,0
FPPMdHLDRKNWZpFjA,GSWbaWXf4wcC2hQNM,47.0,0,0,0,0,0,1,3,0,0,1,0,0
FPPMdHLDRKNWZpFjA,HtTQgH92rrfSt6ZwM,28.0,0,0,0,0,0,1,2,0,1,0,0,0
FPPMdHLDRKNWZpFjA,bX6XJK86T5LQySjFS,36.0,0,1,1,0,0,0,2,0,1,0,0,0
FPPMdHLDRKNWZpFjA,hHMRaqv4Ghgd5Ljbp,79.0,0,1,1,0,0,0,2,0,1,0,0,0
FPPMdHLDRKNWZpFjA,nS8FdE65oyTFvebuG,37.0,0,1,1,0,0,0,2,0,1,0,0,0
FPPMdHLDRKNWZpFjA,rt92FAo8P2PHpqaEE,31.0,0,1,1,0,0,0,3,0,0,1,0,0
Fj9DT3BL4SG26wNCY,37Qjb7SqbrFrfRLNu,19.0,0,1,1,0,0,0,1,1,0,0,0,0
Fj9DT3BL4SG26wNCY,9GW2oKr5GBDwbYMpf,26.0,0,1,1,0,0,0,2,0,1,0,0,0
Fj9DT3BL4SG26wNCY,A7NELwAoAPnqyW83u,36.0,0,1,1,0,0,0,2,0,1,0,0,0
Fj9DT3BL4SG26wNCY,A8X77Yj2S5nPLXKvQ,29.0,0,1,1,0,0,0,2,0,1,0,0,0
Fj9DT3BL4SG26wNCY,Efsqpq52tZGWC2fqK,47.0,0,0,0,0,0,1,3,0,0,1,0,0
Fj9DT3BL4SG26wNCY,GMoiWGHcji9Gy5jgB,25.0,0,0,0,0,0,1,2,0,1,0,0,0
Fj9DT3BL4SG26wNCY,R9JM2eGvCbpJnPGBL,32.0,0,1,1,0,0,0,2,0,1,0,0,0
Fj9DT3BL4SG26wNCY,cx9w92Kmyxhdf66ES,21.0,0,0,0,0,0,1,1,1,0,0,0,0
Fj9DT3BL4SG26wNCY,kAFwduKJ9rkCuHvCs,21.0,0,1,1,0,0,0,1,1,0,0,0,0
Fj9DT3BL4SG26wNCY,ukXqbrd6dBJYHeW6d,19.0,0,1,1,0,0,0,1,1,0,0,0,0
FxN4ETksRuuZDFtEm,FK4WzfCAQJ2PhsmBf,53.0,0,1,1,0,0,0,2,0,1,0,0,0
FxN4ETksRuuZDFtEm,NvTuFa62irY7vQYvP,45.0,0,0,0,0,0,1,2,0,1,0,0,0
FxN4ETksRuuZDFtEm,e4ibC4yyh8keBWJRN,34.0,0,1,1,0,0,0,4,0,0,0,1,0
FxN4ETksRuuZDFtEm,ir7kuiDXzxBT56Mwe,40.0,0,1,1,0,0,0,3,0,0,1,0,0
G6ZjvG8cmjw4tAj6T,4vjmCiFpgjrfeY32v,40.0,0,1,1,0,0,0,2,0,1,0,0,0
G6ZjvG8cmjw4tAj6T,68NhXvTiB22wQCfT5,36.0,0,1,1,0,0,0,2,0,1,0,0,0
G6ZjvG8cmjw4tAj6T,7Pe3Mzhn7y7WpApnu,39.0,0,0,0,0,0,1,3,0,0,1,0,0
G6ZjvG8cmjw4tAj6T,A8Q7dhWK42XxvygSe,46.0,0,0,0,0,0,1,1,1,0,0,0,0
G6ZjvG8cmjw4tAj6T,CtFWzyC9AetEJKRqF,29.0,0,1,1,0,0,0,2,0,1,0,0,0
G6ZjvG8cmjw4tAj6T,HkxwRxQWSEhi6vrou,23.0,0,1,1,0,0,0,2,0,1,0,0,0
G6ZjvG8cmjw4tAj6T,LCBpzS9WDWn3yTgyE,30.0,0,0,0,0,0,1,4,0,0,0,1,0
G6ZjvG8cmjw4tAj6T,LziC8HDex6gmfaLxA,29.0,0,1,1,0,0,0,1,1,0,0,0,0
G6ZjvG8cmjw4tAj6T,WL7naBzQSJKsecQ6W,56.0,0,2,0,1,0,0,4,0,0,0,1,0
G6ZjvG8cmjw4tAj6T,d9Q4bAGJWN7dbLZ7Z,40.0,0,1,1,0,0,0,2,0,1,0,0,0
G6ZjvG8cmjw4tAj6T,vTHF7zQCvSKCHxByb,51.0,0,0,0,0,0,1,2,0,1,0,0,0
G6ZjvG8cmjw4tAj6T,xJSX3CD6tYhBoouuS,34.0,0,1,1,0,0,0,3,0,0,1,0,0
GEg4HoG4betWJeQrA,2pv9wboNdcYqyeTQq,36.0,0,0,0,0,0,1,3,0,0,1,0,0
GEg4HoG4betWJeQrA,63drsFH4NuTriETbT,28.0,0,1,1,0,0,0,2,0,1,0,0,0
GEg4HoG4betWJeQrA,68s3GbKkhuTGoe7Pi,30.0,0,1,1,0,0,0,2,0,1,0,0,0
GEg4HoG4betWJeQrA,NSmrEaxYamF744o6D,46.0,0,0,0,0,0,1,3,0,0,1,0,0
GEg4HoG4betWJeQrA,RSZTvhRvpKGaY6BrS,32.0,0,1,1,0,0,0,2,0,1,0,0,0
GEg4HoG4betWJeQrA,bAZhq9SppkgfKZiDC,34.0,0,0,0,0,0,1,3,0,0,1,0,0
GEg4HoG4betWJeQrA,bswafpp4ysttT9qWz,34.0,0,1,1,0,0,0,2,0,1,0,0,0
GEg4HoG4betWJeQrA,buq9mK9KkRyvvCRa6,46.0,0,1,1,0,0,0,2,0,1,0,0,0
GEg4HoG4betWJeQrA,d5Jk3qqEoz4GB7EEv,31.0,0,0,0,0,0,1,3,0,0,1,0,0
GEg4HoG4betWJeQrA,gg6rFRR3Dzf3N2sH6,34.0,0,1,1,0,0,0,4,0,0,0,1,0
GEg4HoG4betWJeQrA,hrdpFTzB55zNF3cFQ,39.0,0,0,0,0,0,1,1,1,0,0,0,0
GEg4HoG4betWJeQrA,nPKF9BRec2ocdR2XF,,1,0,0,0,0,1,0,0,0,0,0,1
GEg4HoG4betWJeQrA,oucsRqEZJ3hgexTDE,39.0,0,0,0,0,0,1,1,1,0,0,0,0
GEg4HoG4betWJeQrA,rQy2ALbQ2jEs2YcKB,37.0,0,1,1,0,0,0,1,1,0,0,0,0
GEg4HoG4betWJeQrA,yovmHKActQcomid9p,44.0,0,0,0,0,0,1,3,0,0,1,0,0
HohcuivFAp5Q6BGuP,36CugKZCd4t3a9rbx,41.0,0,1,1,0,0,0,2,0,1,0,0,0
HohcuivFAp5Q6BGuP,4qakrepGDvBWiTqAe,39.0,0,0,0,0,0,1,2,0,1,0,0,0
HohcuivFAp5Q6BGuP,7tGAHjAt4efZCofDm,46.0,0,1,1,0,0,0,1,1,0,0,0,0
HohcuivFAp5Q6BGuP,AhsusT24xwpC7LPi2,47.0,0,1,1,0,0,0,2,0,1,0,0,0
HohcuivFAp5Q6BGuP,HcJD3c6NwTnTeC6ab,68.0,0,0,0,0,0,1,2,0,1,0,0,0
HohcuivFAp5Q6BGuP,Lef9PJSNxJzLnFWjL,27.0,0,1,1,0,0,0,2,0,1,0,0,0
HohcuivFAp5Q6BGuP,f8D2Bh3ZxsyWAMFc6,43.0,0,1,1,0,0,0,1,1,0,0,0,0
HohcuivFAp5Q6BGuP,ohNtaznMTrDraTuTr,25.0,0,1,1,0,0,0,3,0,0,1,0,0
HohcuivFAp5Q6BGuP,utAfWfFBqmeYqEgGY,23.0,0,1,1,0,0,0,2,0,1,0,0,0
HohcuivFAp5Q6BGuP,zn9uuLvSbz2gJwfs3,32.0,0,0,0,0,0,1,1,1,0,0,0,0
HrczRL6YXMbvaEsqf,6wQK76dLxAEpeFvCD,28.0,0,1,1,0,0,0,2,0,1,0,0,0
HrczRL6YXMbvaEsqf,C7ZMj7NQwbsRZoyA3,23.0,0,1,1,0,0,0,2,0,1,0,0,0
HrczRL6YXMbvaEsqf,DrQaRBnXEfA4uwxJD,38.0,0,1,1,0,0,0,1,1,0,0,0,0
HrczRL6YXMbvaEsqf,YTspzJ8dijfSSyXqa,36.0,0,0,0,0,0,1,1,1,0,0,0,0
HrczRL6YXMbvaEsqf,vDAub3EZLuaWcz98Q,34.0,0,0,0,0,0,1,2,0,1,0,0,0
JFERtdbEhHGdPKL5G,6LhBRY4p4pmXE9BDp,30.0,0,0,0,0,0,1,3,0,0,1,0,0
JFERtdbEhHGdPKL5G,6p4JArxbGs6vTMJrF,49.0,0,0,0,0,0,1,1,1,0,0,0,0
JFERtdbEhHGdPKL5G,BtSdupFbAuw5j7JoX,37.0,0,3,0,0,1,0,2,0,1,0,0,0
JFERtdbEhHGdPKL5G,DK4odpXgeGkdRcGqp,37.0,0,1,1,0,0,0,2,0,1,0,0,0
JFERtdbEhHGdPKL5G,MsjeDJcbWNicNSCo6,45.0,0,1,1,0,0,0,2,0,1,0,0,0
JFERtdbEhHGdPKL5G,WJc5sQj9uZhevHKuw,33.0,0,1,1,0,0,0,1,1,0,0,0,0
JFERtdbEhHGdPKL5G,WS5DNCT2srqJMEh8i,16.0,0,1,1,0,0,0,2,0,1,0,0,0
JFERtdbEhHGdPKL5G,Ws79ibjhbmCfuQo8y,34.0,0,0,0,0,0,1,2,0,1,0,0,0
JFERtdbEhHGdPKL5G,eE2rtaLzHmDCS72m5,24.0,0,0,0,0,0,1,2,0,1,0,0,0
JFERtdbEhHGdPKL5G,hs6nqEMGJ6g5XKvr3,23.0,0,0,0,0,0,1,2,0,1,0,0,0
JFERtdbEhHGdPKL5G,kiWnFD5K9XANB2yCS,39.0,0,1,1,0,0,0,2,0,1,0,0,0
JFERtdbEhHGdPKL5G,ou62m4D5oiDJnLqpa,22.0,0,1,1,0,0,0,2,0,1,0,0,0
JFERtdbEhHGdPKL5G,p66sxKbEPoRx7t9EF,28.0,0,0,0,0,0,1,2,0,1,0,0,0
JFERtdbEhHGdPKL5G,pxjow6p8Cck2JoTbR,36.0,0,1,1,0,0,0,1,1,0,0,0,0
JFERtdbEhHGdPKL5G,rJW7h6sGmxTbfZKMo,37.0,0,0,0,0,0,1,3,0,0,1,0,0
JFERtdbEhHGdPKL5G,v2qa5iJzpnec62nSt,34.0,0,1,1,0,0,0,2,0,1,0,0,0
JFERtdbEhHGdPKL5G,whkm2oCuZce5uGuhY,31.0,0,1,1,0,0,0,2,0,1,0,0,0
Jk2TeDi3nXCYfBfYp,2MnLCDYRzZY6XWumj,32.0,0,0,0,0,0,1,2,0,1,0,0,0
Jk2TeDi3nXCYfBfYp,3bMNgNRn6BiymKHMa,62.0,0,0,0,0,0,1,2,0,1,0,0,0
Jk2TeDi3nXCYfBfYp,4qR6QzTYCCLtTGQhc,29.0,0,1,1,0,0,0,2,0,1,0,0,0
Jk2TeDi3nXCYfBfYp,928ZZcdcZW3yZWus6,37.0,0,0,0,0,0,1,2,0,1,0,0,0
Jk2TeDi3nXCYfBfYp,C8aMkYELR6G7HkKDo,45.0,0,0,0,0,0,1,1,1,0,0,0,0
Jk2TeDi3nXCYfBfYp,MbRCsgonnyvBMi5sw,37.0,0,1,1,0,0,0,3,0,0,1,0,0
Jk2TeDi3nXCYfBfYp,WGDneEr6FFWbEigpA,51.0,0,0,0,0,0,1,1,1,0,0,0,0
Jk2TeDi3nXCYfBfYp,WjxMBp2SoMNtNCuvt,61.0,0,0,0,0,0,1,2,0,1,0,0,0
Jk2TeDi3nXCYfBfYp,XFx6aGQQPR45ZGnRj,41.0,0,1,1,0,0,0,2,0,1,0,0,0
Jk2TeDi3nXCYfBfYp,aX7ttGhbEwsicBWYr,53.0,0,1,1,0,0,0,2,0,1,0,0,0
Jk2TeDi3nXCYfBfYp,hSgW5L7zawZZ3QzTp,48.0,0,0,0,0,0,1,1,1,0,0,0,0
Jk2TeDi3nXCYfBfYp,hqb3pawENqEeDeKor,34.0,0,1,1,0,0,0,2,0,1,0,0,0
Jk2TeDi3nXCYfBfYp,nDAzYwNcFpBMNLXZi,60.0,0,1,1,0,0,0,2,0,1,0,0,0
Jk2TeDi3nXCYfBfYp,vi26ccixhM4rcTNjp,39.0,0,0,0,0,0,1,2,0,1,0,0,0
Jk2TeDi3nXCYfBfYp,wePYQ4TnDLw8tX2t2,43.0,0,1,1,0,0,0,3,0,0,1,0,0
Jk2TeDi3nXCYfBfYp,xuAbyZySYsHZgi6LL,40.0,0,0,0,0,0,1,1,1,0,0,0,0
JmYG5zXxdsfdzSnMx,5brra9cjRGRY2bsuj,33.0,0,1,1,0,0,0,4,0,0,0,1,0
JmYG5zXxdsfdzSnMx,8e7g9Ed9igkTzK2ML,38.0,0,0,0,0,0,1,4,0,0,0,1,0
JmYG5zXxdsfdzSnMx,X68aqqR5n6qqnst9x,53.0,0,0,0,0,0,1,2,0,1,0,0,0
JmYG5zXxdsfdzSnMx,YPfPyeMLTizvyzf7E,19.0,0,1,1,0,0,0,1,1,0,0,0,0
JmYG5zXxdsfdzSnMx,dkkZjAjTpZSSX6yWY,32.0,0,1,1,0,0,0,1,1,0,0,0,0
JmYG5zXxdsfdzSnMx,mhsBBXqk9eLM8xfAG,20.0,0,1,1,0,0,0,2,0,1,0,0,0
JmYG5zXxdsfdzSnMx,x7qe5Nuf46jdQaGvv,26.0,0,1,1,0,0,0,1,1,0,0,0,0
JzBnLNCjZmuywFp5a,7TLomr58NbBaxPFve,36.0,0,1,1,0,0,0,1,1,0,0,0,0
JzBnLNCjZmuywFp5a,9aoWtw6EanzKPwZau,23.0,0,0,0,0,0,1,3,0,0,1,0,0
JzBnLNCjZmuywFp5a,E6Fxd9hZfYyCXFqNQ,35.0,0,1,1,0,0,0,1,1,0,0,0,0
JzBnLNCjZmuywFp5a,F4b85BT8zYXe6iMQD,39.0,0,0,0,0,0,1,2,0,1,0,0,0
JzBnLNCjZmuywFp5a,HB74TC5rwvD7ak5nc,23.0,0,1,1,0,0,0,1,1,0,0,0,0
JzBnLNCjZmuywFp5a,LyJNaJjEbodaGzbTr,31.0,0,1,1,0,0,0,2,0,1,0,0,0
JzBnLNCjZmuywFp5a,ePcWoHaMCvAXFjdMe,28.0,0,1,1,0,0,0,4,0,0,0,1,0
JzBnLNCjZmuywFp5a,qgq65k9mt4cgFRuem,20.0,0,1,1,0,0,0,1,1,0,0,0,0
JzBnLNCjZmuywFp5a,zbWmKAvvq2XsQk5sr,47.0,0,1,1,0,0,0,2,0,1,0,0,0
KuH5GTYQGFgwSdN9M,8iN8vWgdMyJzhT9pL,49.0,0,0,0,0,0,1,2,0,1,0,0,0
KuH5GTYQGFgwSdN9M,AHq7qyLgQYoFqRc8t,41.0,0,1,1,0,0,0,3,0,0,1,0,0
KuH5GTYQGFgwSdN9M,DpXzMdhu3Pdb8GadW,38.0,0,0,0,0,0,1,3,0,0,1,0,0
KuH5GTYQGFgwSdN9M,EZTuTZpeHTnyT7hQP,32.0,0,1,1,0,0,0,2,0,1,0,0,0
LHE7C8Wv7mXiat35S,6a6TWoHvkDHZNN4iE,32.0,0,3,0,0,1,0,1,1,0,0,0,0
LHE7C8Wv7mXiat35S,MyTEidMiEkEd35ANa,32.0,0,1,1,0,0,0,3,0,0,1,0,0
LHE7C8Wv7mXiat35S,Q3G2s98MpXZig8P2x,26.0,0,1,1,0,0,0,2,0,1,0,0,0
LHE7C8Wv7mXiat35S,ZHzdyvs5oYTa4tmCW,36.0,0,1,1,0,0,0,2,0,1,0,0,0
LHE7C8Wv7mXiat35S,iWFu4WcBZiadbr5iJ,49.0,0,1,1,0,0,0,2,0,1,0,0,0
LHE7C8Wv7mXiat35S,vsqi6MKRsWtifiL4K,40.0,0,0,0,0,0,1,2,0,1,0,0,0
Ln9Kqj8uXAbkFSouT,47QdXfPzA895iN5Dm,31.0,0,1,1,0,0,0,2,0,1,0,0,0
Ln9Kqj8uXAbkFSouT,McS39ggWj3ZCgC9Gf,45.0,0,0,0,0,0,1,1,1,0,0,0,0
Ln9Kqj8uXAbkFSouT,YDGGG49DWAw7qYnxF,33.0,0,1,1,0,0,0,1,1,0,0,0,0
Ln9Kqj8uXAbkFSouT,Yt8PfY3fTwJPLz3mt,27.0,0,1,1,0,0,0,3,0,0,1,0,0
Ln9Kqj8uXAbkFSouT,dkeZENTDneXj5wePj,31.0,0,0,0,0,0,1,2,0,1,0,0,0
Ln9Kqj8uXAbkFSouT,jiiJaofh3xd8WgHkj,32.0,0,2,0,1,0,0,4,0,0,0,1,0
Ln9Kqj8uXAbkFSouT,qu234Gg9fMxR9yd7d,52.0,0,0,0,0,0,1,1,1,0,0,0,0
Ln9Kqj8uXAbkFSouT,ssyAwiFaf7LHwJFgt,25.0,0,1,1,0,0,0,1,1,0,0,0,0
Ln9Kqj8uXAbkFSouT,umk89SoWMbfpW4PSq,52.0,0,0,0,0,0,1,3,0,0,1,0,0
Ln9Kqj8uXAbkFSouT,xDm4eyhAjjDicBpy4,51.0,0,0,0,0,0,1,1,1,0,0,0,0
MLmHDwTJ3RPSmynJq,3fcGhBAt6KMP9YoHT,41.0,0,1,1,0,0,0,2,0,1,0,0,0
MLmHDwTJ3RPSmynJq,6RmWP79gHw3w3LxtK,30.0,0,1,1,0,0,0,2,0,1,0,0,0
MLmHDwTJ3RPSmynJq,8BuNnHvaAHm6ZCQiL,31.0,0,0,0,0,0,1,1,1,0,0,0,0
MLmHDwTJ3RPSmynJq,DJnZymqd6eXE2EYjs,35.0,0,1,1,0,0,0,2,0,1,0,0,0
MLmHDwTJ3RPSmynJq,EwByz9qiMbrgwMpPv,26.0,0,1,1,0,0,0,1,1,0,0,0,0
MLmHDwTJ3RPSmynJq,Nm2bvepYs4MuL6Aek,20.0,0,0,0,0,0,1,1,1,0,0,0,0
MLmHDwTJ3RPSmynJq,Re3EN5dQWKFYK384D,49.0,0,0,0,0,0,1,1,1,0,0,0,0
MLmHDwTJ3RPSmynJq,Y6LW86cEsYmKf6RaF,32.0,0,1,1,0,0,0,1,1,0,0,0,0
MLmHDwTJ3RPSmynJq,m5w56Fxs6ehkau6zS,22.0,0,1,1,0,0,0,2,0,1,0,0,0
MLmHDwTJ3RPSmynJq,pQqNcqSRteJWBXqAR,26.0,0,0,0,0,0,1,2,0,1,0,0,0
MLmHDwTJ3RPSmynJq,rsoQYPXqgC7YZHh3K,41.0,0,1,1,0,0,0,1,1,0,0,0,0
MLmHDwTJ3RPSmynJq,vcmGbpmDtRWngB68W,30.0,0,1,1,0,0,0,1,1,0,0,0,0
MLmHDwTJ3RPSmynJq,vfWzZN7uiPg4covc9,36.0,0,0,0,0,0,1,3,0,0,1,0,0
MLmHDwTJ3RPSmynJq,xiZoRbwcBbHoJnv8W,20.0,0,1,1,0,0,0,1,1,0,0,0,0
MMjtNevGGub53cyqS,4aQq9E4raPRGXDFnB,36.0,0,0,0,0,0,1,1,1,0,0,0,0
MMjtNevGGub53cyqS,6zsWzGzQDdyDMaWG3,24.0,0,1,1,0,0,0,3,0,0,1,0,0
MMjtNevGGub53cyqS,9QuRiqCMh9rRTNhiu,41.0,0,1,1,0,0,0,2,0,1,0,0,0
MMjtNevGGub53cyqS,9XeMCwEtPC6AAYygH,24.0,0,1,1,0,0,0,1,1,0,0,0,0
MMjtNevGGub53cyqS,AxZbPuWykeEqJaHiH,23.0,0,1,1,0,0,0,2,0,1,0,0,0
MMjtNevGGub53cyqS,CRRxenYThXsZrpC3S,38.0,0,1,1,0,0,0,1,1,0,0,0,0
MMjtNevGGub53cyqS,EgDtc2qBF5cNttzdT,45.0,0,1,1,0,0,0,3,0,0,1,0,0
MMjtNevGGub53cyqS,KmRd9mv6BG2DRLTN5,42.0,0,1,1,0,0,0,2,0,1,0,0,0
MMjtNevGGub53cyqS,RXSKwkpXDgoLZK6Mw,58.0,0,1,1,0,0,0,2,0,1,0,0,0
MMjtNevGGub53cyqS,YMvxXhugEikLLvHEM,29.0,0,0,0,0,0,1,1,1,0,0,0,0
MMjtNevGGub53cyqS,Z3ued5BdzxgiSAnyf,26.0,0,0,0,0,0,1,1,1,0,0,0,0
MMjtNevGGub53cyqS,aJHkoCHtemFz5fgvp,36.0,0,1,1,0,0,0,2,0,1,0,0,0
MMjtNevGGub53cyqS,g7gYBuEdKXXTYh36X,25.0,0,1,1,0,0,0,2,0,1,0,0,0
MMjtNevGGub53cyqS,he4PXLQChfqXpNiLY,30.0,0,1,1,0,0,0,1,1,0,0,0,0
MMjtNevGGub53cyqS,nxKwNnjcnKHWDZMun,49.0,0,1,1,0,0,0,3,0,0,1,0,0
MMjtNevGGub53cyqS,qYg4poShyP8gRbJuu,47.0,0,0,0,0,0,1,2,0,1,0,0,0
MMjtNevGGub53cyqS,sGPBzejQFTkas5bEi,28.0,0,0,0,0,0,1,1,1,0,0,0,0
MMjtNevGGub53cyqS,zM6cXQ8HCw9EnYfyn,33.0,0,0,0,0,0,1,2,0,1,0,0,0
PjD5F5icMqLaaRiqu,5rSgSE7iagvgsAA7D,61.0,0,1,1,0,0,0,1,1,0,0,0,0
PjD5F5icMqLaaRiqu,SvfgfFrGwr6WoyYuP,53.0,0,1,1,0,0,0,4,0,0,0,1,0
PjD5F5icMqLaaRiqu,uJqY5CSfudrRWfEMd,35.0,0,0,0,0,0,1,4,0,0,0,1,0
PmQ3hZgkB8nKp5ZYE,4Dx6hXi5yvGFT2CgY,21.0,0,1,1,0,0,0,1,1,0,0,0,0
PmQ3hZgkB8nKp5ZYE,C3o4vxjHTeX2pAMkd,26.0,0,1,1,0,0,0,1,1,0,0,0,0
PmQ3hZgkB8nKp5ZYE,emZthbEeusyQj4JM7,29.0,0,1,1,0,0,0,3,0,0,1,0,0
PmQ3hZgkB8nKp5ZYE,h4Fgh5eRdr8es7rJ6,21.0,0,0,0,0,0,1,1,1,0,0,0,0
PmQ3hZgkB8nKp5ZYE,rMgqjhekXMpQ6qvRi,49.0,0,0,0,0,0,1,1,1,0,0,0,0
PmQ3hZgkB8nKp5ZYE,tsdv3Hsmb6bXxBDvt,22.0,0,1,1,0,0,0,1,1,0,0,0,0
PsqZhCu3YwXicjGGa,DRmEweumHirS3wdya,31.0,0,0,0,0,0,1,2,0,1,0,0,0
PsqZhCu3YwXicjGGa,QE2QXXJdpQ5TvAezf,52.0,0,1,1,0,0,0,3,0,0,1,0,0
PsqZhCu3YwXicjGGa,bvxggxbZeRWWpBGem,32.0,0,1,1,0,0,0,2,0,1,0,0,0
PsqZhCu3YwXicjGGa,dXZLHtPiJ2LES3gL5,37.0,0,1,1,0,0,0,3,0,0,1,0,0
QK4gCZ7BWrravTaAL,Gq66k4Qg5KmEQiyfM,40.0,0,1,1,0,0,0,1,1,0,0,0,0
QK4gCZ7BWrravTaAL,ZhYbCHC5sHmXARqgQ,35.0,0,1,1,0,0,0,3,0,0,1,0,0
QK4gCZ7BWrravTaAL,fpznKpFEFJrhTXdhM,33.0,0,1,1,0,0,0,4,0,0,0,1,0
QK4gCZ7BWrravTaAL,pL3CP9zS2PzYAKsd2,30.0,0,1,1,0,0,0,4,0,0,0,1,0
QK7Qydbg5D3GvBnz6,4c3eEyJLSP78uQeHT,25.0,0,1,1,0,0,0,2,0,1,0,0,0
QK7Qydbg5D3GvBnz6,EhgrfYoc6pJ4jQMEE,42.0,0,1,1,0,0,0,1,1,0,0,0,0
QK7Qydbg5D3GvBnz6,FaRrkqWdMYhaFW62j,31.0,0,1,1,0,0,0,2,0,1,0,0,0
QK7Qydbg5D3GvBnz6,Haa5ccvd7xQLPhH2k,39.0,0,1,1,0,0,0,2,0,1,0,0,0
QK7Qydbg5D3GvBnz6,JGQ8mwfA9jr7RxrbG,50.0,0,1,1,0,0,0,3,0,0,1,0,0
QK7Qydbg5D3GvBnz6,XWfHWQzKhniWKuD7c,43.0,0,0,0,0,0,1,1,1,0,0,0,0
QK7Qydbg5D3GvBnz6,XpqAcARqanmC5xRpQ,39.0,0,1,1,0,0,0,2,0,1,0,0,0
QK7Qydbg5D3GvBnz6,XyNjyvqb6CSqEsM5B,36.0,0,1,1,0,0,0,1,1,0,0,0,0
QK7Qydbg5D3GvBnz6,aTwGYYFYZqsyZ9GFm,32.0,0,1,1,0,0,0,1,1,0,0,0,0
QK7Qydbg5D3GvBnz6,p5dsFuHAiJoE6t4rs,49.0,0,1,1,0,0,0,2,0,1,0,0,0
QK7Qydbg5D3GvBnz6,wXRngCnj4pcNwAqpu,36.0,0,1,1,0,0,0,3,0,0,1,0,0
QK7Qydbg5D3GvBnz6,yHqaJkEgiE2dmcMdd,46.0,0,1,1,0,0,0,3,0,0,1,0,0
R9mg6ddTdNjw6MLDC,4ua4acJnWspKY89eP,22.0,0,0,0,0,0,1,2,0,1,0,0,0
R9mg6ddTdNjw6MLDC,5tSXW3GFW7rG7oBdc,66.0,0,0,0,0,0,1,3,0,0,1,0,0
R9mg6ddTdNjw6MLDC,EdSyCXXhBHzvzcJXr,32.0,0,1,1,0,0,0,4,0,0,0,1,0
R9mg6ddTdNjw6MLDC,cN7Eyc9aM5fb5xmed,28.0,0,0,0,0,0,1,2,0,1,0,0,0
R9mg6ddTdNjw6MLDC,dYq4KeHdcqmvfJndP,33.0,0,1,1,0,0,0,2,0,1,0,0,0
R9mg6ddTdNjw6MLDC,kstaYPdpiP2izo9kZ,26.0,0,1,1,0,0,0,1,1,0,0,0,0
R9mg6ddTdNjw6MLDC,oRkQHNLfkGLH8CFu3,37.0,0,1,1,0,0,0,3,0,0,1,0,0
R9mg6ddTdNjw6MLDC,osCCmyfHXK9bwBP6e,29.0,0,1,1,0,0,0,4,0,0,0,1,0
R9mg6ddTdNjw6MLDC,s87WChTnNvHsdKuaB,34.0,0,1,1,0,0,0,3,0,0,1,0,0
RwK2BFvCRH5G29wNT,7MFXuNn7in3Z28epD,26.0,0,0,0,0,0,1,2,0,1,0,0,0
RwK2BFvCRH5G29wNT,7veNqr7Aa3kddbd8x,41.0,0,0,0,0,0,1,2,0,1,0,0,0
RwK2BFvCRH5G29wNT,DkLpWhDzELC6L3emx,42.0,0,0,0,0,0,1,3,0,0,1,0,0
RwK2BFvCRH5G29wNT,FCpHtw4S2GGJRhuR2,46.0,0,1,1,0,0,0,2,0,1,0,0,0
RwK2BFvCRH5G29wNT,PbS4c2awe3o6hA7HY,20.0,0,0,0,0,0,1,1,1,0,0,0,0
RwK2BFvCRH5G29wNT,QXGhntx6NYRvNcSf2,33.0,0,1,1,0,0,0,1,1,0,0,0,0
RwK2BFvCRH5G29wNT,gjY5btvSFrdhHEzTN,35.0,0,0,0,0,0,1,1,1,0,0,0,0
RwK2BFvCRH5G29wNT,nxybQnzpLw9e2gfp8,62.0,0,0,0,0,0,1,2,0,1,0,0,0
RwK2BFvCRH5G29wNT,qomernskQmBrKtW6A,28.0,0,0,0,0,0,1,2,0,1,0,0,0
RwK2BFvCRH5G29wNT,r8pJz7f5qJtkh6wt8,35.0,0,1,1,0,0,0,3,0,0,1,0,0
RwK2BFvCRH5G29wNT,ug3fyoNuWptARwrX7,54.0,0,1,1,0,0,0,3,0,0,1,0,0
RwK2BFvCRH5G29wNT,yhJr9KJ37pMeLe3Gs,45.0,0,0,0,0,0,1,2,0,1,0,0,0
TApZTMBeJTdjxX76Q,7cQkrds6wHxZCo6ff,50.0,0,1,1,0,0,0,1,1,0,0,0,0
TApZTMBeJTdjxX76Q,BQZD72NLNHMgeXQuw,24.0,0,1,1,0,0,0,3,0,0,1,0,0
TApZTMBeJTdjxX76Q,RuYtSoMiKtrn7gZAc,29.0,0,1,1,0,0,0,1,1,0,0,0,0
TApZTMBeJTdjxX76Q,WSebzy6hZfjgnJnqg,45.0,0,1,1,0,0,0,2,0,1,0,0,0
TApZTMBeJTdjxX76Q,a9ZKvuzX6Dmo2FKJE,35.0,0,0,0,0,0,1,2,0,1,0,0,0
TApZTMBeJTdjxX76Q,cS79vjXNt3k5WegYg,63.0,0,0,0,0,0,1,2,0,1,0,0,0
TApZTMBeJTdjxX76Q,mrT8LzDvygHcaW6xg,31.0,0,1,1,0,0,0,2,0,1,0,0,0
TApZTMBeJTdjxX76Q,sMx98JDgLrAi4uy9o,59.0,0,1,1,0,0,0,1,1,0,0,0,0
TApZTMBeJTdjxX76Q,t6Zp4jYAfFGawmPeP,56.0,0,0,0,0,0,1,3,0,0,1,0,0
TApZTMBeJTdjxX76Q,tKtMPc55PySN7AnXK,32.0,0,1,1,0,0,0,3,0,0,1,0,0
TApZTMBeJTdjxX76Q,uise4K7kSQJnY6j8B,52.0,0,0,0,0,0,1,1,1,0,0,0,0
TApZTMBeJTdjxX76Q,wtyaocyzcJScHQsvu,36.0,0,1,1,0,0,0,2,0,1,0,0,0
TApZTMBeJTdjxX76Q,y2quYw8F4bNDwfFoG,57.0,0,1,1,0,0,0,4,0,0,0,1,0
Ta3gNvC3PqgJugio8,3iTFMZADoBSZJGKBq,30.0,0,1,1,0,0,0,3,0,0,1,0,0
Ta3gNvC3PqgJugio8,KHhfxDTQYEw7jMQaB,24.0,0,1,1,0,0,0,1,1,0,0,0,0
Ta3gNvC3PqgJugio8,LGT42SEonrZjoLz2d,28.0,0,0,0,0,0,1,1,1,0,0,0,0
Ta3gNvC3PqgJugio8,YTmB8scHbbryaiQx4,41.0,0,0,0,0,0,1,2,0,1,0,0,0
Ta3gNvC3PqgJugio8,YeJSCtzvGKjqRESgu,24.0,0,1,1,0,0,0,2,0,1,0,0,0
Ta3gNvC3PqgJugio8,bfpiPwCAuHpTC2wwE,41.0,0,0,0,0,0,1,3,0,0,1,0,0
Ta3gNvC3PqgJugio8,cF345EwLjmWa2kykg,39.0,0,1,1,0,0,0,2,0,1,0,0,0
Ta3gNvC3PqgJugio8,cYz8PyY7aQsZcGahK,47.0,0,1,1,0,0,0,2,0,1,0,0,0
Ta3gNvC3PqgJugio8,koitFAfPSo7tZoeXr,21.0,0,1,1,0,0,0,1,1,0,0,0,0
Ta3gNvC3PqgJugio8,yAm3ZGjY85JDJtTh8,47.0,0,0,0,0,0,1,2,0,1,0,0,0
TbL5wguJpyDGWP3Lw,H2brAW4FbMmwP2qWB,32.0,0,0,0,0,0,1,2,0,1,0,0,0
TbL5wguJpyDGWP3Lw,Xxnb2wY5kuoi3sW2u,48.0,0,0,0,0,0,1,2,0,1,0,0,0
TbL5wguJpyDGWP3Lw,xwzxK3rgmLXW9vMZL,30.0,0,1,1,0,0,0,1,1,0,0,0,0
TzHwDYFvukpQXXmHg,C2ihfLukrHyzuF79E,25.0,0,1,1,0,0,0,1,1,0,0,0,0
TzHwDYFvukpQXXmHg,Gay4GDRfgahAxe3BZ,30.0,0,0,0,0,0,1,1,1,0,0,0,0
TzHwDYFvukpQXXmHg,XDXwuGqMNRex4h7Eh,24.0,0,1,1,0,0,0,2,0,1,0,0,0
TzHwDYFvukpQXXmHg,yK9TacEn7Wm7nJkoz,36.0,0,0,0,0,0,1,2,0,1,0,0,0
W5dH6qRjx9pHLdkay,4T96fk7suiz8Gjg69,34.0,0,0,0,0,0,1,3,0,0,1,0,0
W5dH6qRjx9pHLdkay,NChD66gTkajWZPamF,36.0,0,0,0,0,0,1,2,0,1,0,0,0
W5dH6qRjx9pHLdkay,cDvkXw2PbsyRTRBiC,48.0,0,0,0,0,0,1,2,0,1,0,0,0
W5dH6qRjx9pHLdkay,fmwffZuA69FYCiZe6,38.0,0,1,1,0,0,0,2,0,1,0,0,0
W5dH6qRjx9pHLdkay,y7rTzZu8nu72eCQQH,65.0,0,1,1,0,0,0,4,0,0,0,1,0
WLCQkELwKKco9q6aq,AiKKZQ26a4W9xWD3g,30.0,0,1,1,0,0,0,2,0,1,0,0,0
WLCQkELwKKco9q6aq,EjW7fbCyFMmfyGvyb,47.0,0,0,0,0,0,1,1,1,0,0,0,0
WLCQkELwKKco9q6aq,Lv7bXSnY7ieYbsXXW,26.0,0,0,0,0,0,1,2,0,1,0,0,0
WLCQkELwKKco9q6aq,MXtE5TczAJdjfq7p2,27.0,0,1,1,0,0,0,2,0,1,0,0,0
WLCQkELwKKco9q6aq,PZXecsQqR3qXPL8Y2,31.0,0,0,0,0,0,1,1,1,0,0,0,0
WLCQkELwKKco9q6aq,h3pQchiSFoN3DY4so,52.0,0,1,1,0,0,0,3,0,0,1,0,0
WLCQkELwKKco9q6aq,ixkPnuBLdd7xPomR3,29.0,0,0,0,0,0,1,1,1,0,0,0,0
WLCQkELwKKco9q6aq,jEjqHquMBMGZzwFDh,47.0,0,1,1,0,0,0,1,1,0,0,0,0
WLCQkELwKKco9q6aq,m4iSYrqC9DsE27bTS,34.0,0,0,0,0,0,1,2,0,1,0,0,0
WLCQkELwKKco9q6aq,nzfbk6dnJXDKx7A3D,51.0,0,1,1,0,0,0,1,1,0,0,0,0
WLCQkELwKKco9q6aq,rWT3ENJGLXzfFyerk,25.0,0,0,0,0,0,1,2,0,1,0,0,0
WZwqGocuWKmCDKx55,5zTRPTZ64rmosrRrC,52.0,0,1,1,0,0,0,1,1,0,0,0,0
WZwqGocuWKmCDKx55,7dcBwaw4nPR8puBCi,25.0,0,1,1,0,0,0,1,1,0,0,0,0
WZwqGocuWKmCDKx55,AzwdNDYWmjrpp4x5m,31.0,0,1,1,0,0,0,1,1,0,0,0,0
WZwqGocuWKmCDKx55,eiF2usFedvbtTCbNF,37.0,0,1,1,0,0,0,2,0,1,0,0,0
Wh693tc2FgzWxBzS4,4PhSt6imvggt2EBx7,40.0,0,1,1,0,0,0,3,0,0,1,0,0
Wh693tc2FgzWxBzS4,6HurysWi7GHfRtq8Z,62.0,0,0,0,0,0,1,2,0,1,0,0,0
Wh693tc2FgzWxBzS4,7FHXR5PpJCDpqXdNv,45.0,0,0,0,0,0,1,1,1,0,0,0,0
Wh693tc2FgzWxBzS4,Ft8GKrPQh74b3xvKX,32.0,0,1,1,0,0,0,1,1,0,0,0,0
Wh693tc2FgzWxBzS4,JHL3AoWTpc7nEonER,24.0,0,0,0,0,0,1,1,1,0,0,0,0
Wh693tc2FgzWxBzS4,JLyJYyHgizMt6riAC,30.0,0,1,1,0,0,0,2,0,1,0,0,0
Wh693tc2FgzWxBzS4,PAtdHjjmwzSpf49ky,44.0,0,1,1,0,0,0,2,0,1,0,0,0
Wh693tc2FgzWxBzS4,RRJQfQeGL7WTytMF2,39.0,0,0,0,0,0,1,1,1,0,0,0,0
Wh693tc2FgzWxBzS4,YC3qYF3DEsqWgg62C,41.0,0,1,1,0,0,0,2,0,1,0,0,0
Wh693tc2FgzWxBzS4,YHx36HrJqPqMXqPQ2,21.0,0,1,1,0,0,0,1,1,0,0,0,0
Wh693tc2FgzWxBzS4,bphDZzbdrCbdTbu4L,48.0,0,1,1,0,0,0,1,1,0,0,0,0
Wh693tc2FgzWxBzS4,cJ57Ebtz6MxLB4obp,22.0,0,1,1,0,0,0,1,1,0,0,0,0
Wh693tc2FgzWxBzS4,h3FpophpEuTb4AKnv,26.0,0,0,0,0,0,1,1,1,0,0,0,0
Wh693tc2FgzWxBzS4,kH2DbA2ahXWdjXXxb,43.0,0,0,0,0,0,1,1,1,0,0,0,0
Wh693tc2FgzWxBzS4,kfZ7Cixfx4DMmFWCn,35.0,0,0,0,0,0,1,2,0,1,0,0,0
Wh693tc2FgzWxBzS4,md5FFDJrpR4NRM7c2,32.0,0,1,1,0,0,0,1,1,0,0,0,0
Wh693tc2FgzWxBzS4,sk3vjy2yjZSe4ewRc,23.0,0,0,0,0,0,1,4,0,0,0,1,0
Wh693tc2FgzWxBzS4,yyvv5L3vLBXodAamt,32.0,0,1,1,0,0,0,2,0,1,0,0,0
Wh693tc2FgzWxBzS4,zhLG9DZgTgPaDDGKx,34.0,0,0,0,0,0,1,2,0,1,0,0,0
XSBNh3n7r4FXve28j,6SDTk59PSihTMYqQm,51.0,0,1,1,0,0,0,2,0,1,0,0,0
XSBNh3n7r4FXve28j,9S8aY52S7RmBaQKEQ,35.0,0,1,1,0,0,0,1,1,0,0,0,0
XSBNh3n7r4FXve28j,F2h2T2J49wrJ9mkPT,35.0,0,0,0,0,0,1,3,0,0,1,0,0
XSBNh3n7r4FXve28j,Nj7r33EN45pug3Emj,21.0,0,0,0,0,0,1,1,1,0,0,0,0
XSBNh3n7r4FXve28j,WYhRZzAkfLnNRs5Rs,46.0,0,0,0,0,0,1,4,0,0,0,1,0
XSBNh3n7r4FXve28j,Ykxe4AZNh745i4vH3,40.0,0,1,1,0,0,0,2,0,1,0,0,0
XSBNh3n7r4FXve28j,ZF2Bh64cn93gPMCcv,56.0,0,0,0,0,0,1,2,0,1,0,0,0
XSBNh3n7r4FXve28j,a6y26PyTLCJm6zCA9,28.0,0,1,1,0,0,0,1,1,0,0,0,0
XSBNh3n7r4FXve28j,d2zDdAYu4dL5Lk9TJ,49.0,0,1,1,0,0,0,3,0,0,1,0,0
XSBNh3n7r4FXve28j,gzH3pCZMAyzJs9SpE,20.0,0,0,0,0,0,1,2,0,1,0,0,0
XSBNh3n7r4FXve28j,gzswZPAb66meLe2Xu,34.0,0,1,1,0,0,0,3,0,0,1,0,0
XSBNh3n7r4FXve28j,riTN64QK43kMHaDYH,47.0,0,0,0,0,0,1,2,0,1,0,0,0
XSBNh3n7r4FXve28j,w6uP4vJEzJZWCERpF,42.0,0,1,1,0,0,0,3,0,0,1,0,0
XSBNh3n7r4FXve28j,wKMHykZyRLoKYArjS,46.0,0,0,0,0,0,1,2,0,1,0,0,0
Xut3K98uPfJMEcaLp,3dS8k8wZbxifQQGfJ,47.0,0,1,1,0,0,0,1,1,0,0,0,0
Xut3K98uPfJMEcaLp,774oKg5vvNFhxdXzP,37.0,0,1,1,0,0,0,3,0,0,1,0,0
Xut3K98uPfJMEcaLp,BEmkCnNdhuPDX8TJF,37.0,0,0,0,0,0,1,2,0,1,0,0,0
Xut3K98uPfJMEcaLp,BqdwYZTWTdqDp88mC,47.0,0,1,1,0,0,0,2,0,1,0,0,0
Xut3K98uPfJMEcaLp,CmcyJBxTWiEAbsJ7J,42.0,0,0,0,0,0,1,3,0,0,1,0,0
Xut3K98uPfJMEcaLp,EAssTxtGWbvjtRBct,34.0,0,0,0,0,0,1,3,0,0,1,0,0
Xut3K98uPfJMEcaLp,EzC3NFbR8FXY7CnxQ,39.0,0,0,0,0,0,1,3,0,0,1,0,0
Xut3K98uPfJMEcaLp,LepRuwmN2MYbCWKM2,23.0,0,0,0,0,0,1,2,0,1,0,0,0
Xut3K98uPfJMEcaLp,QNNu9EtXQPMQbRX6w,22.0,0,1,1,0,0,0,1,1,0,0,0,0
Xut3K98uPfJMEcaLp,XosDDW42GkWGhMXWe,32.0,0,0,0,0,0,1,2,0,1,0,0,0
Xut3K98uPfJMEcaLp,cYotXgpFjNk26rfBQ,53.0,0,0,0,0,0,1,1,1,0,0,0,0
Xut3K98uPfJMEcaLp,gcxvdjogigMSbHtCD,36.0,0,0,0,0,0,1,1,1,0,0,0,0
Xut3K98uPfJMEcaLp,jmeshD2nmXXRQvJFS,36.0,0,0,0,0,0,1,2,0,1,0,0,0
Xut3K98uPfJMEcaLp,kPPwjf8idMkhxASz2,19.0,0,1,1,0,0,0,1,1,0,0,0,0
Xut3K98uPfJMEcaLp,kcL7ReB4a5x6PcJ45,43.0,0,1,1,0,0,0,1,1,0,0,0,0
Xut3K98uPfJMEcaLp,zHSeHXdRZWDzqvkcX,53.0,0,0,0,0,0,1,3,0,0,1,0,0
YSZJmpMs7Ntz9SzAj,87jmugCzaP5sPg4qA,32.0,0,0,0,0,0,1,2,0,1,0,0,0
YSZJmpMs7Ntz9SzAj,8sEk7ipPaWQ68Y7QZ,25.0,0,1,1,0,0,0,2,0,1,0,0,0
YSZJmpMs7Ntz9SzAj,9WeioQXM3v3sn55iK,35.0,0,1,1,0,0,0,3,0,0,1,0,0
YSZJmpMs7Ntz9SzAj,JjJhGfJAz999KtQ6A,30.0,0,0,0,0,0,1,1,1,0,0,0,0
YSZJmpMs7Ntz9SzAj,NibcfrgfuNtQ8ABZY,24.0,0,0,0,0,0,1,2,0,1,0,0,0
YSZJmpMs7Ntz9SzAj,Phgbwa9eumRGKp8hH,26.0,0,0,0,0,0,1,3,0,0,1,0,0
YSZJmpMs7Ntz9SzAj,Yy6mfz6dK7cwBwuZY,24.0,0,0,0,0,0,1,2,0,1,0,0,0
YSZJmpMs7Ntz9SzAj,ZyPZ5jgYn8tiFSyF6,39.0,0,0,0,0,0,1,2,0,1,0,0,0
YSZJmpMs7Ntz9SzAj,a9y9NazdjHhGeLFRe,54.0,0,0,0,0,0,1,4,0,0,0,1,0
YSZJmpMs7Ntz9SzAj,aToWSya7atQecqsxH,31.0,0,0,0,0,0,1,1,1,0,0,0,0
YSZJmpMs7Ntz9SzAj,ct29cATYc9TH6b3qb,33.0,0,0,0,0,0,1,2,0,1,0,0,0
YSZJmpMs7Ntz9SzAj,egsMjAEkjA4Hupnfb,45.0,0,0,0,0,0,1,4,0,0,0,1,0
YSZJmpMs7Ntz9SzAj,g3JMv4eNHFD65TJRJ,21.0,0,0,0,0,0,1,1,1,0,0,0,0
YSZJmpMs7Ntz9SzAj,jX22ExaTNT8dfty29,34.0,0,0,0,0,0,1,3,0,0,1,0,0
YSZJmpMs7Ntz9SzAj,mz8boxSyHGeNpppq3,40.0,0,1,1,0,0,0,1,1,0,0,0,0
ZN7RXB9BhjpTsvzWB,24sjx7Ft6M4rkSLQb,19.0,0,0,0,0,0,1,1,1,0,0,0,0
ZN7RXB9BhjpTsvzWB,59jc5vk2dvms57CGw,62.0,0,0,0,0,0,1,1,1,0,0,0,0
ZN7RXB9BhjpTsvzWB,CvLetpzvPorxJgNbM,43.0,0,0,0,0,0,1,2,0,1,0,0,0
ZN7RXB9BhjpTsvzWB,DaCeax8uxELwd7MYZ,52.0,0,0,0,0,0,1,3,0,0,1,0,0
ZN7RXB9BhjpTsvzWB,DqHybSxcAsRS5Akr2,71.0,0,0,0,0,0,1,3,0,0,1,0,0
ZN7RXB9BhjpTsvzWB,FJwJheGmFkDaSsR5g,70.0,0,0,0,0,0,1,4,0,0,0,1,0
ZN7RXB9BhjpTsvzWB,Fr8dRnNrWAh2teYrv,24.0,0,0,0,0,0,1,4,0,0,0,1,0
ZN7RXB9BhjpTsvzWB,aQTGrusETq35FtxMq,33.0,0,0,0,0,0,1,2,0,1,0,0,0
ZN7RXB9BhjpTsvzWB,bKzMMbdRwxLjC56Qi,37.0,0,1,1,0,0,0,4,0,0,0,1,0
ZN7RXB9BhjpTsvzWB,eJRKxS9RKN7sEvWqD,30.0,0,1,1,0,0,0,1,1,0,0,0,0
ZN7RXB9BhjpTsvzWB,rJAJYcviBoj8uWAxX,25.0,0,1,1,0,0,0,2,0,1,0,0,0
ZN7RXB9BhjpTsvzWB,t3PQq4uMF65FyaDSv,22.0,0,1,1,0,0,0,1,1,0,0,0,0
ZN7RXB9BhjpTsvzWB,v8gHji8ci9crQa63o,52.0,0,0,0,0,0,1,2,0,1,0,0,0
ZxQqjWcDHRRAA4RNz,9yZp5TKj6SWn5BaRr,54.0,0,0,0,0,0,1,2,0,1,0,0,0
ZxQqjWcDHRRAA4RNz,F3GWtpNraLjzhBsMS,37.0,0,1,1,0,0,0,3,0,0,1,0,0
ZxQqjWcDHRRAA4RNz,Mw8L6jr9e4saDRyth,64.0,0,0,0,0,0,1,2,0,1,0,0,0
ZxQqjWcDHRRAA4RNz,XM2YBBpWvEd9JQW8e,20.0,0,1,1,0,0,0,1,1,0,0,0,0
ZxQqjWcDHRRAA4RNz,k6B7JBCNqB7dMT7BJ,32.0,0,1,1,0,0,0,1,1,0,0,0,0
ZxQqjWcDHRRAA4RNz,qvuTxckZSQHD3NNWM,26.0,0,0,0,0,0,1,2,0,1,0,0,0
ZxQqjWcDHRRAA4RNz,sytNMbkHFtZg7ynG9,26.0,0,1,1,0,0,0,2,0,1,0,0,0
aHrsmibZfkeTR3sq8,2Kfi6Fd4CcZmh2ert,33.0,0,1,1,0,0,0,2,0,1,0,0,0
aHrsmibZfkeTR3sq8,2tzKMgeq5nYNgL92L,50.0,0,0,0,0,0,1,2,0,1,0,0,0
aHrsmibZfkeTR3sq8,4cz4ac49wePiY2sh7,35.0,0,1,1,0,0,0,1,1,0,0,0,0
aHrsmibZfkeTR3sq8,8ut2fgPWLnLT5Nkaj,41.0,0,1,1,0,0,0,1,1,0,0,0,0
aHrsmibZfkeTR3sq8,qwpu8sRvnqSKW22ZY,29.0,0,1,1,0,0,0,1,1,0,0,0,0
aHrsmibZfkeTR3sq8,xfeozGWiE5FCt7oBj,31.0,0,1,1,0,0,0,3,0,0,1,0,0
bAPLKPhrnm4BHekC8,iLL2Ze3aQZwPpJWg9,28.0,0,0,0,0,0,1,2,0,1,0,0,0
bAPLKPhrnm4BHekC8,qh5idgnQfYnejpEHE,25.0,0,1,1,0,0,0,1,1,0,0,0,0
bAPLKPhrnm4BHekC8,wZPddvPiACNs55zte,23.0,0,0,0,0,0,1,2,0,1,0,0,0
bAPLKPhrnm4BHekC8,zGyt74wQvcNcMQdyc,23.0,0,0,0,0,0,1,4,0,0,0,1,0
bac2ZjuZk92zQjPN4,5F4KeBvCSTS2tqbgK,37.0,0,0,0,0,0,1,2,0,1,0,0,0
bac2ZjuZk92zQjPN4,Cm7G2Lp4KJfdXhJTD,57.0,0,1,1,0,0,0,3,0,0,1,0,0
bac2ZjuZk92zQjPN4,DCYZs2gcTtbAS2YcN,53.0,0,0,0,0,0,1,2,0,1,0,0,0
bac2ZjuZk92zQjPN4,HxLdzo2FwxvGjeJpE,65.0,0,0,0,0,0,1,1,1,0,0,0,0
bac2ZjuZk92zQjPN4,Lu4KHCZZ7g5PpzqT4,32.0,0,1,1,0,0,0,1,1,0,0,0,0
bac2ZjuZk92zQjPN4,NDRzRMXkZojoDbBYP,34.0,0,1,1,0,0,0,3,0,0,1,0,0
bac2ZjuZk92zQjPN4,XHqFKZJQAJcKFdWvj,32.0,0,0,0,0,0,1,3,0,0,1,0,0
bac2ZjuZk92zQjPN4,XJxNrH9eRkcrYvMyg,48.0,0,0,0,0,0,1,2,0,1,0,0,0
bac2ZjuZk92zQjPN4,Xu4h5XaLycNqB8Kts,58.0,0,1,1,0,0,0,2,0,1,0,0,0
bac2ZjuZk92zQjPN4,eBRTCnus4vaSYF2yd,37.0,0,0,0,0,0,1,2,0,1,0,0,0
bac2ZjuZk92zQjPN4,ewKfkt2PuxMJv9BzK,26.0,0,0,0,0,0,1,2,0,1,0,0,0
bac2ZjuZk92zQjPN4,kqwwnM823earNYM5K,25.0,0,1,1,0,0,0,1,1,0,0,0,0
bac2ZjuZk92zQjPN4,kt6dMePACySeEctLw,45.0,0,1,1,0,0,0,2,0,1,0,0,0
bac2ZjuZk92zQjPN4,vYa9uZPATfE3q8bFg,20.0,0,1,1,0,0,0,1,1,0,0,0,0
c6rwoid47zqe3rYnM,7duaLT3k7Xu2fRBhy,34.0,0,1,1,0,0,0,3,0,0,1,0,0
c6rwoid47zqe3rYnM,C923Q8kHybowiaYYu,35.0,0,1,1,0,0,0,3,0,0,1,0,0
c6rwoid47zqe3rYnM,CX9omdbYFZBB6rmzc,20.0,0,1,1,0,0,0,1,1,0,0,0,0
c6rwoid47zqe3rYnM,JoWMPosavyS6LYtRZ,20.0,0,1,1,0,0,0,2,0,1,0,0,0
c6rwoid47zqe3rYnM,LiCWqBpQc6sd43Noz,26.0,0,0,0,0,0,1,2,0,1,0,0,0
c6rwoid47zqe3rYnM,dff2F6ATJWQC2GaGn,21.0,0,0,0,0,0,1,1,1,0,0,0,0
c6rwoid47zqe3rYnM,gqHvxbsxqdEKLWhLS,22.0,0,0,0,0,0,1,1,1,0,0,0,0
c6rwoid47zqe3rYnM,mHTgFnNAPzznhArnM,35.0,0,0,0,0,0,1,4,0,0,0,1,0
c6rwoid47zqe3rYnM,p7XwPXiv2qCAdXAWp,23.0,0,1,1,0,0,0,1,1,0,0,0,0
c6rwoid47zqe3rYnM,t39JzNosq5YcLPPd8,39.0,0,1,1,0,0,0,3,0,0,1,0,0
c6rwoid47zqe3rYnM,tihmEGAnQJrDGQeuW,26.0,0,1,1,0,0,0,3,0,0,1,0,0
c6rwoid47zqe3rYnM,tmTjpLJg4XNKpeT2p,56.0,0,0,0,0,0,1,2,0,1,0,0,0
c6rwoid47zqe3rYnM,zNMjF8xqAiGjrENmw,38.0,0,0,0,0,0,1,3,0,0,1,0,0
cJHD8epdFXtT4QCs5,4g3EY4MPNqDokiH2w,39.0,0,1,1,0,0,0,1,1,0,0,0,0
cJHD8epdFXtT4QCs5,9Pdq3Ac3u8ChyJEeY,28.0,0,0,0,0,0,1,3,0,0,1,0,0
cJHD8epdFXtT4QCs5,JDRZiCoCPc7eSF93p,42.0,0,1,1,0,0,0,1,1,0,0,0,0
cJHD8epdFXtT4QCs5,JGYJhXniFYhxivvu8,48.0,0,1,1,0,0,0,2,0,1,0,0,0
cJHD8epdFXtT4QCs5,QE6PxEGR5yZxb2DEf,24.0,0,0,0,0,0,1,1,1,0,0,0,0
cJHD8epdFXtT4QCs5,RDua6YdWjweNY2ivp,19.0,0,1,1,0,0,0,1,1,0,0,0,0
cJHD8epdFXtT4QCs5,ZXX3tc4hEvdwZTpo7,28.0,0,0,0,0,0,1,3,0,0,1,0,0
cJHD8epdFXtT4QCs5,bWRJJxbtPPeZYWyX8,35.0,0,1,1,0,0,0,2,0,1,0,0,0
cJHD8epdFXtT4QCs5,iXnkzAn4yu3x2BM7y,28.0,0,0,0,0,0,1,3,0,0,1,0,0
cJHD8epdFXtT4QCs5,jcCPvqZvBdPnTbRe3,27.0,0,1,1,0,0,0,2,0,1,0,0,0
cJHD8epdFXtT4QCs5,ksMFgm9zQ9NXEKSNT,31.0,0,1,1,0,0,0,2,0,1,0,0,0
cJHD8epdFXtT4QCs5,nAHsDbWjNqXxLc3y4,37.0,0,1,1,0,0,0,2,0,1,0,0,0
cJHD8epdFXtT4QCs5,oLRe4Ph5XrjDpnhf8,35.0,0,1,1,0,0,0,2,0,1,0,0,0
cJHD8epdFXtT4QCs5,qZHFLsyvPw6eCcahR,21.0,0,1,1,0,0,0,1,1,0,0,0,0
cJHD8epdFXtT4QCs5,wkctNAzBZ3uXem2nY,32.0,0,1,1,0,0,0,1,1,0,0,0,0
cJHD8epdFXtT4QCs5,xkxvehWLJRdaa8Nem,19.0,0,1,1,0,0,0,1,1,0,0,0,0
cJHD8epdFXtT4QCs5,zv2Tcg4cyoku48223,28.0,0,1,1,0,0,0,1,1,0,0,0,0
dAecdejNxFTB4va9u,2iS55AodFkdYZn4TL,40.0,0,0,0,0,0,1,3,0,0,1,0,0
dAecdejNxFTB4va9u,49iW9P6t6v8iHS4M8,52.0,0,1,1,0,0,0,3,0,0,1,0,0
dAecdejNxFTB4va9u,GedYobk3QLYHu4HaC,33.0,0,0,0,0,0,1,4,0,0,0,1,0
dAecdejNxFTB4va9u,HPEcvswM4ANZ3YJkS,61.0,0,1,1,0,0,0,2,0,1,0,0,0
dAecdejNxFTB4va9u,KtDuSjxjH6D54pQdL,42.0,0,0,0,0,0,1,3,0,0,1,0,0
dAecdejNxFTB4va9u,XNeC952BNYFMYXze8,38.0,0,0,0,0,0,1,3,0,0,1,0,0
dAecdejNxFTB4va9u,xR4qzXotdKA9f3WLA,49.0,0,1,1,0,0,0,2,0,1,0,0,0
dgkPiTkBSvsvuH8X7,6RuorZ25uWafNCfQ3,38.0,0,1,1,0,0,0,3,0,0,1,0,0
dgkPiTkBSvsvuH8X7,74eHhGZ5QiQXHhcoJ,52.0,0,0,0,0,0,1,4,0,0,0,1,0
dgkPiTkBSvsvuH8X7,9ZJzbHPSTAPAxMuK7,67.0,0,1,1,0,0,0,1,1,0,0,0,0
dgkPiTkBSvsvuH8X7,Ckf5viEBgAqMgBw4d,25.0,0,1,1,0,0,0,2,0,1,0,0,0
dgkPiTkBSvsvuH8X7,bXdgXcH3KGwhTfhN3,35.0,0,0,0,0,0,1,2,0,1,0,0,0
dgkPiTkBSvsvuH8X7,h9Jv38MkKQMBbn64k,24.0,0,0,0,0,0,1,3,0,0,1,0,0
dgkPiTkBSvsvuH8X7,kX445bREaBFQnuvFc,43.0,0,0,0,0,0,1,1,1,0,0,0,0
dgkPiTkBSvsvuH8X7,sFfjGz9jSBqA7BfqW,35.0,0,1,1,0,0,0,2,0,1,0,0,0
dgkPiTkBSvsvuH8X7,tgSg6xLEqYnNrrLsG,30.0,0,1,1,0,0,0,3,0,0,1,0,0
eGQSX2LhdDZgA36sj,Hfxed5WsqPPfkisM3,32.0,0,1,1,0,0,0,1,1,0,0,0,0
eGQSX2LhdDZgA36sj,Je85EA9kcneh8dHrS,39.0,0,1,1,0,0,0,1,1,0,0,0,0
eGQSX2LhdDZgA36sj,PsLsrZf3oDKyWhE4q,47.0,0,1,1,0,0,0,2,0,1,0,0,0
eGQSX2LhdDZgA36sj,Q5YqLzjJgvejqji2W,50.0,0,0,0,0,0,1,3,0,0,1,0,0
eGQSX2LhdDZgA36sj,TFAbXZQSAimFaJohb,32.0,0,1,1,0,0,0,1,1,0,0,0,0
gXpWbfCwTmRTPZtpx,3JZk9EbBkRjxpkKci,27.0,0,1,1,0,0,0,1,1,0,0,0,0
gXpWbfCwTmRTPZtpx,8XhYzEo5uqK4jEyaQ,43.0,0,1,1,0,0,0,1,1,0,0,0,0
gXpWbfCwTmRTPZtpx,AMskjFoyT7aBLpPAF,69.0,0,0,0,0,0,1,4,0,0,0,1,0
gXpWbfCwTmRTPZtpx,BtofqqJHq9go6mwad,39.0,0,1,1,0,0,0,1,1,0,0,0,0
gXpWbfCwTmRTPZtpx,CNAijofXsFrESe5oq,30.0,0,0,0,0,0,1,1,1,0,0,0,0
gXpWbfCwTmRTPZtpx,DkpdFiDGXad7vRffu,45.0,0,1,1,0,0,0,1,1,0,0,0,0
gXpWbfCwTmRTPZtpx,DpT59y9TFJAnNw5of,37.0,0,0,0,0,0,1,2,0,1,0,0,0
gXpWbfCwTmRTPZtpx,H64DBD5GHng8QvbNf,54.0,0,0,0,0,0,1,2,0,1,0,0,0
gXpWbfCwTmRTPZtpx,LpNwKuwcgzZ7ko9cN,32.0,0,0,0,0,0,1,2,0,1,0,0,0
gXpWbfCwTmRTPZtpx,NShpdDPf5S9ktPuKh,30.0,0,1,1,0,0,0,1,1,0,0,0,0
gXpWbfCwTmRTPZtpx,Phm46554dq6uyevuu,31.0,0,0,0,0,0,1,2,0,1,0,0,0
gXpWbfCwTmRTPZtpx,Rt8Cke9ds7bf5kdDP,36.0,0,1,1,0,0,0,4,0,0,0,1,0
gXpWbfCwTmRTPZtpx,SqBjEsbSGdkwq9s7W,31.0,0,1,1,0,0,0,2,0,1,0,0,0
gXpWbfCwTmRTPZtpx,TJqWkai98QoabpgBn,23.0,0,0,0,0,0,1,2,0,1,0,0,0
gXpWbfCwTmRTPZtpx,Y9dWLA6vQycR2TRiB,35.0,0,1,1,0,0,0,3,0,0,1,0,0
gXpWbfCwTmRTPZtpx,gK5QW4KRZiXHuL87t,34.0,0,0,0,0,0,1,2,0,1,0,0,0
gXpWbfCwTmRTPZtpx,mFyMF8YJrZs8jzoCB,22.0,0,1,1,0,0,0,2,0,1,0,0,0
gXpWbfCwTmRTPZtpx,q3rMobJXpjLh2zLWX,46.0,0,0,0,0,0,1,2,0,1,0,0,0
gXpWbfCwTmRTPZtpx,qfkdge8eTbZ97GanJ,50.0,0,1,1,0,0,0,2,0,1,0,0,0
gXpWbfCwTmRTPZtpx,viFSR4AwiZ9rHRwcG,68.0,0,1,1,0,0,0,1,1,0,0,0,0
gZNY7fH74BoGpdiMk,3uyc8xkwCdmch7s34,52.0,0,1,1,0,0,0,2,0,1,0,0,0
gZNY7fH74BoGpdiMk,6pXyEzWD3ZeKfMzZq,53.0,0,1,1,0,0,0,1,1,0,0,0,0
gZNY7fH74BoGpdiMk,Gf9iYoLtT9oWkK7L3,31.0,0,0,0,0,0,1,1,1,0,0,0,0
gZNY7fH74BoGpdiMk,LHZPi2XJrkkWZ8tkb,42.0,0,0,0,0,0,1,3,0,0,1,0,0
gZNY7fH74BoGpdiMk,XfaPJPuEDsJ2MKHs2,32.0,0,0,0,0,0,1,2,0,1,0,0,0
gZNY7fH74BoGpdiMk,hnDBiWRqgyNo8FeHu,28.0,0,0,0,0,0,1,1,1,0,0,0,0
gZNY7fH74BoGpdiMk,vfDRAEND7MdTWYvpf,51.0,0,1,1,0,0,0,3,0,0,1,0,0
gZNY7fH74BoGpdiMk,xDikWEZ3PACv4gPne,35.0,0,0,0,0,0,1,1,1,0,0,0,0
gndhFAQfgF9PwRbHx,2nT5aEpGnxzkQECaR,49.0,0,1,1,0,0,0,1,1,0,0,0,0
gndhFAQfgF9PwRbHx,88BjySvRcyp5DnKmg,35.0,0,1,1,0,0,0,2,0,1,0,0,0
gndhFAQfgF9PwRbHx,8m2zGcJ4ytZPyPhZw,43.0,0,1,1,0,0,0,2,0,1,0,0,0
gndhFAQfgF9PwRbHx,9HGP9jYDFpzZwY9wH,22.0,0,1,1,0,0,0,1,1,0,0,0,0
gndhFAQfgF9PwRbHx,BPmGTLPBkAYtqq4W3,29.0,0,0,0,0,0,1,2,0,1,0,0,0
gndhFAQfgF9PwRbHx,Dxsuztg2Da2SZr6vc,34.0,0,1,1,0,0,0,3,0,0,1,0,0
gndhFAQfgF9PwRbHx,LbHQegembABukTkSK,54.0,0,0,0,0,0,1,1,1,0,0,0,0
gndhFAQfgF9PwRbHx,MdTM2Lfhu7ExF7mGM,27.0,0,1,1,0,0,0,2,0,1,0,0,0
gndhFAQfgF9PwRbHx,W5q3K54kzLQ5tmfA6,39.0,0,0,0,0,0,1,3,0,0,1,0,0
gndhFAQfgF9PwRbHx,e33sEppeDs9MYd9Bx,45.0,0,1,1,0,0,0,1,1,0,0,0,0
gndhFAQfgF9PwRbHx,fBbgdHda9KK8EW783,32.0,0,1,1,0,0,0,3,0,0,1,0,0
gndhFAQfgF9PwRbHx,mkNZYDwgzdJMswFEW,31.0,0,1,1,0,0,0,4,0,0,0,1,0
gndhFAQfgF9PwRbHx,n8rBpPLPmQc7tvgC3,29.0,0,1,1,0,0,0,3,0,0,1,0,0
gndhFAQfgF9PwRbHx,tLY65Cc6AKraQSuLM,55.0,0,1,1,0,0,0,2,0,1,0,0,0
gndhFAQfgF9PwRbHx,uKhcSS58f8Ltmk9Ci,31.0,0,0,0,0,0,1,2,0,1,0,0,0
gndhFAQfgF9PwRbHx,wWxBArg8eDomsfMnR,52.0,0,1,1,0,0,0,3,0,0,1,0,0
gndhFAQfgF9PwRbHx,xLs2Wpbyw8b57rXfR,33.0,0,0,0,0,0,1,2,0,1,0,0,0
gtgsZeYyKrZ46jwrw,bPouqKnvNnjZZFtan,28.0,0,1,1,0,0,0,1,1,0,0,0,0
gtgsZeYyKrZ46jwrw,vTZyKWgHhQrHxvveT,36.0,0,1,1,0,0,0,1,1,0,0,0,0
gtgsZeYyKrZ46jwrw,xEwtRDyqsuZPBcDnH,55.0,0,1,1,0,0,0,1,1,0,0,0,0
gxPHEWfHFyL95TtDB,82rDHyE8wLGijpynb,24.0,0,1,1,0,0,0,1,1,0,0,0,0
gxPHEWfHFyL95TtDB,B5wgbJceZDrGaQLiC,55.0,0,1,1,0,0,0,2,0,1,0,0,0
gxPHEWfHFyL95TtDB,CEMWtcgS5yM6mTaXv,50.0,0,1,1,0,0,0,3,0,0,1,0,0
gxPHEWfHFyL95TtDB,SspP8fqZRxtu755ib,38.0,0,0,0,0,0,1,2,0,1,0,0,0
gxPHEWfHFyL95TtDB,utHJD6xRbQe42Sipd,39.0,0,1,1,0,0,0,4,0,0,0,1,0
hTJjA7Z63RBuEpkEJ,X5Lqy8iRNHsckcuhZ,29.0,0,1,1,0,0,0,2,0,1,0,0,0
hTJjA7Z63RBuEpkEJ,XC44iixtGxkNJs2LR,48.0,0,2,0,1,0,0,3,0,0,1,0,0
hTJjA7Z63RBuEpkEJ,YzNE9BfEXzdG7sQ6b,32.0,0,1,1,0,0,0,1,1,0,0,0,0
hTJjA7Z63RBuEpkEJ,tS9rmdB5mmwt94Gem,43.0,0,1,1,0,0,0,3,0,0,1,0,0
hWwaWXowkJ25fZ7Kj,4KzKmajdc3xWxAHZv,53.0,0,0,0,0,0,1,3,0,0,1,0,0
hWwaWXowkJ25fZ7Kj,6TFQZqhBytwKHpZpQ,61.0,0,1,1,0,0,0,2,0,1,0,0,0
hWwaWXowkJ25fZ7Kj,7MgeRrWZ6hjPxYtzR,61.0,0,0,0,0,0,1,2,0,1,0,0,0
hWwaWXowkJ25fZ7Kj,BwQGDir7D8niFkMPX,27.0,0,1,1,0,0,0,2,0,1,0,0,0
hWwaWXowkJ25fZ7Kj,iGFRauPgS9aKo2sc4,30.0,0,0,0,0,0,1,3,0,0,1,0,0
iLnKf85gLSfcDA927,JQ5h6gA6x3pskKzwL,41.0,0,0,0,0,0,1,1,1,0,0,0,0
iLnKf85gLSfcDA927,KdQHNijSLLYc3FZyg,40.0,0,0,0,0,0,1,1,1,0,0,0,0
iLnKf85gLSfcDA927,bqb3pZYEKTS8D3Tov,35.0,0,0,0,0,0,1,1,1,0,0,0,0
iLnKf85gLSfcDA927,kDNhRFY9NfdzqsEyi,32.0,0,0,0,0,0,1,3,0,0,1,0,0
ibpbDm8GAaByGZidG,AKa95uZahMvuGe9TK,31.0,0,1,1,0,0,0,2,0,1,0,0,0
ibpbDm8GAaByGZidG,EJguvXXN4FqXzvjEn,22.0,0,1,1,0,0,0,4,0,0,0,1,0
ibpbDm8GAaByGZidG,HXmn6cQgzA4dQMjue,25.0,0,1,1,0,0,0,1,1,0,0,0,0
ibpbDm8GAaByGZidG,iKKDAo6Qy4pPuzEk3,42.0,0,1,1,0,0,0,3,0,0,1,0,0
ibpbDm8GAaByGZidG,vxrodmwReyjDukSG7,52.0,0,1,1,0,0,0,2,0,1,0,0,0
ieZ6xDJofJsTcQy7G,BB8SxYYoqZxffwdYH,45.0,0,0,0,0,0,1,1,1,0,0,0,0
ieZ6xDJofJsTcQy7G,CeX3GznuTJ8KgPPYe,44.0,0,0,0,0,0,1,4,0,0,0,1,0
ieZ6xDJofJsTcQy7G,E8dhDR5XTebEbCp3L,48.0,0,0,0,0,0,1,1,1,0,0,0,0
ieZ6xDJofJsTcQy7G,JZTXicAeQqcswLgqP,49.0,0,1,1,0,0,0,2,0,1,0,0,0
ieZ6xDJofJsTcQy7G,KBw5ebaJ3Fg9Ak3Cz,38.0,0,0,0,0,0,1,2,0,1,0,0,0
ieZ6xDJofJsTcQy7G,RrkAbjAeiyBTBiD8T,38.0,0,0,0,0,0,1,3,0,0,1,0,0
ieZ6xDJofJsTcQy7G,e97Af9jTCBnN4usDM,40.0,0,1,1,0,0,0,1,1,0,0,0,0
ieZ6xDJofJsTcQy7G,m2nFEGpGhruRSmseY,58.0,0,0,0,0,0,1,2,0,1,0,0,0
ieZ6xDJofJsTcQy7G,rZhdNMpGdM6kFMz9o,69.0,0,0,0,0,0,1,1,1,0,0,0,0
ieZ6xDJofJsTcQy7G,tPZRjnoGunDHKGgJy,41.0,0,0,0,0,0,1,2,0,1,0,0,0
ieZ6xDJofJsTcQy7G,vh2FBru9LjoDvB2mw,35.0,0,1,1,0,0,0,2,0,1,0,0,0
ieZ6xDJofJsTcQy7G,wwKZQS8dzRTAv2yHX,60.0,0,0,0,0,0,1,2,0,1,0,0,0
ieZ6xDJofJsTcQy7G,ykMa9Wt8PHc3wgFom,37.0,0,1,1,0,0,0,1,1,0,0,0,0
j6QdPpNdHmZBpECWo,SJm9Mh2d5bnjnFWYL,40.0,0,0,0,0,0,1,2,0,1,0,0,0
j6QdPpNdHmZBpECWo,uPdor2MH4ANrSaDHg,30.0,0,1,1,0,0,0,2,0,1,0,0,0
j6QdPpNdHmZBpECWo,vXvchkjZHtcw6ASoT,30.0,0,0,0,0,0,1,2,0,1,0,0,0
jENb7dvRN9uoAuQzu,5w96tdMwssQfss7ci,27.0,0,1,1,0,0,0,1,1,0,0,0,0
jENb7dvRN9uoAuQzu,9Boj8G7ipi8XuJgRK,24.0,0,0,0,0,0,1,3,0,0,1,0,0
jENb7dvRN9uoAuQzu,BKCcYprdiBebiH6Ym,23.0,0,1,1,0,0,0,2,0,1,0,0,0
jENb7dvRN9uoAuQzu,C4bLznByzzkKBvgCB,44.0,0,1,1,0,0,0,3,0,0,1,0,0
jENb7dvRN9uoAuQzu,GqXr7Pxvjcrdc48AA,35.0,0,1,1,0,0,0,2,0,1,0,0,0
jENb7dvRN9uoAuQzu,K3guZQ3xgbDrtvbqn,33.0,0,0,0,0,0,1,3,0,0,1,0,0
jENb7dvRN9uoAuQzu,WaWWXpL87yzZRrSwi,36.0,0,0,0,0,0,1,3,0,0,1,0,0
jENb7dvRN9uoAuQzu,Xf99fmTQJGQe8z5GD,33.0,0,1,1,0,0,0,2,0,1,0,0,0
jENb7dvRN9uoAuQzu,Yo8oLHHxboDMp2TYr,34.0,0,0,0,0,0,1,2,0,1,0,0,0
jENb7dvRN9uoAuQzu,aQk6sWYK9fbRLZ86C,27.0,0,0,0,0,0,1,2,0,1,0,0,0
jENb7dvRN9uoAuQzu,b6QbGTqQXzXhrh9At,31.0,0,1,1,0,0,0,1,1,0,0,0,0
jENb7dvRN9uoAuQzu,hkT42K3ZcXTo92sWS,33.0,0,1,1,0,0,0,1,1,0,0,0,0
jENb7dvRN9uoAuQzu,nT3Cz73C44LgS2oat,51.0,0,1,1,0,0,0,2,0,1,0,0,0
jENb7dvRN9uoAuQzu,wivFRL8R4KQKDocqN,42.0,0,0,0,0,0,1,2,0,1,0,0,0
jENb7dvRN9uoAuQzu,x2BiYn7NiwC8Mnycy,26.0,0,1,1,0,0,0,2,0,1,0,0,0
jENb7dvRN9uoAuQzu,yktWJrehtvaH5iK98,32.0,0,1,1,0,0,0,2,0,1,0,0,0
k3hqndZ6cSsaer4Gx,4oZtJpyhLrKpkAeqw,54.0,0,0,0,0,0,1,3,0,0,1,0,0
k3hqndZ6cSsaer4Gx,FsraJ5kgs9EmpdHg6,23.0,0,1,1,0,0,0,1,1,0,0,0,0
k3hqndZ6cSsaer4Gx,MyLCYNHLoAnJxurpA,40.0,0,1,1,0,0,0,4,0,0,0,1,0
k3hqndZ6cSsaer4Gx,PfY7xnCdeK59HWA5f,38.0,0,0,0,0,0,1,2,0,1,0,0,0
k3hqndZ6cSsaer4Gx,RojQt8WqxjxwopSMm,54.0,0,0,0,0,0,1,3,0,0,1,0,0
k3hqndZ6cSsaer4Gx,ZhohGxJZiZqZpTQj9,41.0,0,1,1,0,0,0,2,0,1,0,0,0
k3hqndZ6cSsaer4Gx,ae3LpThHP8jh6bT2h,39.0,0,1,1,0,0,0,1,1,0,0,0,0
k3hqndZ6cSsaer4Gx,erLQX93GWsHWuEW2B,34.0,0,1,1,0,0,0,2,0,1,0,0,0
k3hqndZ6cSsaer4Gx,hC4hWMXizamZBKkta,18.0,0,1,1,0,0,0,1,1,0,0,0,0
k3hqndZ6cSsaer4Gx,hRB9AxyLnGZd2ZzNo,30.0,0,0,0,0,0,1,3,0,0,1,0,0
k3hqndZ6cSsaer4Gx,inZ6cLyCTiFj3t75F,27.0,0,1,1,0,0,0,4,0,0,0,1,0
mvL3NN2JMMeuEsjeW,DmTfvGDWAH8KrqEza,44.0,0,1,1,0,0,0,3,0,0,1,0,0
mvL3NN2JMMeuEsjeW,PGWQWdN6ML6Y7S4Kp,20.0,0,0,0,0,0,1,1,1,0,0,0,0
mvL3NN2JMMeuEsjeW,R87wcapkRvgGyRAwT,36.0,0,1,1,0,0,0,3,0,0,1,0,0
mvL3NN2JMMeuEsjeW,Wmpn9cwpaLudQ5X5T,66.0,0,1,1,0,0,0,4,0,0,0,1,0
mvL3NN2JMMeuEsjeW,k4bWtH8HWAZkzuvcR,26.0,0,1,1,0,0,0,1,1,0,0,0,0
mvL3NN2JMMeuEsjeW,oJKcXG9aY6z49ynDN,52.0,0,0,0,0,0,1,2,0,1,0,0,0
mvL3NN2JMMeuEsjeW,vStJppZiuGvZajs7j,48.0,0,0,0,0,0,1,3,0,0,1,0,0
n6NSi97NRys5B34oj,6m44QswhvpxhoWWe4,35.0,0,1,1,0,0,0,2,0,1,0,0,0
n6NSi97NRys5B34oj,8qwShXxDgCEC8Pq8D,38.0,0,1,1,0,0,0,2,0,1,0,0,0
n6NSi97NRys5B34oj,B7turzWuE56nnWMnS,36.0,0,0,0,0,0,1,2,0,1,0,0,0
n6NSi97NRys5B34oj,DAAQJgxGN4nxreNvb,35.0,0,1,1,0,0,0,2,0,1,0,0,0
n6NSi97NRys5B34oj,DTdKSZvGvMTcaKG2h,32.0,0,0,0,0,0,1,2,0,1,0,0,0
n6NSi97NRys5B34oj,KpE8zXCuborkAJvx3,60.0,0,0,0,0,0,1,1,1,0,0,0,0
n6NSi97NRys5B34oj,Lz49uhDWzfLraYMNp,31.0,0,0,0,0,0,1,4,0,0,0,1,0
n6NSi97NRys5B34oj,Meg8KQBTGzT3QP3dD,36.0,0,1,1,0,0,0,2,0,1,0,0,0
n6NSi97NRys5B34oj,XXZaF6c6tZSSjxrQ3,34.0,0,0,0,0,0,1,2,0,1,0,0,0
n6NSi97NRys5B34oj,cCGGgzF4dhgHPBZBy,36.0,0,1,1,0,0,0,2,0,1,0,0,0
n6NSi97NRys5B34oj,hGb6st4dCCTs3wE29,30.0,0,1,1,0,0,0,2,0,1,0,0,0
n6NSi97NRys5B34oj,tTG77Hw9wGhWfJvxT,30.0,0,1,1,0,0,0,2,0,1,0,0,0
n6NSi97NRys5B34oj,viufqc4fF5XQTJCZg,46.0,0,0,0,0,0,1,2,0,1,0,0,0
nXMoDge4iDeRJenkz,BwboHebjAq7tiNByN,51.0,0,1,1,0,0,0,3,0,0,1,0,0
nXMoDge4iDeRJenkz,E6nqZ4qJzaAaErm9j,46.0,0,0,0,0,0,1,1,1,0,0,0,0
nXMoDge4iDeRJenkz,PRePEqadbmJWoYdfn,22.0,0,1,1,0,0,0,1,1,0,0,0,0
nXMoDge4iDeRJenkz,WNu7AmYRW3hoiodkH,26.0,0,3,0,0,1,0,1,1,0,0,0,0
nXMoDge4iDeRJenkz,eEKCCeojJdS25gqJM,40.0,0,0,0,0,0,1,3,0,0,1,0,0
nzrJESnooSzpS6shD,3BRnNKMrifhgYHBjX,34.0,0,1,1,0,0,0,2,0,1,0,0,0
nzrJESnooSzpS6shD,7EuCbD9JG7jsFvxt6,40.0,0,1,1,0,0,0,2,0,1,0,0,0
nzrJESnooSzpS6shD,agmmctvLsr8PFFQEn,35.0,0,0,0,0,0,1,2,0,1,0,0,0
nzrJESnooSzpS6shD,nEW8ZvzSpYJ8K2FNY,49.0,0,0,0,0,0,1,1,1,0,0,0,0
nzrJESnooSzpS6shD,ojWZa3fGh95e7JGbz,60.0,0,1,1,0,0,0,2,0,1,0,0,0
nzrJESnooSzpS6shD,yKSWh5phGC4pF7ekA,39.0,0,0,0,0,0,1,2,0,1,0,0,0
oGqLmDLq3k9iK2sax,8JiDhwfSpeBsWLXTH,27.0,0,0,0,0,0,1,1,1,0,0,0,0
oGqLmDLq3k9iK2sax,9xH2jgnXW7AQKBu3f,31.0,0,0,0,0,0,1,2,0,1,0,0,0
oGqLmDLq3k9iK2sax,bFE3hpo2xqmKPPGXx,39.0,0,1,1,0,0,0,1,1,0,0,0,0
ohhPLT4kk6Zhgn4yF,9KSPLEeDfj2Bvdzq4,37.0,0,0,0,0,0,1,2,0,1,0,0,0
ohhPLT4kk6Zhgn4yF,Gnyt8Eb5hbkyiyuZM,41.0,0,0,0,0,0,1,2,0,1,0,0,0
ohhPLT4kk6Zhgn4yF,RFgAzFuANpzkaqXsn,20.0,0,1,1,0,0,0,2,0,1,0,0,0
ohhPLT4kk6Zhgn4yF,WuHJDcnDDnxGsweP2,33.0,0,1,1,0,0,0,2,0,1,0,0,0
ohhPLT4kk6Zhgn4yF,ZCHuPF6iG92vieJ2y,38.0,0,0,0,0,0,1,2,0,1,0,0,0
ohhPLT4kk6Zhgn4yF,fvywLDTp6tm53Ksni,57.0,0,0,0,0,0,1,2,0,1,0,0,0
ohhPLT4kk6Zhgn4yF,haGvjTE4NSGy9r92r,19.0,0,1,1,0,0,0,1,1,0,0,0,0
ohhPLT4kk6Zhgn4yF,ifcyAK5QQ8WZMLAvg,32.0,0,0,0,0,0,1,1,1,0,0,0,0
ohhPLT4kk6Zhgn4yF,sREt85SCu9nq48meL,27.0,0,1,1,0,0,0,1,1,0,0,0,0
ohhPLT4kk6Zhgn4yF,yJohN7HiXmxPwhyyF,23.0,0,3,0,0,1,0,2,0,1,0,0,0
oks7g8RobZHoggvxs,3Qcm5JcvmEskWszm5,42.0,0,2,0,1,0,0,3,0,0,1,0,0
oks7g8RobZHoggvxs,HSwSuKGXwPM9mbvyB,31.0,0,0,0,0,0,1,1,1,0,0,0,0
oks7g8RobZHoggvxs,LyKQ68zRHx8rNyCLA,19.0,0,1,1,0,0,0,1,1,0,0,0,0
oks7g8RobZHoggvxs,ZJXWZNW7gBK32i9pQ,36.0,0,1,1,0,0,0,3,0,0,1,0,0
oks7g8RobZHoggvxs,inDPTfhx2wnrGwNDK,42.0,0,1,1,0,0,0,2,0,1,0,0,0
oks7g8RobZHoggvxs,kfcCdAs5EGDDADJAk,31.0,0,0,0,0,0,1,1,1,0,0,0,0
orggCPGLye8v2eBqg,6zfXa3q6RbrkYb7Ae,24.0,0,0,0,0,0,1,3,0,0,1,0,0
orggCPGLye8v2eBqg,8sZfB6ysBSNJdcdLj,28.0,0,1,1,0,0,0,2,0,1,0,0,0
orggCPGLye8v2eBqg,BDXWwer8STqdCpxZo,57.0,0,2,0,1,0,0,2,0,1,0,0,0
orggCPGLye8v2eBqg,PSvmKxhW7p5EjsNfM,59.0,0,1,1,0,0,0,1,1,0,0,0,0
orggCPGLye8v2eBqg,SLSf8RGTJiGNWaevE,33.0,0,0,0,0,0,1,1,1,0,0,0,0
orggCPGLye8v2eBqg,ZZLtFRav7MeFm5eZf,51.0,0,0,0,0,0,1,4,0,0,0,1,0
orggCPGLye8v2eBqg,agYHDiM9ygzjevTBK,42.0,0,1,1,0,0,0,2,0,1,0,0,0
orggCPGLye8v2eBqg,aotNbTvXQr3fA5RMf,60.0,0,1,1,0,0,0,3,0,0,1,0,0
orggCPGLye8v2eBqg,cZXfEnuptTfmGCBdK,59.0,0,1,1,0,0,0,2,0,1,0,0,0
orggCPGLye8v2eBqg,pw9jx4WWhB5yMY72p,50.0,0,0,0,0,0,1,2,0,1,0,0,0
orggCPGLye8v2eBqg,pxMx9WgbkDS4v9C4u,48.0,0,0,0,0,0,1,2,0,1,0,0,0
orggCPGLye8v2eBqg,sWWWx3raBnLd5yZHh,28.0,0,0,0,0,0,1,3,0,0,1,0,0
orggCPGLye8v2eBqg,xKbogcgudLQKsjNGJ,26.0,0,0,0,0,0,1,1,1,0,0,0,0
orggCPGLye8v2eBqg,zhDyhZsnMXueohykm,26.0,0,1,1,0,0,0,4,0,0,0,1,0
orggCPGLye8v2eBqg,zhMjXAab5R3J9Nkuz,61.0,0,1,1,0,0,0,1,1,0,0,0,0
pA5MPPotFbF5Nog8s,5iXx9QTgWGHFapjt8,30.0,0,1,1,0,0,0,3,0,0,1,0,0
pA5MPPotFbF5Nog8s,PTKJooBYTEpWcSn6h,66.0,0,0,0,0,0,1,3,0,0,1,0,0
pA5MPPotFbF5Nog8s,Pwxz7Lxuaa6r3X4HY,29.0,0,1,1,0,0,0,4,0,0,0,1,0
pA5MPPotFbF5Nog8s,csDY6qvLZqRp8MFbb,34.0,0,1,1,0,0,0,2,0,1,0,0,0
pA5MPPotFbF5Nog8s,djQkG6FvbvxwzK8Ni,42.0,0,1,1,0,0,0,2,0,1,0,0,0
pA5MPPotFbF5Nog8s,egniFF67ku3KwfHP2,60.0,0,0,0,0,0,1,3,0,0,1,0,0
pA5MPPotFbF5Nog8s,g5JMa5Kb32K5Z9eYS,34.0,0,1,1,0,0,0,2,0,1,0,0,0
pA5MPPotFbF5Nog8s,hjwXibgbCwYKGgbDq,35.0,0,1,1,0,0,0,2,0,1,0,0,0
pA5MPPotFbF5Nog8s,kASgTc2u2Wb88Y9Yu,48.0,0,0,0,0,0,1,1,1,0,0,0,0
pA5MPPotFbF5Nog8s,n2s52MfumdCrw3uwa,62.0,0,1,1,0,0,0,3,0,0,1,0,0
pA5MPPotFbF5Nog8s,v9eBQkLjA9jBFqKG9,43.0,0,0,0,0,0,1,3,0,0,1,0,0
pA5MPPotFbF5Nog8s,xyjvej2KaJHLR6BJ8,38.0,0,0,0,0,0,1,1,1,0,0,0,0
pa4876QCSBF656G3b,5DGk629oPXsrcdvnK,35.0,0,0,0,0,0,1,2,0,1,0,0,0
pa4876QCSBF656G3b,GgWWsmNskD3jF2v6S,46.0,0,1,1,0,0,0,1,1,0,0,0,0
pa4876QCSBF656G3b,HfRLuW4tnY2nC6vki,22.0,0,1,1,0,0,0,2,0,1,0,0,0
pa4876QCSBF656G3b,Rcn8pmxzmxodKNo54,33.0,0,1,1,0,0,0,3,0,0,1,0,0
pa4876QCSBF656G3b,majpib6Yg8T6r8KGZ,29.0,0,1,1,0,0,0,0,0,0,0,0,1
pa4876QCSBF656G3b,ogeL6nWpwW4TjA5yh,53.0,0,0,0,0,0,1,1,1,0,0,0,0
pa4876QCSBF656G3b,xDJCkyFT3oYoDWjoN,23.0,0,1,1,0,0,0,2,0,1,0,0,0
puakCsf4JEpsKkSQD,RkAq4DYxZFo97ATyJ,43.0,0,0,0,0,0,1,1,1,0,0,0,0
puakCsf4JEpsKkSQD,TdKx5kc6yz3rfZBCu,46.0,0,3,0,0,1,0,4,0,0,0,1,0
puakCsf4JEpsKkSQD,a4T5efrmtyWp9vTzx,23.0,0,0,0,0,0,1,2,0,1,0,0,0
puakCsf4JEpsKkSQD,heJYeBDu7Q5y9ziyo,70.0,0,1,1,0,0,0,2,0,1,0,0,0
puakCsf4JEpsKkSQD,jSJoKNDQrmDuzFEGR,42.0,0,1,1,0,0,0,4,0,0,0,1,0
puakCsf4JEpsKkSQD,njJJHnJHW7TMfBNPX,27.0,0,1,1,0,0,0,2,0,1,0,0,0
puakCsf4JEpsKkSQD,xQmYsovvroBJNMxBu,36.0,0,1,1,0,0,0,2,0,1,0,0,0
qgtPQJEH6uYFjDsiZ,8owg9khTLHLHAEDNC,23.0,0,1,1,0,0,0,1,1,0,0,0,0
qgtPQJEH6uYFjDsiZ,Ciahjz32fwmcyGnQy,37.0,0,1,1,0,0,0,1,1,0,0,0,0
qgtPQJEH6uYFjDsiZ,EEvRsDQnjMtcKtMTk,28.0,0,1,1,0,0,0,1,1,0,0,0,0
qgtPQJEH6uYFjDsiZ,QBoKiCk2ns9MHDQRb,34.0,0,1,1,0,0,0,2,0,1,0,0,0
qgtPQJEH6uYFjDsiZ,Z6NwRSXhMEquvMEKG,38.0,0,0,0,0,0,1,2,0,1,0,0,0
qgtPQJEH6uYFjDsiZ,b2Mrtbu9Auki38ytM,33.0,0,1,1,0,0,0,2,0,1,0,0,0
qgtPQJEH6uYFjDsiZ,uAP2rGsqdnyQyAr2b,31.0,0,1,1,0,0,0,2,0,1,0,0,0
qzrxrSMfsZKreEMsQ,Fqs82xHHethg2hTmu,25.0,0,0,0,0,0,1,2,0,1,0,0,0
qzrxrSMfsZKreEMsQ,L24Kj6HX2rzoLLQga,39.0,0,0,0,0,0,1,1,1,0,0,0,0
rLfWgm9HQ329HKqvJ,6KbbLihNY3JnJJq3G,35.0,0,1,1,0,0,0,1,1,0,0,0,0
rLfWgm9HQ329HKqvJ,Dhfj4BXnHsxGnEFxw,21.0,0,0,0,0,0,1,2,0,1,0,0,0
rLfWgm9HQ329HKqvJ,FmnxdrGXBs2y5mNbD,26.0,0,1,1,0,0,0,1,1,0,0,0,0
rLfWgm9HQ329HKqvJ,MrLdshfdxv6jM7k5j,39.0,0,1,1,0,0,0,1,1,0,0,0,0
rLfWgm9HQ329HKqvJ,ReTf73wb5zzPPwkzm,22.0,0,1,1,0,0,0,2,0,1,0,0,0
rLfWgm9HQ329HKqvJ,Xa4jeoJSh2vqZZcJp,24.0,0,2,0,1,0,0,1,1,0,0,0,0
rLfWgm9HQ329HKqvJ,ZNEC3o6MtYFNymYbm,40.0,0,1,1,0,0,0,2,0,1,0,0,0
rLfWgm9HQ329HKqvJ,chN5FPPtwTpmyNwk3,43.0,0,0,0,0,0,1,4,0,0,0,1,0
rLfWgm9HQ329HKqvJ,cjfjErbzpKTw5EJGd,41.0,0,1,1,0,0,0,3,0,0,1,0,0
rLfWgm9HQ329HKqvJ,kzb3AjPLHH3fKjXom,58.0,0,1,1,0,0,0,2,0,1,0,0,0
rLfWgm9HQ329HKqvJ,mEgQwdykStEbCQWWp,30.0,0,0,0,0,0,1,1,1,0,0,0,0
rLfWgm9HQ329HKqvJ,pXkDy7YAMm6itHBDE,35.0,0,1,1,0,0,0,3,0,0,1,0,0
rLfWgm9HQ329HKqvJ,xbrscd4u3ZNouhcM2,28.0,0,1,1,0,0,0,1,1,0,0,0,0
rLfWgm9HQ329HKqvJ,zrqykMDY6N5ZppBpy,32.0,0,0,0,0,0,1,2,0,1,0,0,0
rbhhLEyNwTbnqKWMf,2iK4xgvxCTH7uhMZC,38.0,0,0,0,0,0,1,2,0,1,0,0,0
rbhhLEyNwTbnqKWMf,6oEMedMY6MXrRtr9K,32.0,0,0,0,0,0,1,1,1,0,0,0,0
rbhhLEyNwTbnqKWMf,7mymCm4ZB6hhL7oyf,21.0,0,1,1,0,0,0,1,1,0,0,0,0
rbhhLEyNwTbnqKWMf,PggFhrjS4HdCnSbAz,29.0,0,0,0,0,0,1,2,0,1,0,0,0
rbhhLEyNwTbnqKWMf,PoC98da7pyywy4uLR,44.0,0,1,1,0,0,0,2,0,1,0,0,0
rbhhLEyNwTbnqKWMf,Y9doWiQKSu8ComWPE,29.0,0,0,0,0,0,1,2,0,1,0,0,0
rbhhLEyNwTbnqKWMf,ZgAsdLfYZXeq8XZgG,29.0,0,0,0,0,0,1,2,0,1,0,0,0
rbhhLEyNwTbnqKWMf,dWEyoHjrwLRoY6kuk,36.0,0,1,1,0,0,0,2,0,1,0,0,0
rbhhLEyNwTbnqKWMf,ia6sAH3732AF6t4q4,32.0,0,1,1,0,0,0,2,0,1,0,0,0
rbhhLEyNwTbnqKWMf,jFYmctkdDxCksCXPH,33.0,0,1,1,0,0,0,2,0,1,0,0,0
rbhhLEyNwTbnqKWMf,ow2uMPsoWiD6dPbJR,43.0,0,1,1,0,0,0,2,0,1,0,0,0
rbhhLEyNwTbnqKWMf,qrjZZLrKhe7MMszJ8,22.0,0,0,0,0,0,1,1,1,0,0,0,0
rbhhLEyNwTbnqKWMf,qyZYeDciPqRfAq6BE,52.0,0,1,1,0,0,0,2,0,1,0,0,0
rbhhLEyNwTbnqKWMf,rwt8ZM4FAENZPEYXm,40.0,0,1,1,0,0,0,1,1,0,0,0,0
rbhhLEyNwTbnqKWMf,vvqnRu3JBXaWbPqWZ,25.0,0,1,1,0,0,0,2,0,1,0,0,0
rbhhLEyNwTbnqKWMf,yuSypcFQfnC8wiLkS,29.0,0,1,1,0,0,0,2,0,1,0,0,0
rfFHcr4WE3RFih8vJ,4CaHuEEoswfyCZh8R,22.0,0,1,1,0,0,0,1,1,0,0,0,0
rfFHcr4WE3RFih8vJ,DLhaQxdeikWYc76qW,20.0,0,1,1,0,0,0,1,1,0,0,0,0
rfFHcr4WE3RFih8vJ,WqcvgnZ2k8DwH7Xes,38.0,0,1,1,0,0,0,2,0,1,0,0,0
rfFHcr4WE3RFih8vJ,mtfhvAg7FhtyokJzx,42.0,0,1,1,0,0,0,2,0,1,0,0,0
rfFHcr4WE3RFih8vJ,pPBENF8mgdtZRpvuc,23.0,0,1,1,0,0,0,1,1,0,0,0,0
rfFHcr4WE3RFih8vJ,qKoAxQA25fwyDc5wz,21.0,0,0,0,0,0,1,1,1,0,0,0,0
sArBi3N8QPRgYbvwn,AyjggzgLk993Ad5Ae,47.0,0,1,1,0,0,0,4,0,0,0,1,0
sArBi3N8QPRgYbvwn,Di4RjEfFeqeDSdxyK,29.0,0,1,1,0,0,0,2,0,1,0,0,0
sArBi3N8QPRgYbvwn,Du8ACqCNrer5r7mfC,62.0,0,1,1,0,0,0,2,0,1,0,0,0
sArBi3N8QPRgYbvwn,HDv7z3P22NSLTp2uo,40.0,0,1,1,0,0,0,4,0,0,0,1,0
sArBi3N8QPRgYbvwn,LcKRewH2ydAHc67Q7,48.0,0,1,1,0,0,0,1,1,0,0,0,0
sArBi3N8QPRgYbvwn,TrA5FcqnhtFqbE4qP,64.0,0,1,1,0,0,0,4,0,0,0,1,0
sArBi3N8QPRgYbvwn,ib6juCsRxwpdTQo2E,30.0,0,0,0,0,0,1,1,1,0,0,0,0
sArBi3N8QPRgYbvwn,ieTofvXXr62H3XsnS,29.0,0,0,0,0,0,1,2,0,1,0,0,0
sArBi3N8QPRgYbvwn,igwWyyip5B6AjdoFL,37.0,0,0,0,0,0,1,1,1,0,0,0,0
sArBi3N8QPRgYbvwn,mPvgGKSn4Lznm3TnT,40.0,0,1,1,0,0,0,3,0,0,1,0,0
sArBi3N8QPRgYbvwn,mnzbvY3Ei9kdvM8c2,65.0,0,0,0,0,0,1,2,0,1,0,0,0
sArBi3N8QPRgYbvwn,oHiyxmAZkqi6NZM4h,28.0,0,1,1,0,0,0,3,0,0,1,0,0
sArBi3N8QPRgYbvwn,oiHZS3wFYDjzAmoZh,43.0,0,0,0,0,0,1,4,0,0,0,1,0
sArBi3N8QPRgYbvwn,p2NXGnERA38Z29yvr,38.0,0,0,0,0,0,1,3,0,0,1,0,0
sArBi3N8QPRgYbvwn,xgE3uZxZ3SN3mtbJP,33.0,0,1,1,0,0,0,2,0,1,0,0,0
sEyX3bAsZaSZmgrbN,dcG9toMGhrNeRa67E,28.0,0,0,0,0,0,1,2,0,1,0,0,0
sEyX3bAsZaSZmgrbN,oMxy9q6wXbquyMmcL,54.0,0,0,0,0,0,1,2,0,1,0,0,0
sEyX3bAsZaSZmgrbN,oN8DDmpHurb8abcw7,61.0,0,0,0,0,0,1,4,0,0,0,1,0
smQBRYJvfrRJs6PTx,8xzKNvLhBRRyDW2Mg,51.0,0,0,0,0,0,1,3,0,0,1,0,0
smQBRYJvfrRJs6PTx,Hr24a2u9xrJEQQE87,26.0,0,1,1,0,0,0,3,0,0,1,0,0
smQBRYJvfrRJs6PTx,LN6JGDjKXoTwZcRKi,56.0,0,1,1,0,0,0,1,1,0,0,0,0
smQBRYJvfrRJs6PTx,MBCA85z3BhLcwHJQf,22.0,0,0,0,0,0,1,1,1,0,0,0,0
smQBRYJvfrRJs6PTx,bd6Kfvt3gx5LnSj4r,55.0,0,0,0,0,0,1,1,1,0,0,0,0
smQBRYJvfrRJs6PTx,knNPou3YA7bZMYdbf,31.0,0,1,1,0,0,0,2,0,1,0,0,0
smQBRYJvfrRJs6PTx,oJpFg9tLGkxKpGpTY,30.0,0,1,1,0,0,0,3,0,0,1,0,0
smQBRYJvfrRJs6PTx,tH56Z6rfXxSo3KxY6,28.0,0,1,1,0,0,0,1,1,0,0,0,0
smQBRYJvfrRJs6PTx,zzTs4vZ6z9sZi9Zkv,69.0,0,1,1,0,0,0,2,0,1,0,0,0
t2ianfmi7FS47WzB2,4ovFdy8s7omARh6sw,45.0,0,1,1,0,0,0,3,0,0,1,0,0
t2ianfmi7FS47WzB2,ALhj4JsNt7NzDAuDz,25.0,0,1,1,0,0,0,1,1,0,0,0,0
t2ianfmi7FS47WzB2,epcfMPysPitz7xyiT,41.0,0,1,1,0,0,0,3,0,0,1,0,0
t2ianfmi7FS47WzB2,hsHs3TngvQj7Kra5D,29.0,0,0,0,0,0,1,2,0,1,0,0,0
t2ianfmi7FS47WzB2,iHPmiXg2GqXPLJ3MJ,27.0,0,1,1,0,0,0,3,0,0,1,0,0
t2ianfmi7FS47WzB2,pngKHSbE7iSAJWWMH,23.0,0,0,0,0,0,1,2,0,1,0,0,0
t2ianfmi7FS47WzB2,x4fYH7NbLcpkrAZik,35.0,0,1,1,0,0,0,1,1,0,0,0,0
tdqpYFno2QQeRE3ze,7iq8hnkdDXrX8qZ3z,55.0,0,1,1,0,0,0,1,1,0,0,0,0
tdqpYFno2QQeRE3ze,cQwLd3JnvuRigKwF2,36.0,0,0,0,0,0,1,2,0,1,0,0,0
tg5DSqH3GhjbKQhef,5x54KCsEa9DXDwDvb,24.0,0,1,1,0,0,0,2,0,1,0,0,0
tg5DSqH3GhjbKQhef,Ewmy7qSmR5kny73im,36.0,0,1,1,0,0,0,1,1,0,0,0,0
tg5DSqH3GhjbKQhef,F2Kd3A5dKHagoSTup,36.0,0,1,1,0,0,0,2,0,1,0,0,0
tg5DSqH3GhjbKQhef,KGX2sjwbfmsqxaeQL,35.0,0,0,0,0,0,1,2,0,1,0,0,0
tg5DSqH3GhjbKQhef,MeZtDreNkWPZfD5v5,36.0,0,3,0,0,1,0,2,0,1,0,0,0
tg5DSqH3GhjbKQhef,TZzv8SmHe4od2FPCC,28.0,0,0,0,0,0,1,2,0,1,0,0,0
tg5DSqH3GhjbKQhef,Yr7DkyLhSTz43Sgji,27.0,0,1,1,0,0,0,2,0,1,0,0,0
tg5DSqH3GhjbKQhef,dx7zZ8o2P68tiFNyn,31.0,0,1,1,0,0,0,3,0,0,1,0,0
tg5DSqH3GhjbKQhef,epdMqpk7xNdopMA3a,36.0,0,0,0,0,0,1,1,1,0,0,0,0
tg5DSqH3GhjbKQhef,hGAmdYZumWp4uDAps,58.0,0,1,1,0,0,0,2,0,1,0,0,0
tg5DSqH3GhjbKQhef,qLbYNZvZG9v34weXy,37.0,0,1,1,0,0,0,2,0,1,0,0,0
tg5DSqH3GhjbKQhef,rTNoCcpswqAfjq5XT,33.0,0,1,1,0,0,0,3,0,0,1,0,0
tg5DSqH3GhjbKQhef,tDPnXqH2nNnQsqTTv,28.0,0,1,1,0,0,0,1,1,0,0,0,0
tg5DSqH3GhjbKQhef,vC65d3bHyvojm8fPC,32.0,0,1,1,0,0,0,2,0,1,0,0,0
tg5DSqH3GhjbKQhef,w9TbeSc3tnbMmtNr5,33.0,0,1,1,0,0,0,1,1,0,0,0,0
tg5DSqH3GhjbKQhef,wr6wJwPLfjursD4wC,36.0,0,1,1,0,0,0,1,1,0,0,0,0
v4ZA3KgMeMbhmDdPt,4RiGEp83W4tLELyk8,26.0,0,0,0,0,0,1,2,0,1,0,0,0
v4ZA3KgMeMbhmDdPt,6LsjjtC9P9A8QkKKc,28.0,0,1,1,0,0,0,1,1,0,0,0,0
v4ZA3KgMeMbhmDdPt,7XNjSBSwAhQTovGbR,37.0,0,1,1,0,0,0,1,1,0,0,0,0
v4ZA3KgMeMbhmDdPt,9jAuSCBQLLsQhoTFz,32.0,0,0,0,0,0,1,1,1,0,0,0,0
v4ZA3KgMeMbhmDdPt,ABkukp4JZwqmCCXes,39.0,0,0,0,0,0,1,1,1,0,0,0,0
v4ZA3KgMeMbhmDdPt,Ra5NcG8miwmpA2cKp,21.0,0,0,0,0,0,1,1,1,0,0,0,0
v4ZA3KgMeMbhmDdPt,YCztQm4jaQZNqm4CB,26.0,0,0,0,0,0,1,2,0,1,0,0,0
v4ZA3KgMeMbhmDdPt,Z7MAGbbfSqNPv5jEM,54.0,0,0,0,0,0,1,2,0,1,0,0,0
v4ZA3KgMeMbhmDdPt,Z8xuyN6wpZtB783As,25.0,0,0,0,0,0,1,3,0,0,1,0,0
v4ZA3KgMeMbhmDdPt,ZXyj2EbrYPhgeDFMC,45.0,0,0,0,0,0,1,1,1,0,0,0,0
v4ZA3KgMeMbhmDdPt,b96Lsiu87RDKHBeMA,24.0,0,0,0,0,0,1,2,0,1,0,0,0
vbn6abRQXZihWaaaA,ES5FrKZbQerxjM9sg,69.0,0,0,0,0,0,1,3,0,0,1,0,0
vbn6abRQXZihWaaaA,P5tMn7bArN5rP5YAS,30.0,0,1,1,0,0,0,1,1,0,0,0,0
vbn6abRQXZihWaaaA,XxmjnKKqrtC3p7S6r,54.0,0,0,0,0,0,1,2,0,1,0,0,0
vbn6abRQXZihWaaaA,hchEZZagued4XLrHj,35.0,0,0,0,0,0,1,2,0,1,0,0,0
vbn6abRQXZihWaaaA,kvYwRSHi8gQbqXfgo,42.0,0,0,0,0,0,1,3,0,0,1,0,0
vbn6abRQXZihWaaaA,mamegPDhhCCWuLmAj,34.0,0,1,1,0,0,0,2,0,1,0,0,0
vbn6abRQXZihWaaaA,rGsgmunsgKMypn7oD,34.0,0,1,1,0,0,0,3,0,0,1,0,0
vbn6abRQXZihWaaaA,xR2uFhW6PBGZkEM7C,37.0,0,0,0,0,0,1,2,0,1,0,0,0
vbn6abRQXZihWaaaA,zK4z2ECQ3x6gFpywg,42.0,0,0,0,0,0,1,2,0,1,0,0,0
vmjofGxA8WS3W7YBr,8Kvhd8bKtxS2W9xHN,32.0,0,2,0,1,0,0,3,0,0,1,0,0
vmjofGxA8WS3W7YBr,Q9M9z9D7qf7T49Ltf,48.0,0,0,0,0,0,1,1,1,0,0,0,0
vmjofGxA8WS3W7YBr,Rz2QeK8BEPB626sK6,48.0,0,1,1,0,0,0,2,0,1,0,0,0
vmjofGxA8WS3W7YBr,tSW8Ag6fD8GZa4CHP,30.0,0,0,0,0,0,1,1,1,0,0,0,0
vmjofGxA8WS3W7YBr,yEFHpN3fiLnQiERQH,44.0,0,0,0,0,0,1,2,0,1,0,0,0
w48b2EcDHyTak85HB,3FmoME3QcakPEw2N8,35.0,0,0,0,0,0,1,1,1,0,0,0,0
w48b2EcDHyTak85HB,8wRexcvFKgiTrif9k,32.0,0,0,0,0,0,1,1,1,0,0,0,0
w48b2EcDHyTak85HB,C4CPsZCigYedLuvMx,28.0,0,1,1,0,0,0,1,1,0,0,0,0
w48b2EcDHyTak85HB,CtC43oqtsDREkvhTb,36.0,0,1,1,0,0,0,1,1,0,0,0,0
w48b2EcDHyTak85HB,eL3ePQzgKKFk8s6mP,59.0,0,0,0,0,0,1,1,1,0,0,0,0
w48b2EcDHyTak85HB,jqRNNeqn8uevqxXQY,32.0,0,1,1,0,0,0,2,0,1,0,0,0
w48b2EcDHyTak85HB,kEoqkfPpigcxkQBd2,21.0,0,1,1,0,0,0,3,0,0,1,0,0
wakTScBMc3QzxyNpA,8kDwHvqhXL63keC3y,39.0,0,1,1,0,0,0,3,0,0,1,0,0
wakTScBMc3QzxyNpA,BQSo3XTHinHpYzi3B,59.0,0,0,0,0,0,1,0,0,0,0,0,1
wakTScBMc3QzxyNpA,MZJveLfffSRYcWuRg,53.0,0,1,1,0,0,0,2,0,1,0,0,0
wakTScBMc3QzxyNpA,NDS7BsCLwKp7LmHYq,35.0,0,1,1,0,0,0,4,0,0,0,1,0
wakTScBMc3QzxyNpA,ZyxzvQg9YmkQqiWFs,35.0,0,0,0,0,0,1,1,1,0,0,0,0
wakTScBMc3QzxyNpA,mEP5JphwkuLpd9DEF,72.0,0,1,1,0,0,0,2,0,1,0,0,0
wakTScBMc3QzxyNpA,ssJkDmKGkSht7NYcG,27.0,0,1,1,0,0,0,1,1,0,0,0,0
xEP5rajASDPJkWH94,2Yv32hRFtdr4CZhe3,35.0,0,1,1,0,0,0,1,1,0,0,0,0
xEP5rajASDPJkWH94,6tjsfTLfPiBzE72bG,36.0,0,1,1,0,0,0,2,0,1,0,0,0
xEP5rajASDPJkWH94,9CTEs3MvLTu7RKjQF,42.0,0,1,1,0,0,0,1,1,0,0,0,0
xEP5rajASDPJkWH94,EtG3DoAL6rY3j5DH3,57.0,0,1,1,0,0,0,2,0,1,0,0,0
xEP5rajASDPJkWH94,FFdqm7xDcqQXwwh9Q,35.0,0,0,0,0,0,1,1,1,0,0,0,0
xEP5rajASDPJkWH94,FSb4RqR9Jmuht6AJy,35.0,0,0,0,0,0,1,4,0,0,0,1,0
xEP5rajASDPJkWH94,HKdu89pKaS8Qks52h,35.0,0,0,0,0,0,1,3,0,0,1,0,0
xEP5rajASDPJkWH94,KBhg6xeynczf5nn8R,25.0,0,1,1,0,0,0,1,1,0,0,0,0
xEP5rajASDPJkWH94,PXte8orZkL7kauvg2,70.0,0,1,1,0,0,0,2,0,1,0,0,0
xEP5rajASDPJkWH94,TTahkhjnHF7DoP2cC,53.0,0,1,1,0,0,0,1,1,0,0,0,0
xEP5rajASDPJkWH94,Zv2XQy87o6h7qgFFz,42.0,0,1,1,0,0,0,1,1,0,0,0,0
xEP5rajASDPJkWH94,cRAmncR3o3T9Nkjyp,26.0,0,1,1,0,0,0,1,1,0,0,0,0
xEP5rajASDPJkWH94,dHBCyq9Ee5FF6Nx9S,37.0,0,0,0,0,0,1,2,0,1,0,0,0
xEP5rajASDPJkWH94,rczWB4cwGLFqX28Pk,52.0,0,0,0,0,0,1,1,1,0,0,0,0
xEP5rajASDPJkWH94,x7dKh3Xj5m9aTtcLZ,35.0,0,0,0,0,0,1,4,0,0,0,1,0
xEP5rajASDPJkWH94,yWAoQhBGiN9LDXuGL,33.0,0,1,1,0,0,0,1,1,0,0,0,0
xEP5rajASDPJkWH94,zexgTvW7pKYjEgJqb,55.0,0,1,1,0,0,0,2,0,1,0,0,0
yPACeymidYic32peG,26xypo96THPbTiHAH,33.0,0,0,0,0,0,1,1,1,0,0,0,0
yPACeymidYic32peG,3GG9DNRyEPkDeuJ7B,31.0,0,1,1,0,0,0,4,0,0,0,1,0
yPACeymidYic32peG,3zZYrMyreiCxyBCtE,27.0,0,1,1,0,0,0,1,1,0,0,0,0
yPACeymidYic32peG,64mZP48vqFj8PubwY,32.0,0,1,1,0,0,0,2,0,1,0,0,0
yPACeymidYic32peG,AP6MKYCWBZbPfJCY4,34.0,0,1,1,0,0,0,2,0,1,0,0,0
yPACeymidYic32peG,HFzhFyvGXs4qXsbGh,28.0,0,1,1,0,0,0,1,1,0,0,0,0
yPACeymidYic32peG,HYahawCxcddEEkZ3b,41.0,0,1,1,0,0,0,2,0,1,0,0,0
yPACeymidYic32peG,JG4PKvYC6RmxfwgyA,35.0,0,1,1,0,0,0,1,1,0,0,0,0
yPACeymidYic32peG,YqZFCx2TEdvNyLvLK,36.0,0,1,1,0,0,0,2,0,1,0,0,0
yPACeymidYic32peG,huPGXidBvfwhWnYyX,31.0,0,0,0,0,0,1,3,0,0,1,0,0
yPACeymidYic32peG,s8C36ubYpWXegHzNF,52.0,0,0,0,0,0,1,1,1,0,0,0,0
yPACeymidYic32peG,ubXgJDvAm4s7qe75C,39.0,0,1,1,0,0,0,3,0,0,1,0,0
yPACeymidYic32peG,uemHc2RWvfZQPQi6e,53.0,0,0,0,0,0,1,1,1,0,0,0,0
yPACeymidYic32peG,zYgz6ejBEat5ctZwQ,26.0,0,1,1,0,0,0,3,0,0,1,0,0
yQMhKhtLwGw4ucZdZ,563baLia669sMwMDP,30.0,0,0,0,0,0,1,2,0,1,0,0,0
yQMhKhtLwGw4ucZdZ,5Lx7CdY4i2wh45eu8,47.0,0,1,1,0,0,0,3,0,0,1,0,0
yQMhKhtLwGw4ucZdZ,AAaQDSWafoAp6X5Rj,36.0,0,0,0,0,0,1,2,0,1,0,0,0
yQMhKhtLwGw4ucZdZ,DxNJ5RhxB8RuZ4kKS,37.0,0,1,1,0,0,0,1,1,0,0,0,0
yQMhKhtLwGw4ucZdZ,k9adLcQa5yAtnbMNQ,49.0,0,0,0,0,0,1,3,0,0,1,0,0
yQMhKhtLwGw4ucZdZ,mNYpYvWFKjwAe5JB5,26.0,0,0,0,0,0,1,4,0,0,0,1,0
yQMhKhtLwGw4ucZdZ,qyGnDriwbb9WczaMq,36.0,0,0,0,0,0,1,1,1,0,0,0,0
yQMhKhtLwGw4ucZdZ,thLYR4apFk8skrDZD,61.0,0,1,1,0,0,0,3,0,0,1,0,0
yx4HW98oi88LT5RNn,2BJib2x28rdxdPF4f,25.0,0,0,0,0,0,1,2,0,1,0,0,0
yx4HW98oi88LT5RNn,8647EaYuaeb36GX4Z,24.0,0,0,0,0,0,1,2,0,1,0,0,0
yx4HW98oi88LT5RNn,Ah8EueJy9pNa9tEb2,55.0,0,1,1,0,0,0,2,0,1,0,0,0
yx4HW98oi88LT5RNn,AmJTYzYhQnucCTQuk,66.0,0,0,0,0,0,1,2,0,1,0,0,0
yx4HW98oi88LT5RNn,FydhubFFfCYv6mTyR,32.0,0,0,0,0,0,1,2,0,1,0,0,0
yx4HW98oi88LT5RNn,YRCwSWAs9z74BSSeF,33.0,0,0,0,0,0,1,3,0,0,1,0,0
yx4HW98oi88LT5RNn,YxHSQASMBSAZPSsts,36.0,0,1,1,0,0,0,2,0,1,0,0,0
yx4HW98oi88LT5RNn,bRgbyPLEtD4aanR7t,36.0,0,0,0,0,0,1,2,0,1,0,0,0
yx4HW98oi88LT5RNn,diz6Aa9usehELK84L,73.0,0,1,1,0,0,0,1,1,0,0,0,0
yx4HW98oi88LT5RNn,dpzdzEavnPmA9WWHh,62.0,0,1,1,0,0,0,1,1,0,0,0,0
yx4HW98oi88LT5RNn,hc7tqEztGwuaE443R,36.0,0,0,0,0,0,1,2,0,1,0,0,0
yx4HW98oi88LT5RNn,jL3K5Y3WeKgxPHMXX,32.0,0,0,0,0,0,1,2,0,1,0,0,0
yx4HW98oi88LT5RNn,jnSkGTQfosnu4FXtL,31.0,0,1,1,0,0,0,1,1,0,0,0,0
yx4HW98oi88LT5RNn,mxhSyZbRH2KSowcWj,20.0,0,3,0,0,1,0,1,1,0,0,0,0
yx4HW98oi88LT5RNn,nqNqAotp86NDYYsrf,45.0,0,0,0,0,0,1,3,0,0,1,0,0
yx4HW98oi88LT5RNn,pYRTDyzLydDjb2vuv,49.0,0,1,1,0,0,0,2,0,1,0,0,0
yx4HW98oi88LT5RNn,quNgBS3zK4tNj8fxc,58.0,0,0,0,0,0,1,2,0,1,0,0,0
yx4HW98oi88LT5RNn,tgmy9ZyPRTqsW9y9A,21.0,0,0,0,0,0,1,1,1,0,0,0,0
yx4HW98oi88LT5RNn,z7DZDZ26PHERMkAEe,41.0,0,0,0,0,0,1,1,1,0,0,0,0
z5KnsyKMZuhXgJc6s,A8QptMYft7nDtvxr3,41.0,0,1,1,0,0,0,1,1,0,0,0,0
z5KnsyKMZuhXgJc6s,usg9g2gbtr3ooARJA,30.0,0,0,0,0,0,1,2,0,1,0,0,0
zSShqhQ7xiCcHZSJP,3HGvKMbywgXygx6uc,20.0,0,1,1,0,0,0,1,1,0,0,0,0
zSShqhQ7xiCcHZSJP,Bi4QgMWbGGN9Z2zBk,44.0,0,1,1,0,0,0,1,1,0,0,0,0
zSShqhQ7xiCcHZSJP,BxFGAyAbbnhjEznop,50.0,0,1,1,0,0,0,2,0,1,0,0,0
zSShqhQ7xiCcHZSJP,H5DdsbNjfEHyaszwE,29.0,0,1,1,0,0,0,1,1,0,0,0,0
zSShqhQ7xiCcHZSJP,JLCHch4iYDBKNZrPA,,1,1,1,0,0,0,1,1,0,0,0,0
zSShqhQ7xiCcHZSJP,T4MTSnu8DEuxRbttw,35.0,0,1,1,0,0,0,1,1,0,0,0,0
zSShqhQ7xiCcHZSJP,XcQr3YHftztyaJLoW,30.0,0,1,1,0,0,0,2,0,1,0,0,0
zSShqhQ7xiCcHZSJP,aFfe4B7QPMAyWEbga,35.0,0,1,1,0,0,0,1,1,0,0,0,0
zSShqhQ7xiCcHZSJP,ezhuHk9tYyDRHdBda,23.0,0,0,0,0,0,1,3,0,0,1,0,0
zSShqhQ7xiCcHZSJP,hf5CiFjKBmF3b5x2Q,34.0,0,1,1,0,0,0,3,0,0,1,0,0
zSShqhQ7xiCcHZSJP,iSecZwHZsDMWXY7rZ,59.0,0,0,0,0,0,1,1,1,0,0,0,0
zSShqhQ7xiCcHZSJP,jPQ6GbYsusL7RusZr,66.0,0,0,0,0,0,1,4,0,0,0,1,0
zSShqhQ7xiCcHZSJP,v4wqeosxxBMJj7SFm,26.0,0,1,1,0,0,0,1,1,0,0,0,0
zSShqhQ7xiCcHZSJP,wvGE84yWCtsnKFuuv,52.0,0,0,0,0,0,1,2,0,1,0,0,0
ziYL3nNeMLG9sGtTz,AEer4ybz7Ynxy6ANH,26.0,0,0,0,0,0,1,2,0,1,0,0,0
ziYL3nNeMLG9sGtTz,DwCto7GxbmvTXgZq6,61.0,0,1,1,0,0,0,2,0,1,0,0,0
ziYL3nNeMLG9sGtTz,Fwbzq82YWvBER2ZFL,36.0,0,1,1,0,0,0,1,1,0,0,0,0
ziYL3nNeMLG9sGtTz,JXwBB5NSyvuFhMBG2,30.0,0,0,0,0,0,1,1,1,0,0,0,0
ziYL3nNeMLG9sGtTz,NaJnczLgwP9Kqq555,36.0,0,0,0,0,0,1,2,0,1,0,0,0
ziYL3nNeMLG9sGtTz,XiYbgWfhMFKQiq3gH,25.0,0,1,1,0,0,0,1,1,0,0,0,0
ziYL3nNeMLG9sGtTz,fz7fQQBr42gMe4z2g,34.0,0,1,1,0,0,0,1,1,0,0,0,0
ziYL3nNeMLG9sGtTz,g77dNgLHpzxMFcPcb,42.0,0,1,1,0,0,0,1,1,0,0,0,0
ziYL3nNeMLG9sGtTz,gko8sLXpK4KxArDfN,38.0,0,1,1,0,0,0,1,1,0,0,0,0
ziYL3nNeMLG9sGtTz,jCgtBfwjjfdpWtAYR,34.0,0,0,0,0,0,1,2,0,1,0,0,0
ziYL3nNeMLG9sGtTz,kGnAWcpDcsfwpZA3A,57.0,0,1,1,0,0,0,3,0,0,1,0,0
ziYL3nNeMLG9sGtTz,sh2ozesbSQud5QqmX,31.0,0,1,1,0,0,0,1,1,0,0,0,0
ziYL3nNeMLG9sGtTz,xDJMCpeXeuFsLqFJi,61.0,0,0,0,0,0,1,3,0,0,1,0,0
ziYL3nNeMLG9sGtTz,yNhneYCHGi7ggMfqF,39.0,0,1,1,0,0,0,3,0,0,1,0,0
zrxsJ6NsjZqBSyrNS,4odEqJ8RYLFJR7m98,26.0,0,1,1,0,0,0,2,0,1,0,0,0
zrxsJ6NsjZqBSyrNS,EyhcSwcgYuAQhwjkq,37.0,0,1,1,0,0,0,2,0,1,0,0,0
zrxsJ6NsjZqBSyrNS,GceYixCXMNPpvJkBu,34.0,0,1,1,0,0,0,2,0,1,0,0,0
zzwFiFeNTXYCkijjE,CF5yQb3aeatKdyxSo,40.0,0,1,1,0,0,0,1,1,0,0,0,0
zzwFiFeNTXYCkijjE,L3bbXyKnFzXP2AxNq,29.0,0,1,1,0,0,0,2,0,1,0,0,0
zzwFiFeNTXYCkijjE,RNDgXbdYxhTp79rue,26.0,0,0,0,0,0,1,2,0,1,0,0,0
zzwFiFeNTXYCkijjE,TLzZM6AiLYYaHTrLX,34.0,0,1,1,0,0,0,2,0,1,0,0,0
zzwFiFeNTXYCkijjE,aBjWDCT6XaDfstnir,51.0,0,0,0,0,0,1,2,0,1,0,0,0
zzwFiFeNTXYCkijjE,brBThwzKgiMavuoh3,44.0,0,0,0,0,0,1,1,1,0,0,0,0
zzwFiFeNTXYCkijjE,ebf7nbQFvx5bacPxc,47.0,0,0,0,0,0,1,2,0,1,0,0,0
