,Unnamed: 0,_id,name,value,factorTypeId,createdAt
0,0,7cRrzNy9n8KArNiGL,true,true,j6JAP3reS9Xh8Zd5y,2023-04-19T05:19:37Z
1,1,PzL3B9E2ZwJgwXioF,false,false,j6JAP3reS9Xh8Zd5y,2023-04-19T05:19:37Z
2,2,nckP8su7sSTWCgj4x,true,true,ZTsaeZvqkjT2TiZbd,2023-04-19T05:19:37Z
3,3,Nfzn5suBHEkndeRYJ,false,false,ZTsaeZvqkjT2TiZbd,2023-04-19T05:19:37Z
4,4,Pq6NFDwFSSLFBa39x,true,true,NKE63qnTH4qQ5fJz2,2023-04-19T05:19:37Z
5,5,z57ZXiW7FQWmLdw2w,false,false,NKE63qnTH4qQ5fJz2,2023-04-19T05:19:37Z
6,6,d2eBvhYDzovCGfSpr,true,true,AqeXKPY3FNoEDEsEm,2023-04-19T05:19:37Z
7,7,MLiCrbqfGoRX45EJc,false,false,AqeXKPY3FNoEDEsEm,2023-04-19T05:19:37Z
8,8,xzjRLbF8oahtGTi7g,true,true,yTMk8ugg3WfuP69Tn,2023-04-19T05:19:37Z
9,9,attTdNMJMa3NYtn2K,false,false,yTMk8ugg3WfuP69Tn,2023-04-19T05:19:37Z
10,10,C3CGbSfcQmjEKLmLu,true,true,X3GEcDHZeybCyTiXK,2023-04-19T05:19:37Z
11,11,iLANeArucnfNmopi4,false,false,X3GEcDHZeybCyTiXK,2023-04-19T05:19:37Z
12,12,JZq84FEt8iMPDSFCC,true,true,Yn6ADxWDAjn7wdbfN,2023-04-19T05:19:37Z
13,13,EDcdmzYq4LRSNQQnX,false,false,Yn6ADxWDAjn7wdbfN,2023-04-19T05:19:37Z
14,14,8gPSWyoYZdkvCJYjc,true,true,68euTNrndetTaGoks,2023-04-19T05:19:37Z
15,15,SzGQza9EyLPwPQW7P,false,false,68euTNrndetTaGoks,2023-04-19T05:19:37Z
16,16,CC85v9QkAupDCBCku,3,3,EHgYkiFFuLkxsTwCc,2023-04-19T05:19:37Z
17,17,tmAzc7qrW2Nh2dpfM,15,15,EHgYkiFFuLkxsTwCc,2023-04-19T05:19:37Z
18,18,ytiyL6m5rwLJbMA62,16,16,EHgYkiFFuLkxsTwCc,2023-04-19T05:19:37Z
19,19,LXuGLNaR2tAtrXNex,10,10,EHgYkiFFuLkxsTwCc,2023-04-19T05:19:37Z
20,20,a4jAogPFsQ59GaMyG,8,8,EHgYkiFFuLkxsTwCc,2023-04-19T05:19:37Z
21,21,Z64Qx29Ybwem9LKpG,18,18,EHgYkiFFuLkxsTwCc,2023-04-19T05:19:37Z
22,22,KmRLZECTmHmyiuF58,13,13,EHgYkiFFuLkxsTwCc,2023-04-19T05:19:37Z
23,23,fZZkkSpjywT5afBZ5,5,5,EHgYkiFFuLkxsTwCc,2023-04-19T05:19:37Z
24,24,7Whir7GhcgY74MGHs,6,6,EHgYkiFFuLkxsTwCc,2023-04-19T05:19:37Z
25,25,wXcvuHxTAFhmP4Nbx,11,11,EHgYkiFFuLkxsTwCc,2023-04-19T05:19:37Z
26,26,BuRnRNDc4j79qjWXp,20,20,EHgYkiFFuLkxsTwCc,2023-04-19T05:19:38Z
27,27,PYEiB4RpsxYPLrW4z,7,7,EHgYkiFFuLkxsTwCc,2023-04-19T05:19:38Z
28,28,kSChbxsrXLJwC7Yqf,4,4,EHgYkiFFuLkxsTwCc,2023-04-19T05:19:38Z
29,29,4FZdgYmXg6qJsRP5p,14,14,EHgYkiFFuLkxsTwCc,2023-04-19T05:19:38Z
30,30,jRKrQpNS8ez5bvrve,17,17,EHgYkiFFuLkxsTwCc,2023-04-19T05:19:38Z
31,31,Mp7q78Q55FDWZoqzY,9,9,EHgYkiFFuLkxsTwCc,2023-04-19T05:19:38Z
32,32,pgLiaBzxyfDFhSMbL,19,19,EHgYkiFFuLkxsTwCc,2023-04-19T05:19:38Z
33,33,K5mc7p3k7ZQkekeRg,12,12,EHgYkiFFuLkxsTwCc,2023-04-19T05:19:38Z
34,34,mF9qszSMjj7bQh8HL,2,2,EHgYkiFFuLkxsTwCc,2023-04-19T05:19:38Z
35,35,gL8msKqE5w3wjSLdC,11,11,3HCJ58w4gmzonQ8Hv,2023-04-19T05:19:38Z
36,36,9iWxa7fEMDzztq9Xv,17,17,3HCJ58w4gmzonQ8Hv,2023-04-19T05:19:38Z
37,37,4FeQcgPCfhv54Dp7G,2,2,3HCJ58w4gmzonQ8Hv,2023-04-19T05:19:38Z
38,38,m6RkBWMjLKE4kceyr,23,23,3HCJ58w4gmzonQ8Hv,2023-04-19T05:19:38Z
39,39,ToYLz5MjyGP6PabGv,8,8,3HCJ58w4gmzonQ8Hv,2023-04-19T05:19:38Z
40,40,fs4RFvxDmTiybFa2o,30,30,3HCJ58w4gmzonQ8Hv,2023-04-19T05:19:38Z
41,41,xLTwvrJgHR6gftQeH,13,13,3HCJ58w4gmzonQ8Hv,2023-04-19T05:19:38Z
42,42,mzoGt6hi75Bk8ZwEF,21,21,3HCJ58w4gmzonQ8Hv,2023-04-19T05:19:38Z
43,43,Bdi2YcZpJ5LxLy525,4,4,3HCJ58w4gmzonQ8Hv,2023-04-19T05:19:38Z
44,44,RxhyH5pPakEYKHdXB,26,26,3HCJ58w4gmzonQ8Hv,2023-04-19T05:19:38Z
45,45,yjsgExBJP8LjiSjmj,10,10,3HCJ58w4gmzonQ8Hv,2023-04-19T05:19:38Z
46,46,CGqDN2784T9mQdNXS,14,14,3HCJ58w4gmzonQ8Hv,2023-04-19T05:19:38Z
47,47,6RvccaqyxZErPkimm,5,5,3HCJ58w4gmzonQ8Hv,2023-04-19T05:19:38Z
48,48,RzmMaSp2bGqWRmNdN,27,27,3HCJ58w4gmzonQ8Hv,2023-04-19T05:19:38Z
49,49,qzDMpt68sycpCGLPi,6,6,3HCJ58w4gmzonQ8Hv,2023-04-19T05:19:38Z
50,50,ybSKby3WB4y2qsCR9,28,28,3HCJ58w4gmzonQ8Hv,2023-04-19T05:19:38Z
51,51,tZN7g2rGFk5hMPgEk,15,15,3HCJ58w4gmzonQ8Hv,2023-04-19T05:19:38Z
52,52,S4hJvtGqBPPgKoAHD,22,22,3HCJ58w4gmzonQ8Hv,2023-04-19T05:19:38Z
53,53,NvoGm4GJHC4nH25FK,16,16,3HCJ58w4gmzonQ8Hv,2023-04-19T05:19:38Z
54,54,gwZwAkxCebrjW5vvJ,3,3,3HCJ58w4gmzonQ8Hv,2023-04-19T05:19:38Z
55,55,xvoAssbs5EdrKdicq,25,25,3HCJ58w4gmzonQ8Hv,2023-04-19T05:19:38Z
56,56,W2bNYnBkR7aikaFAr,12,12,3HCJ58w4gmzonQ8Hv,2023-04-19T05:19:38Z
57,57,DLxXa6pNueiyrrXBy,19,19,3HCJ58w4gmzonQ8Hv,2023-04-19T05:19:38Z
58,58,H6KJmgKcm8HY2GQA5,7,7,3HCJ58w4gmzonQ8Hv,2023-04-19T05:19:38Z
59,59,36YQyPfp9n86jqZ7m,24,24,3HCJ58w4gmzonQ8Hv,2023-04-19T05:19:38Z
60,60,k6qXJP3YSbkPqTuJk,1,1,3HCJ58w4gmzonQ8Hv,2023-04-19T05:19:38Z
61,61,CXTz2DnyQmnEYrFHM,18,18,3HCJ58w4gmzonQ8Hv,2023-04-19T05:19:38Z
62,62,XsXytxstWMh9zNwGf,20,20,3HCJ58w4gmzonQ8Hv,2023-04-19T05:19:38Z
63,63,Wzdhfheg5FtmZLmwT,29,29,3HCJ58w4gmzonQ8Hv,2023-04-19T05:19:38Z
64,64,kRKNfc9Roihxt4KXs,9,9,3HCJ58w4gmzonQ8Hv,2023-04-19T05:19:38Z
65,65,XZPFRPGauAtdBbj9Z,20,20,Q4CpiNGcyDJcGosLw,2023-04-19T05:19:38Z
66,66,PAbrjXhwHFeKZu9BX,1.5,1.5,tEKdjpZue8XbkYzQb,2023-04-19T05:19:38Z
67,67,EEc3J2Ym2HN76pyyZ,6.0,6,tEKdjpZue8XbkYzQb,2023-04-19T05:19:38Z
68,68,mPvPce9ZzZokdTMg6,2.0,2,tEKdjpZue8XbkYzQb,2023-04-19T05:19:38Z
69,69,u6Z7qu8MrDvmGDegT,6.3,6.3,tEKdjpZue8XbkYzQb,2023-04-19T05:19:38Z
70,70,D4iR2JbvyRYtQKJQp,4.7,4.7,tEKdjpZue8XbkYzQb,2023-04-19T05:19:38Z
71,71,repicBmWJDwqX7qXx,3.4,3.4,tEKdjpZue8XbkYzQb,2023-04-19T05:19:38Z
72,72,dC8ZnB8LmMF9ushfr,6.4,6.4,tEKdjpZue8XbkYzQb,2023-04-19T05:19:38Z
73,73,yX496dPB46YvWxJjd,1.8,1.8,tEKdjpZue8XbkYzQb,2023-04-19T05:19:38Z
74,74,a4sNRmNncrswKozPd,6.5,6.5,tEKdjpZue8XbkYzQb,2023-04-19T05:19:38Z
75,75,StM7fPbHwxX2YmaXN,5.0,5,tEKdjpZue8XbkYzQb,2023-04-19T05:19:38Z
76,76,MyWfhqRQdkL87XgRN,3.8,3.8,tEKdjpZue8XbkYzQb,2023-04-19T05:19:38Z
77,77,MAE9dSLD5jPwgTFnC,4.6,4.6,tEKdjpZue8XbkYzQb,2023-04-19T05:19:38Z
78,78,CAuq6xzfGw47qvMCP,5.4,5.4,tEKdjpZue8XbkYzQb,2023-04-19T05:19:38Z
79,79,Nf7NCmrEZBEXJqSfh,9.0,9,tEKdjpZue8XbkYzQb,2023-04-19T05:19:38Z
80,80,JXkCji2vRkP9y8DaB,1.0,1,tEKdjpZue8XbkYzQb,2023-04-19T05:19:38Z
81,81,kKkuYwqfo5y58fdiS,2.2,2.2,tEKdjpZue8XbkYzQb,2023-04-19T05:19:38Z
82,82,GmsmMb2tRRnLikx4A,4.2,4.2,tEKdjpZue8XbkYzQb,2023-04-19T05:19:38Z
83,83,AAXLAwWiRfiaBZ3hY,9.3,9.3,tEKdjpZue8XbkYzQb,2023-04-19T05:19:38Z
84,84,wQ64YwJ7dkm3SWnmq,1.3,1.3,tEKdjpZue8XbkYzQb,2023-04-19T05:19:38Z
85,85,Mnn5HtfcGE7G5BoSi,12.5,12.5,tEKdjpZue8XbkYzQb,2023-04-19T05:19:38Z
86,86,qidhQEwEQfTKscP3K,4.3,4.3,tEKdjpZue8XbkYzQb,2023-04-19T05:19:38Z
87,87,w4A4cjyCwNEh2coLX,2.7,2.7,tEKdjpZue8XbkYzQb,2023-04-19T05:19:38Z
88,88,eWNoso9T6fp8YQijG,8.2,8.2,tEKdjpZue8XbkYzQb,2023-04-19T05:19:38Z
89,89,AQBeYEgYZzEATRBB7,3.3,3.3,tEKdjpZue8XbkYzQb,2023-04-19T05:19:38Z
90,90,wjuys28yJ5AWEfEpn,8.3,8.3,tEKdjpZue8XbkYzQb,2023-04-19T05:19:38Z
91,91,9aT63Z2AKzS4AQ7Qe,2.5,2.5,tEKdjpZue8XbkYzQb,2023-04-19T05:19:38Z
92,92,8h82abfBLtAz4Revw,1.2,1.2,tEKdjpZue8XbkYzQb,2023-04-19T05:19:38Z
93,93,M7odyr8ShxufDuk3A,10.3,10.3,tEKdjpZue8XbkYzQb,2023-04-19T05:19:38Z
94,94,fccKZyMz7fG36GqwL,2.1,2.1,tEKdjpZue8XbkYzQb,2023-04-19T05:19:38Z
95,95,mex83wbsf9Tv32Dsg,10.0,10,tEKdjpZue8XbkYzQb,2023-04-19T05:19:38Z
96,96,EaFz8qLHhLT2eKnSc,3.9,3.9,tEKdjpZue8XbkYzQb,2023-04-19T05:19:38Z
97,97,texkWsnS9mjnWwsGi,2.6,2.6,tEKdjpZue8XbkYzQb,2023-04-19T05:19:38Z
98,98,H6eXTvRbHHaRdrK53,3.7,3.7,tEKdjpZue8XbkYzQb,2023-04-19T05:19:38Z
99,99,TqeYLPpi8TGhTMckH,1.9,1.9,tEKdjpZue8XbkYzQb,2023-04-19T05:19:38Z
100,100,gXxhzkGBEgDQKBNes,10.2,10.2,tEKdjpZue8XbkYzQb,2023-04-19T05:19:38Z
101,101,qgPehoFTuYi7STBGQ,3.2,3.2,tEKdjpZue8XbkYzQb,2023-04-19T05:19:38Z
102,102,Y2Ynr9m723s3WRxoF,7.2,7.2,tEKdjpZue8XbkYzQb,2023-04-19T05:19:38Z
103,103,nk2Hvv2sXa9g3jDjA,1.6,1.6,tEKdjpZue8XbkYzQb,2023-04-19T05:19:38Z
104,104,4hz2RLoXx3bH7mvRA,7.0,7,tEKdjpZue8XbkYzQb,2023-04-19T05:19:38Z
105,105,6eRBCdRPWmWg2R5fs,5.2,5.2,tEKdjpZue8XbkYzQb,2023-04-19T05:19:38Z
106,106,mvGPyw4pY3hCXiksx,5.1,5.1,tEKdjpZue8XbkYzQb,2023-04-19T05:19:38Z
107,107,vAy9feX3WTQKXxJ3M,4.4,4.4,tEKdjpZue8XbkYzQb,2023-04-19T05:19:38Z
108,108,uKZiypxyCRoeMXbTr,8.9,8.9,tEKdjpZue8XbkYzQb,2023-04-19T05:19:38Z
109,109,eay5SC5KNBQXtr8pf,5.6,5.6,tEKdjpZue8XbkYzQb,2023-04-19T05:19:38Z
110,110,kqEaavDoiabBF3fSc,1.1,1.1,tEKdjpZue8XbkYzQb,2023-04-19T05:19:38Z
111,111,kzf3TSZW4aTHR3yi3,7.3,7.3,tEKdjpZue8XbkYzQb,2023-04-19T05:19:38Z
112,112,ku4Exmf8mrnZRBD69,2.3,2.3,tEKdjpZue8XbkYzQb,2023-04-19T05:19:38Z
113,113,odLdG2GePTtJtkrya,9.1,9.1,tEKdjpZue8XbkYzQb,2023-04-19T05:19:39Z
114,114,av4LHzFmd37zqxdgX,2.4,2.4,tEKdjpZue8XbkYzQb,2023-04-19T05:19:39Z
115,115,huZ7wEDsMpzgffjy6,3.1,3.1,tEKdjpZue8XbkYzQb,2023-04-19T05:19:39Z
116,116,BzBRBjKMihzntvLdL,11.2,11.2,tEKdjpZue8XbkYzQb,2023-04-19T05:19:39Z
117,117,6yCNYt4LhedcEke2r,1.7,1.7,tEKdjpZue8XbkYzQb,2023-04-19T05:19:39Z
118,118,hnPYsnYAAjgadKEyr,10.7,10.7,tEKdjpZue8XbkYzQb,2023-04-19T05:19:39Z
119,119,6mgqMwmn9BEMA9scm,5.3,5.3,tEKdjpZue8XbkYzQb,2023-04-19T05:19:39Z
120,120,p2XgeTzuePLpzvmrh,8.5,8.5,tEKdjpZue8XbkYzQb,2023-04-19T05:19:39Z
121,121,GDaN3cMRiiNm4QnDH,4.9,4.9,tEKdjpZue8XbkYzQb,2023-04-19T05:19:39Z
122,122,JJwWPaTS9wZsNFuDY,6.1,6.1,tEKdjpZue8XbkYzQb,2023-04-19T05:19:39Z
123,123,dh3CGKWr856T72knt,8.1,8.1,tEKdjpZue8XbkYzQb,2023-04-19T05:19:39Z
124,124,RyvbQoFpz6uNdL8tr,5.5,5.5,tEKdjpZue8XbkYzQb,2023-04-19T05:19:39Z
125,125,9hCSkc64agtidYJ2n,6.2,6.2,tEKdjpZue8XbkYzQb,2023-04-19T05:19:39Z
126,126,X2GXzHN3cCynwGi5Y,3.5,3.5,tEKdjpZue8XbkYzQb,2023-04-19T05:19:39Z
127,127,e3kAFvnEuZu7qJGjF,6.6,6.6,tEKdjpZue8XbkYzQb,2023-04-19T05:19:39Z
128,128,gi54g8zakiqBpCuEo,7.4,7.4,tEKdjpZue8XbkYzQb,2023-04-19T05:19:39Z
129,129,gTd6LvgqGsuDXCfuL,5.8,5.8,tEKdjpZue8XbkYzQb,2023-04-19T05:19:39Z
130,130,errguwP5Ztwpi2BNh,5.9,5.9,tEKdjpZue8XbkYzQb,2023-04-19T05:19:39Z
131,131,vu2qvscD9RgWMf9wv,8.7,8.7,tEKdjpZue8XbkYzQb,2023-04-19T05:19:39Z
132,132,9M3dXWiL2eu78aJR4,2.8,2.8,tEKdjpZue8XbkYzQb,2023-04-19T05:19:39Z
133,133,KmMw3Cpdf4pAjCmBq,8.8,8.8,tEKdjpZue8XbkYzQb,2023-04-19T05:19:39Z
134,134,ofmfGNtyJE4xAvJMp,11.3,11.3,tEKdjpZue8XbkYzQb,2023-04-19T05:19:39Z
135,135,yadcquvK5qRX3puF8,9.2,9.2,tEKdjpZue8XbkYzQb,2023-04-19T05:19:39Z
136,136,NZiDZjpNgFpXgfKKd,4.0,4,tEKdjpZue8XbkYzQb,2023-04-19T05:19:39Z
137,137,gPoLPiseXwFb8HWpc,7.8,7.8,tEKdjpZue8XbkYzQb,2023-04-19T05:19:39Z
138,138,t3uDK59oY2c67xSGs,6.9,6.9,tEKdjpZue8XbkYzQb,2023-04-19T05:19:39Z
139,139,gs2ua3pEwQ66mKzJ3,7.5,7.5,tEKdjpZue8XbkYzQb,2023-04-19T05:19:39Z
140,140,WNmWGEupL6QjwiFb3,4.8,4.8,tEKdjpZue8XbkYzQb,2023-04-19T05:19:39Z
141,141,ybfBgcEExzTPtM6Bg,11.7,11.7,tEKdjpZue8XbkYzQb,2023-04-19T05:19:39Z
142,142,rHq65g8ZCRrNJxTiK,2.9,2.9,tEKdjpZue8XbkYzQb,2023-04-19T05:19:39Z
143,143,gJRedPFPwgzd9hxzh,1.4,1.4,tEKdjpZue8XbkYzQb,2023-04-19T05:19:39Z
144,144,4Nv3yjA7hEtCKzsaQ,9.6,9.6,tEKdjpZue8XbkYzQb,2023-04-19T05:19:39Z
145,145,Grxiq7YEjx8yPNuts,12.1,12.1,tEKdjpZue8XbkYzQb,2023-04-19T05:19:39Z
146,146,nC4qsgTFo5B9PfBqR,7.9,7.9,tEKdjpZue8XbkYzQb,2023-04-19T05:19:39Z
147,147,7M6pzMDGwHfiajWh9,4.1,4.1,tEKdjpZue8XbkYzQb,2023-04-19T05:19:39Z
148,148,YR6ENR5xWqkMMhuRr,3.0,3,tEKdjpZue8XbkYzQb,2023-04-19T05:19:39Z
149,149,TDwLFzY5YqQd2C5Mb,13.7,13.7,tEKdjpZue8XbkYzQb,2023-04-19T05:19:39Z
150,150,GM76xxaDFb7vfkC7R,3.6,3.6,tEKdjpZue8XbkYzQb,2023-04-19T05:19:39Z
151,151,3EZMDs43dcadEfKHJ,6.8,6.8,tEKdjpZue8XbkYzQb,2023-04-19T05:19:39Z
152,152,H5YkhdMfsS32wNRsy,10.6,10.6,tEKdjpZue8XbkYzQb,2023-04-19T05:19:39Z
153,153,biTP8yh8xo4ofRKki,11.1,11.1,tEKdjpZue8XbkYzQb,2023-04-19T05:19:39Z
154,154,By5GmWeEvBswisLeu,0,0,GHfMB6rnec6bRbcg5,2023-04-19T05:19:39Z
155,155,AvEQrn8TuAfcZ2nAa,1,1,GHfMB6rnec6bRbcg5,2023-04-19T05:19:39Z
156,156,XisFJ9opqmAsBxve2,3,3,GZ8aazA6BNZTCavGv,2023-04-19T05:19:39Z
157,157,ujf8hgK5vs3NFg9PL,2,2,GZ8aazA6BNZTCavGv,2023-04-19T05:19:39Z
158,158,nNN9L7cwvWoS8t9d4,1,1,GZ8aazA6BNZTCavGv,2023-04-19T05:19:39Z
159,159,eDeiGssDkxHJD3Qg5,4,4,GZ8aazA6BNZTCavGv,2023-04-19T05:19:39Z
160,160,gFbocmdB7s8nmFpxY,9.0,9,6ajytPzuhkXsxBxQH,2023-04-19T05:19:39Z
161,161,YLevqNyf2Z8axYPuT,2.0,2,6ajytPzuhkXsxBxQH,2023-04-19T05:19:39Z
162,162,ZypqvG6yXyDZdXqaN,15.0,15,6ajytPzuhkXsxBxQH,2023-04-19T05:19:39Z
163,163,6f97iJZi6FaRqkTcv,11.0,11,6ajytPzuhkXsxBxQH,2023-04-19T05:19:39Z
164,164,ikbKGHqdpbCeZKTBE,3.0,3,6ajytPzuhkXsxBxQH,2023-04-19T05:19:39Z
165,165,ju2yFE8WgcK3DLcTD,5.0,5,6ajytPzuhkXsxBxQH,2023-04-19T05:19:39Z
166,166,ZLAqWfw4GLJDnJsWu,8.0,8,6ajytPzuhkXsxBxQH,2023-04-19T05:19:39Z
167,167,wKi8dRKMiJFMuiTot,6.0,6,6ajytPzuhkXsxBxQH,2023-04-19T05:19:39Z
168,168,9tdSTzasRMptKppC2,7.0,7,6ajytPzuhkXsxBxQH,2023-04-19T05:19:39Z
169,169,jmKmXCHgq6dyePe5L,4.0,4,6ajytPzuhkXsxBxQH,2023-04-19T05:19:39Z
170,170,BsWq8eY6LcbdKmLwh,10.0,10,6ajytPzuhkXsxBxQH,2023-04-19T05:19:39Z
171,171,apvSNcjjX5gyAQCHA,1.0,1,6ajytPzuhkXsxBxQH,2023-04-19T05:19:39Z
172,172,oE2LXP62DyGy3vG9X,12.0,12,6ajytPzuhkXsxBxQH,2023-04-19T05:19:39Z
173,173,kMjD2PdRtqaYfSPEE,14.0,14,6ajytPzuhkXsxBxQH,2023-04-19T05:19:39Z
174,174,dKSnx3svKPcmuF9ho,16.0,16,6ajytPzuhkXsxBxQH,2023-04-19T05:19:39Z
175,175,9uQGGStLstnmjuFF4,13.0,13,6ajytPzuhkXsxBxQH,2023-04-19T05:19:39Z
176,176,qE3naRNiifcWRLdvd,3,3,s2PshR5EpqTmgP3AM,2023-04-19T05:19:39Z
177,177,yDANp3XSeZnuTguAN,2,2,s2PshR5EpqTmgP3AM,2023-04-19T05:19:39Z
178,178,wpswrATWbYXsEZFEX,1,1,s2PshR5EpqTmgP3AM,2023-04-19T05:19:39Z
179,179,A7aDdZSwabrcCkPky,4,4,s2PshR5EpqTmgP3AM,2023-04-19T05:19:39Z
180,180,9eoTjJEK8pQFEFqPo,4.0,4,JGWebFJC6Ha5JXvv4,2023-04-19T05:19:39Z
181,181,Q3b4WART9Wq5boZB9,2.0,2,JGWebFJC6Ha5JXvv4,2023-04-19T05:19:39Z
182,182,QExvKj6f2nFprf5fN,1.0,1,JGWebFJC6Ha5JXvv4,2023-04-19T05:19:39Z
183,183,QmZyALw37B4tembBz,3.0,3,JGWebFJC6Ha5JXvv4,2023-04-19T05:19:39Z
184,184,aranQzTnLShm7tX9C,5.0,5,JGWebFJC6Ha5JXvv4,2023-04-19T05:19:39Z
185,185,HEthudZ76hQv4meJi,6.0,6,JGWebFJC6Ha5JXvv4,2023-04-19T05:19:39Z
186,186,kHyMYojMS6ua43Gti,45,45,nvwTXvCbqKpoqtwyM,2023-04-19T05:19:39Z
187,187,sC7xoqmzp9kXf82GD,45,45,XJQkHcz5i2otEh5iY,2023-04-19T05:19:39Z
188,188,NCtZsfzPCBBQJFjRj,45,45,pnqRp2Hx2sQr2SADa,2023-04-19T05:19:39Z
189,189,v8FH3Svr5DjC3Fg6K,1.1,1.1,f8TPaJf7NMat3M9Fh,2023-04-19T05:19:39Z
190,190,9oYwsjPEwHZsYGKsC,1.7,1.7,f8TPaJf7NMat3M9Fh,2023-04-19T05:19:39Z
191,191,p4oBnnt77T4CiWG8R,0.2,0.2,f8TPaJf7NMat3M9Fh,2023-04-19T05:19:39Z
192,192,R6PenHDi6jMwWTYPf,2.3,2.3,f8TPaJf7NMat3M9Fh,2023-04-19T05:19:39Z
193,193,AHCNoSbxTgDHu8LAc,0.8,0.8,f8TPaJf7NMat3M9Fh,2023-04-19T05:19:39Z
194,194,5xTRiK79kFFLb8gjC,3.0,3,f8TPaJf7NMat3M9Fh,2023-04-19T05:19:40Z
195,195,vvYJc5Avz3y7ohnfH,1.3,1.3,f8TPaJf7NMat3M9Fh,2023-04-19T05:19:40Z
196,196,HQZwGQXGTKbpnYC7w,2.1,2.1,f8TPaJf7NMat3M9Fh,2023-04-19T05:19:40Z
197,197,B9fxJm75dJ9ZxSfpr,0.4,0.4,f8TPaJf7NMat3M9Fh,2023-04-19T05:19:40Z
198,198,fEk3yTqeFcpZsdHin,2.6,2.6,f8TPaJf7NMat3M9Fh,2023-04-19T05:19:40Z
199,199,GkcdqicwxwuW639Pm,1.0,1,f8TPaJf7NMat3M9Fh,2023-04-19T05:19:40Z
200,200,2WYLvSJWcBvBSHfBp,1.4,1.4,f8TPaJf7NMat3M9Fh,2023-04-19T05:19:40Z
201,201,ipeonTKNzcJhWCpjJ,0.5,0.5,f8TPaJf7NMat3M9Fh,2023-04-19T05:19:40Z
202,202,Lt8PSdTCZX2BacQ9N,2.7,2.7,f8TPaJf7NMat3M9Fh,2023-04-19T05:19:40Z
203,203,y9SCeeRHRfXGNxqXA,0.6,0.6,f8TPaJf7NMat3M9Fh,2023-04-19T05:19:40Z
204,204,gZECbniAhFQv85Duo,2.8,2.8,f8TPaJf7NMat3M9Fh,2023-04-19T05:19:40Z
205,205,R2CGTTAxdwpcGr8WW,1.5,1.5,f8TPaJf7NMat3M9Fh,2023-04-19T05:19:40Z
206,206,4SS9BKyH75pPLNnLm,2.2,2.2,f8TPaJf7NMat3M9Fh,2023-04-19T05:19:40Z
207,207,kKd3NYZxCmxDiRpDx,1.6,1.6,f8TPaJf7NMat3M9Fh,2023-04-19T05:19:40Z
208,208,Rqp5nRDuPmXbikRcc,0.3,0.3,f8TPaJf7NMat3M9Fh,2023-04-19T05:19:40Z
209,209,z7aF8YXRXZ7NabkA6,2.5,2.5,f8TPaJf7NMat3M9Fh,2023-04-19T05:19:40Z
210,210,FDvqD3orgxNHABtHW,1.2,1.2,f8TPaJf7NMat3M9Fh,2023-04-19T05:19:40Z
211,211,rP83P5b4nTN2uvftJ,1.9,1.9,f8TPaJf7NMat3M9Fh,2023-04-19T05:19:40Z
212,212,8MovLJrsaAMLyYTyj,0.7,0.7,f8TPaJf7NMat3M9Fh,2023-04-19T05:19:40Z
213,213,tfrMvyZajs6cWnneW,2.4,2.4,f8TPaJf7NMat3M9Fh,2023-04-19T05:19:40Z
214,214,Zudmpz9yaxD8gx9F8,0.1,0.1,f8TPaJf7NMat3M9Fh,2023-04-19T05:19:40Z
215,215,wTjdsYWwqyyWEt62c,1.8,1.8,f8TPaJf7NMat3M9Fh,2023-04-19T05:19:40Z
216,216,ty45km6eRfgYFDqxG,2.0,2,f8TPaJf7NMat3M9Fh,2023-04-19T05:19:40Z
217,217,RTurEsxj2kCz6uWEW,2.9,2.9,f8TPaJf7NMat3M9Fh,2023-04-19T05:19:40Z
218,218,FtgfjCY6XYi4nh8J2,0.9,0.9,f8TPaJf7NMat3M9Fh,2023-04-19T05:19:40Z
219,219,sMPJAoPf2ESG2KMDh,300,300,RWjFfH3kiu7X2yg4d,2023-04-19T05:19:40Z
220,220,3RHTup7XiHrZ8oob6,true,true,j6JAP3reS9Xh8Zd5y,2023-04-07T06:29:05Z
221,221,hDbBz5W3Y65ca8w74,false,false,j6JAP3reS9Xh8Zd5y,2023-04-07T06:29:05Z
222,222,MefBWh9yosa8ZdKrT,true,true,ZTsaeZvqkjT2TiZbd,2023-04-07T06:29:05Z
223,223,AHnuKBPMSHWbbfp8t,false,false,ZTsaeZvqkjT2TiZbd,2023-04-07T06:29:05Z
224,224,bWDepGhwncBGxHQDm,true,true,NKE63qnTH4qQ5fJz2,2023-04-07T06:29:06Z
225,225,LLieto639fSNCGN8f,false,false,NKE63qnTH4qQ5fJz2,2023-04-07T06:29:06Z
226,226,izQCEaBn443xEJAYg,true,true,AqeXKPY3FNoEDEsEm,2023-04-07T06:29:06Z
227,227,7zWB4QWu729s7oEyZ,false,false,AqeXKPY3FNoEDEsEm,2023-04-07T06:29:06Z
228,228,vjC9YSui6mNLSiLTC,true,true,yTMk8ugg3WfuP69Tn,2023-04-07T06:29:06Z
229,229,sQnpZ4LdbSuAtcKyy,false,false,yTMk8ugg3WfuP69Tn,2023-04-07T06:29:06Z
230,230,i7GdZQpma9EmjZEAH,true,true,X3GEcDHZeybCyTiXK,2023-04-07T06:29:06Z
231,231,Nda2rqM4GC8FB3der,false,false,X3GEcDHZeybCyTiXK,2023-04-07T06:29:06Z
232,232,dAcjTakLHK3rcnW4o,true,true,Yn6ADxWDAjn7wdbfN,2023-04-07T06:29:06Z
233,233,qWHf3wMDJYqNKCyZW,false,false,Yn6ADxWDAjn7wdbfN,2023-04-07T06:29:06Z
234,234,uJFuxQ24dfkzSNNqS,true,true,68euTNrndetTaGoks,2023-04-07T06:29:06Z
235,235,nCaSt2qfmApjXYLZi,false,false,68euTNrndetTaGoks,2023-04-07T06:29:06Z
236,236,CC85v9QkAupDCBCku,3,3,3nZCwNY73CXT8YZCP,2023-04-07T06:29:06Z
237,237,tmAzc7qrW2Nh2dpfM,15,15,3nZCwNY73CXT8YZCP,2023-04-07T06:29:06Z
238,238,ytiyL6m5rwLJbMA62,16,16,3nZCwNY73CXT8YZCP,2023-04-07T06:29:06Z
239,239,LXuGLNaR2tAtrXNex,10,10,3nZCwNY73CXT8YZCP,2023-04-07T06:29:06Z
240,240,a4jAogPFsQ59GaMyG,8,8,3nZCwNY73CXT8YZCP,2023-04-07T06:29:06Z
241,241,Z64Qx29Ybwem9LKpG,18,18,3nZCwNY73CXT8YZCP,2023-04-07T06:29:06Z
242,242,KmRLZECTmHmyiuF58,13,13,3nZCwNY73CXT8YZCP,2023-04-07T06:29:06Z
243,243,fZZkkSpjywT5afBZ5,5,5,3nZCwNY73CXT8YZCP,2023-04-07T06:29:06Z
244,244,7Whir7GhcgY74MGHs,6,6,3nZCwNY73CXT8YZCP,2023-04-07T06:29:06Z
245,245,wXcvuHxTAFhmP4Nbx,11,11,3nZCwNY73CXT8YZCP,2023-04-07T06:29:06Z
246,246,BuRnRNDc4j79qjWXp,20,20,3nZCwNY73CXT8YZCP,2023-04-07T06:29:06Z
247,247,PYEiB4RpsxYPLrW4z,7,7,3nZCwNY73CXT8YZCP,2023-04-07T06:29:06Z
248,248,kSChbxsrXLJwC7Yqf,4,4,3nZCwNY73CXT8YZCP,2023-04-07T06:29:06Z
249,249,4FZdgYmXg6qJsRP5p,14,14,3nZCwNY73CXT8YZCP,2023-04-07T06:29:06Z
250,250,jRKrQpNS8ez5bvrve,17,17,3nZCwNY73CXT8YZCP,2023-04-07T06:29:06Z
251,251,Mp7q78Q55FDWZoqzY,9,9,3nZCwNY73CXT8YZCP,2023-04-07T06:29:06Z
252,252,pgLiaBzxyfDFhSMbL,19,19,3nZCwNY73CXT8YZCP,2023-04-07T06:29:06Z
253,253,K5mc7p3k7ZQkekeRg,12,12,3nZCwNY73CXT8YZCP,2023-04-07T06:29:06Z
254,254,mF9qszSMjj7bQh8HL,2,2,3nZCwNY73CXT8YZCP,2023-04-07T06:29:06Z
255,255,gL8msKqE5w3wjSLdC,11,11,3HCJ58w4gmzonQ8Hv,2023-04-07T06:29:06Z
256,256,9iWxa7fEMDzztq9Xv,17,17,3HCJ58w4gmzonQ8Hv,2023-04-07T06:29:06Z
257,257,4FeQcgPCfhv54Dp7G,2,2,3HCJ58w4gmzonQ8Hv,2023-04-07T06:29:06Z
258,258,m6RkBWMjLKE4kceyr,23,23,3HCJ58w4gmzonQ8Hv,2023-04-07T06:29:06Z
259,259,ToYLz5MjyGP6PabGv,8,8,3HCJ58w4gmzonQ8Hv,2023-04-07T06:29:06Z
260,260,fs4RFvxDmTiybFa2o,30,30,3HCJ58w4gmzonQ8Hv,2023-04-07T06:29:06Z
261,261,xLTwvrJgHR6gftQeH,13,13,3HCJ58w4gmzonQ8Hv,2023-04-07T06:29:06Z
262,262,mzoGt6hi75Bk8ZwEF,21,21,3HCJ58w4gmzonQ8Hv,2023-04-07T06:29:06Z
263,263,Bdi2YcZpJ5LxLy525,4,4,3HCJ58w4gmzonQ8Hv,2023-04-07T06:29:06Z
264,264,RxhyH5pPakEYKHdXB,26,26,3HCJ58w4gmzonQ8Hv,2023-04-07T06:29:06Z
265,265,yjsgExBJP8LjiSjmj,10,10,3HCJ58w4gmzonQ8Hv,2023-04-07T06:29:06Z
266,266,CGqDN2784T9mQdNXS,14,14,3HCJ58w4gmzonQ8Hv,2023-04-07T06:29:06Z
267,267,6RvccaqyxZErPkimm,5,5,3HCJ58w4gmzonQ8Hv,2023-04-07T06:29:06Z
268,268,RzmMaSp2bGqWRmNdN,27,27,3HCJ58w4gmzonQ8Hv,2023-04-07T06:29:06Z
269,269,qzDMpt68sycpCGLPi,6,6,3HCJ58w4gmzonQ8Hv,2023-04-07T06:29:06Z
270,270,ybSKby3WB4y2qsCR9,28,28,3HCJ58w4gmzonQ8Hv,2023-04-07T06:29:06Z
271,271,tZN7g2rGFk5hMPgEk,15,15,3HCJ58w4gmzonQ8Hv,2023-04-07T06:29:06Z
272,272,S4hJvtGqBPPgKoAHD,22,22,3HCJ58w4gmzonQ8Hv,2023-04-07T06:29:06Z
273,273,NvoGm4GJHC4nH25FK,16,16,3HCJ58w4gmzonQ8Hv,2023-04-07T06:29:06Z
274,274,gwZwAkxCebrjW5vvJ,3,3,3HCJ58w4gmzonQ8Hv,2023-04-07T06:29:06Z
275,275,xvoAssbs5EdrKdicq,25,25,3HCJ58w4gmzonQ8Hv,2023-04-07T06:29:06Z
276,276,W2bNYnBkR7aikaFAr,12,12,3HCJ58w4gmzonQ8Hv,2023-04-07T06:29:06Z
277,277,DLxXa6pNueiyrrXBy,19,19,3HCJ58w4gmzonQ8Hv,2023-04-07T06:29:06Z
278,278,H6KJmgKcm8HY2GQA5,7,7,3HCJ58w4gmzonQ8Hv,2023-04-07T06:29:06Z
279,279,36YQyPfp9n86jqZ7m,24,24,3HCJ58w4gmzonQ8Hv,2023-04-07T06:29:06Z
280,280,k6qXJP3YSbkPqTuJk,1,1,3HCJ58w4gmzonQ8Hv,2023-04-07T06:29:06Z
281,281,CXTz2DnyQmnEYrFHM,18,18,3HCJ58w4gmzonQ8Hv,2023-04-07T06:29:06Z
282,282,XsXytxstWMh9zNwGf,20,20,3HCJ58w4gmzonQ8Hv,2023-04-07T06:29:06Z
283,283,Wzdhfheg5FtmZLmwT,29,29,3HCJ58w4gmzonQ8Hv,2023-04-07T06:29:06Z
284,284,kRKNfc9Roihxt4KXs,9,9,3HCJ58w4gmzonQ8Hv,2023-04-07T06:29:06Z
285,285,XZPFRPGauAtdBbj9Z,20,20,Q4CpiNGcyDJcGosLw,2023-04-07T06:29:06Z
286,286,PAbrjXhwHFeKZu9BX,1.5,1.5,tEKdjpZue8XbkYzQb,2023-04-07T06:29:06Z
287,287,EEc3J2Ym2HN76pyyZ,6.0,6,tEKdjpZue8XbkYzQb,2023-04-07T06:29:06Z
288,288,mPvPce9ZzZokdTMg6,2.0,2,tEKdjpZue8XbkYzQb,2023-04-07T06:29:06Z
289,289,u6Z7qu8MrDvmGDegT,6.3,6.3,tEKdjpZue8XbkYzQb,2023-04-07T06:29:06Z
290,290,D4iR2JbvyRYtQKJQp,4.7,4.7,tEKdjpZue8XbkYzQb,2023-04-07T06:29:06Z
291,291,repicBmWJDwqX7qXx,3.4,3.4,tEKdjpZue8XbkYzQb,2023-04-07T06:29:06Z
292,292,dC8ZnB8LmMF9ushfr,6.4,6.4,tEKdjpZue8XbkYzQb,2023-04-07T06:29:07Z
293,293,yX496dPB46YvWxJjd,1.8,1.8,tEKdjpZue8XbkYzQb,2023-04-07T06:29:07Z
294,294,a4sNRmNncrswKozPd,6.5,6.5,tEKdjpZue8XbkYzQb,2023-04-07T06:29:07Z
295,295,StM7fPbHwxX2YmaXN,5.0,5,tEKdjpZue8XbkYzQb,2023-04-07T06:29:07Z
296,296,MyWfhqRQdkL87XgRN,3.8,3.8,tEKdjpZue8XbkYzQb,2023-04-07T06:29:07Z
297,297,MAE9dSLD5jPwgTFnC,4.6,4.6,tEKdjpZue8XbkYzQb,2023-04-07T06:29:07Z
298,298,CAuq6xzfGw47qvMCP,5.4,5.4,tEKdjpZue8XbkYzQb,2023-04-07T06:29:07Z
299,299,Nf7NCmrEZBEXJqSfh,9.0,9,tEKdjpZue8XbkYzQb,2023-04-07T06:29:07Z
300,300,JXkCji2vRkP9y8DaB,1.0,1,tEKdjpZue8XbkYzQb,2023-04-07T06:29:07Z
301,301,kKkuYwqfo5y58fdiS,2.2,2.2,tEKdjpZue8XbkYzQb,2023-04-07T06:29:07Z
302,302,GmsmMb2tRRnLikx4A,4.2,4.2,tEKdjpZue8XbkYzQb,2023-04-07T06:29:07Z
303,303,AAXLAwWiRfiaBZ3hY,9.3,9.3,tEKdjpZue8XbkYzQb,2023-04-07T06:29:07Z
304,304,wQ64YwJ7dkm3SWnmq,1.3,1.3,tEKdjpZue8XbkYzQb,2023-04-07T06:29:07Z
305,305,Mnn5HtfcGE7G5BoSi,12.5,12.5,tEKdjpZue8XbkYzQb,2023-04-07T06:29:07Z
306,306,qidhQEwEQfTKscP3K,4.3,4.3,tEKdjpZue8XbkYzQb,2023-04-07T06:29:07Z
307,307,w4A4cjyCwNEh2coLX,2.7,2.7,tEKdjpZue8XbkYzQb,2023-04-07T06:29:07Z
308,308,eWNoso9T6fp8YQijG,8.2,8.2,tEKdjpZue8XbkYzQb,2023-04-07T06:29:07Z
309,309,AQBeYEgYZzEATRBB7,3.3,3.3,tEKdjpZue8XbkYzQb,2023-04-07T06:29:07Z
310,310,wjuys28yJ5AWEfEpn,8.3,8.3,tEKdjpZue8XbkYzQb,2023-04-07T06:29:07Z
311,311,9aT63Z2AKzS4AQ7Qe,2.5,2.5,tEKdjpZue8XbkYzQb,2023-04-07T06:29:07Z
312,312,8h82abfBLtAz4Revw,1.2,1.2,tEKdjpZue8XbkYzQb,2023-04-07T06:29:07Z
313,313,M7odyr8ShxufDuk3A,10.3,10.3,tEKdjpZue8XbkYzQb,2023-04-07T06:29:07Z
314,314,fccKZyMz7fG36GqwL,2.1,2.1,tEKdjpZue8XbkYzQb,2023-04-07T06:29:07Z
315,315,mex83wbsf9Tv32Dsg,10.0,10,tEKdjpZue8XbkYzQb,2023-04-07T06:29:07Z
316,316,EaFz8qLHhLT2eKnSc,3.9,3.9,tEKdjpZue8XbkYzQb,2023-04-07T06:29:07Z
317,317,texkWsnS9mjnWwsGi,2.6,2.6,tEKdjpZue8XbkYzQb,2023-04-07T06:29:07Z
318,318,H6eXTvRbHHaRdrK53,3.7,3.7,tEKdjpZue8XbkYzQb,2023-04-07T06:29:07Z
319,319,TqeYLPpi8TGhTMckH,1.9,1.9,tEKdjpZue8XbkYzQb,2023-04-07T06:29:07Z
320,320,gXxhzkGBEgDQKBNes,10.2,10.2,tEKdjpZue8XbkYzQb,2023-04-07T06:29:07Z
321,321,qgPehoFTuYi7STBGQ,3.2,3.2,tEKdjpZue8XbkYzQb,2023-04-07T06:29:07Z
322,322,Y2Ynr9m723s3WRxoF,7.2,7.2,tEKdjpZue8XbkYzQb,2023-04-07T06:29:07Z
323,323,nk2Hvv2sXa9g3jDjA,1.6,1.6,tEKdjpZue8XbkYzQb,2023-04-07T06:29:07Z
324,324,4hz2RLoXx3bH7mvRA,7.0,7,tEKdjpZue8XbkYzQb,2023-04-07T06:29:07Z
325,325,6eRBCdRPWmWg2R5fs,5.2,5.2,tEKdjpZue8XbkYzQb,2023-04-07T06:29:07Z
326,326,mvGPyw4pY3hCXiksx,5.1,5.1,tEKdjpZue8XbkYzQb,2023-04-07T06:29:07Z
327,327,vAy9feX3WTQKXxJ3M,4.4,4.4,tEKdjpZue8XbkYzQb,2023-04-07T06:29:07Z
328,328,uKZiypxyCRoeMXbTr,8.9,8.9,tEKdjpZue8XbkYzQb,2023-04-07T06:29:07Z
329,329,eay5SC5KNBQXtr8pf,5.6,5.6,tEKdjpZue8XbkYzQb,2023-04-07T06:29:07Z
330,330,kqEaavDoiabBF3fSc,1.1,1.1,tEKdjpZue8XbkYzQb,2023-04-07T06:29:07Z
331,331,kzf3TSZW4aTHR3yi3,7.3,7.3,tEKdjpZue8XbkYzQb,2023-04-07T06:29:07Z
332,332,ku4Exmf8mrnZRBD69,2.3,2.3,tEKdjpZue8XbkYzQb,2023-04-07T06:29:07Z
333,333,odLdG2GePTtJtkrya,9.1,9.1,tEKdjpZue8XbkYzQb,2023-04-07T06:29:07Z
334,334,av4LHzFmd37zqxdgX,2.4,2.4,tEKdjpZue8XbkYzQb,2023-04-07T06:29:07Z
335,335,huZ7wEDsMpzgffjy6,3.1,3.1,tEKdjpZue8XbkYzQb,2023-04-07T06:29:07Z
336,336,BzBRBjKMihzntvLdL,11.2,11.2,tEKdjpZue8XbkYzQb,2023-04-07T06:29:07Z
337,337,6yCNYt4LhedcEke2r,1.7,1.7,tEKdjpZue8XbkYzQb,2023-04-07T06:29:07Z
338,338,hnPYsnYAAjgadKEyr,10.7,10.7,tEKdjpZue8XbkYzQb,2023-04-07T06:29:07Z
339,339,6mgqMwmn9BEMA9scm,5.3,5.3,tEKdjpZue8XbkYzQb,2023-04-07T06:29:07Z
340,340,p2XgeTzuePLpzvmrh,8.5,8.5,tEKdjpZue8XbkYzQb,2023-04-07T06:29:07Z
341,341,GDaN3cMRiiNm4QnDH,4.9,4.9,tEKdjpZue8XbkYzQb,2023-04-07T06:29:07Z
342,342,JJwWPaTS9wZsNFuDY,6.1,6.1,tEKdjpZue8XbkYzQb,2023-04-07T06:29:07Z
343,343,dh3CGKWr856T72knt,8.1,8.1,tEKdjpZue8XbkYzQb,2023-04-07T06:29:07Z
344,344,RyvbQoFpz6uNdL8tr,5.5,5.5,tEKdjpZue8XbkYzQb,2023-04-07T06:29:07Z
345,345,9hCSkc64agtidYJ2n,6.2,6.2,tEKdjpZue8XbkYzQb,2023-04-07T06:29:07Z
346,346,X2GXzHN3cCynwGi5Y,3.5,3.5,tEKdjpZue8XbkYzQb,2023-04-07T06:29:07Z
347,347,e3kAFvnEuZu7qJGjF,6.6,6.6,tEKdjpZue8XbkYzQb,2023-04-07T06:29:07Z
348,348,gi54g8zakiqBpCuEo,7.4,7.4,tEKdjpZue8XbkYzQb,2023-04-07T06:29:07Z
349,349,gTd6LvgqGsuDXCfuL,5.8,5.8,tEKdjpZue8XbkYzQb,2023-04-07T06:29:07Z
350,350,errguwP5Ztwpi2BNh,5.9,5.9,tEKdjpZue8XbkYzQb,2023-04-07T06:29:07Z
351,351,vu2qvscD9RgWMf9wv,8.7,8.7,tEKdjpZue8XbkYzQb,2023-04-07T06:29:07Z
352,352,9M3dXWiL2eu78aJR4,2.8,2.8,tEKdjpZue8XbkYzQb,2023-04-07T06:29:07Z
353,353,KmMw3Cpdf4pAjCmBq,8.8,8.8,tEKdjpZue8XbkYzQb,2023-04-07T06:29:07Z
354,354,ofmfGNtyJE4xAvJMp,11.3,11.3,tEKdjpZue8XbkYzQb,2023-04-07T06:29:07Z
355,355,yadcquvK5qRX3puF8,9.2,9.2,tEKdjpZue8XbkYzQb,2023-04-07T06:29:07Z
356,356,NZiDZjpNgFpXgfKKd,4.0,4,tEKdjpZue8XbkYzQb,2023-04-07T06:29:07Z
357,357,gPoLPiseXwFb8HWpc,7.8,7.8,tEKdjpZue8XbkYzQb,2023-04-07T06:29:07Z
358,358,t3uDK59oY2c67xSGs,6.9,6.9,tEKdjpZue8XbkYzQb,2023-04-07T06:29:07Z
359,359,gs2ua3pEwQ66mKzJ3,7.5,7.5,tEKdjpZue8XbkYzQb,2023-04-07T06:29:07Z
360,360,WNmWGEupL6QjwiFb3,4.8,4.8,tEKdjpZue8XbkYzQb,2023-04-07T06:29:07Z
361,361,ybfBgcEExzTPtM6Bg,11.7,11.7,tEKdjpZue8XbkYzQb,2023-04-07T06:29:07Z
362,362,rHq65g8ZCRrNJxTiK,2.9,2.9,tEKdjpZue8XbkYzQb,2023-04-07T06:29:07Z
363,363,gJRedPFPwgzd9hxzh,1.4,1.4,tEKdjpZue8XbkYzQb,2023-04-07T06:29:07Z
364,364,4Nv3yjA7hEtCKzsaQ,9.6,9.6,tEKdjpZue8XbkYzQb,2023-04-07T06:29:07Z
365,365,Grxiq7YEjx8yPNuts,12.1,12.1,tEKdjpZue8XbkYzQb,2023-04-07T06:29:07Z
366,366,nC4qsgTFo5B9PfBqR,7.9,7.9,tEKdjpZue8XbkYzQb,2023-04-07T06:29:07Z
367,367,7M6pzMDGwHfiajWh9,4.1,4.1,tEKdjpZue8XbkYzQb,2023-04-07T06:29:07Z
368,368,YR6ENR5xWqkMMhuRr,3.0,3,tEKdjpZue8XbkYzQb,2023-04-07T06:29:07Z
369,369,TDwLFzY5YqQd2C5Mb,13.7,13.7,tEKdjpZue8XbkYzQb,2023-04-07T06:29:07Z
370,370,GM76xxaDFb7vfkC7R,3.6,3.6,tEKdjpZue8XbkYzQb,2023-04-07T06:29:07Z
371,371,3EZMDs43dcadEfKHJ,6.8,6.8,tEKdjpZue8XbkYzQb,2023-04-07T06:29:07Z
372,372,H5YkhdMfsS32wNRsy,10.6,10.6,tEKdjpZue8XbkYzQb,2023-04-07T06:29:08Z
373,373,biTP8yh8xo4ofRKki,11.1,11.1,tEKdjpZue8XbkYzQb,2023-04-07T06:29:08Z
374,374,By5GmWeEvBswisLeu,0,0,GHfMB6rnec6bRbcg5,2023-04-07T06:29:08Z
375,375,AvEQrn8TuAfcZ2nAa,1,1,GHfMB6rnec6bRbcg5,2023-04-07T06:29:08Z
376,376,XisFJ9opqmAsBxve2,3,3,GZ8aazA6BNZTCavGv,2023-04-07T06:29:08Z
377,377,ujf8hgK5vs3NFg9PL,2,2,GZ8aazA6BNZTCavGv,2023-04-07T06:29:08Z
378,378,nNN9L7cwvWoS8t9d4,1,1,GZ8aazA6BNZTCavGv,2023-04-07T06:29:08Z
379,379,eDeiGssDkxHJD3Qg5,4,4,GZ8aazA6BNZTCavGv,2023-04-07T06:29:08Z
380,380,gFbocmdB7s8nmFpxY,9.0,9,6ajytPzuhkXsxBxQH,2023-04-07T06:29:08Z
381,381,YLevqNyf2Z8axYPuT,2.0,2,6ajytPzuhkXsxBxQH,2023-04-07T06:29:08Z
382,382,ZypqvG6yXyDZdXqaN,15.0,15,6ajytPzuhkXsxBxQH,2023-04-07T06:29:08Z
383,383,6f97iJZi6FaRqkTcv,11.0,11,6ajytPzuhkXsxBxQH,2023-04-07T06:29:08Z
384,384,ikbKGHqdpbCeZKTBE,3.0,3,6ajytPzuhkXsxBxQH,2023-04-07T06:29:08Z
385,385,ju2yFE8WgcK3DLcTD,5.0,5,6ajytPzuhkXsxBxQH,2023-04-07T06:29:08Z
386,386,ZLAqWfw4GLJDnJsWu,8.0,8,6ajytPzuhkXsxBxQH,2023-04-07T06:29:08Z
387,387,wKi8dRKMiJFMuiTot,6.0,6,6ajytPzuhkXsxBxQH,2023-04-07T06:29:08Z
388,388,9tdSTzasRMptKppC2,7.0,7,6ajytPzuhkXsxBxQH,2023-04-07T06:29:08Z
389,389,jmKmXCHgq6dyePe5L,4.0,4,6ajytPzuhkXsxBxQH,2023-04-07T06:29:08Z
390,390,BsWq8eY6LcbdKmLwh,10.0,10,6ajytPzuhkXsxBxQH,2023-04-07T06:29:08Z
391,391,apvSNcjjX5gyAQCHA,1.0,1,6ajytPzuhkXsxBxQH,2023-04-07T06:29:08Z
392,392,oE2LXP62DyGy3vG9X,12.0,12,6ajytPzuhkXsxBxQH,2023-04-07T06:29:08Z
393,393,kMjD2PdRtqaYfSPEE,14.0,14,6ajytPzuhkXsxBxQH,2023-04-07T06:29:08Z
394,394,dKSnx3svKPcmuF9ho,16.0,16,6ajytPzuhkXsxBxQH,2023-04-07T06:29:08Z
395,395,9uQGGStLstnmjuFF4,13.0,13,6ajytPzuhkXsxBxQH,2023-04-07T06:29:08Z
396,396,qE3naRNiifcWRLdvd,3,3,s2PshR5EpqTmgP3AM,2023-04-07T06:29:08Z
397,397,yDANp3XSeZnuTguAN,2,2,s2PshR5EpqTmgP3AM,2023-04-07T06:29:08Z
398,398,wpswrATWbYXsEZFEX,1,1,s2PshR5EpqTmgP3AM,2023-04-07T06:29:08Z
399,399,A7aDdZSwabrcCkPky,4,4,s2PshR5EpqTmgP3AM,2023-04-07T06:29:08Z
400,400,9eoTjJEK8pQFEFqPo,4.0,4,JGWebFJC6Ha5JXvv4,2023-04-07T06:29:08Z
401,401,Q3b4WART9Wq5boZB9,2.0,2,JGWebFJC6Ha5JXvv4,2023-04-07T06:29:08Z
402,402,QExvKj6f2nFprf5fN,1.0,1,JGWebFJC6Ha5JXvv4,2023-04-07T06:29:08Z
403,403,QmZyALw37B4tembBz,3.0,3,JGWebFJC6Ha5JXvv4,2023-04-07T06:29:08Z
404,404,aranQzTnLShm7tX9C,5.0,5,JGWebFJC6Ha5JXvv4,2023-04-07T06:29:08Z
405,405,HEthudZ76hQv4meJi,6.0,6,JGWebFJC6Ha5JXvv4,2023-04-07T06:29:08Z
406,406,kHyMYojMS6ua43Gti,45,45,nvwTXvCbqKpoqtwyM,2023-04-07T06:29:08Z
407,407,sC7xoqmzp9kXf82GD,45,45,XJQkHcz5i2otEh5iY,2023-04-07T06:29:08Z
408,408,NCtZsfzPCBBQJFjRj,45,45,pnqRp2Hx2sQr2SADa,2023-04-07T06:29:08Z
409,409,v8FH3Svr5DjC3Fg6K,1.1,1.1,f8TPaJf7NMat3M9Fh,2023-04-07T06:29:08Z
410,410,9oYwsjPEwHZsYGKsC,1.7,1.7,f8TPaJf7NMat3M9Fh,2023-04-07T06:29:08Z
411,411,p4oBnnt77T4CiWG8R,0.2,0.2,f8TPaJf7NMat3M9Fh,2023-04-07T06:29:08Z
412,412,R6PenHDi6jMwWTYPf,2.3,2.3,f8TPaJf7NMat3M9Fh,2023-04-07T06:29:08Z
413,413,AHCNoSbxTgDHu8LAc,0.8,0.8,f8TPaJf7NMat3M9Fh,2023-04-07T06:29:08Z
414,414,5xTRiK79kFFLb8gjC,3.0,3,f8TPaJf7NMat3M9Fh,2023-04-07T06:29:08Z
415,415,vvYJc5Avz3y7ohnfH,1.3,1.3,f8TPaJf7NMat3M9Fh,2023-04-07T06:29:08Z
416,416,HQZwGQXGTKbpnYC7w,2.1,2.1,f8TPaJf7NMat3M9Fh,2023-04-07T06:29:08Z
417,417,B9fxJm75dJ9ZxSfpr,0.4,0.4,f8TPaJf7NMat3M9Fh,2023-04-07T06:29:08Z
418,418,fEk3yTqeFcpZsdHin,2.6,2.6,f8TPaJf7NMat3M9Fh,2023-04-07T06:29:08Z
419,419,GkcdqicwxwuW639Pm,1.0,1,f8TPaJf7NMat3M9Fh,2023-04-07T06:29:08Z
420,420,2WYLvSJWcBvBSHfBp,1.4,1.4,f8TPaJf7NMat3M9Fh,2023-04-07T06:29:08Z
421,421,ipeonTKNzcJhWCpjJ,0.5,0.5,f8TPaJf7NMat3M9Fh,2023-04-07T06:29:08Z
422,422,Lt8PSdTCZX2BacQ9N,2.7,2.7,f8TPaJf7NMat3M9Fh,2023-04-07T06:29:08Z
423,423,y9SCeeRHRfXGNxqXA,0.6,0.6,f8TPaJf7NMat3M9Fh,2023-04-07T06:29:08Z
424,424,gZECbniAhFQv85Duo,2.8,2.8,f8TPaJf7NMat3M9Fh,2023-04-07T06:29:08Z
425,425,R2CGTTAxdwpcGr8WW,1.5,1.5,f8TPaJf7NMat3M9Fh,2023-04-07T06:29:08Z
426,426,4SS9BKyH75pPLNnLm,2.2,2.2,f8TPaJf7NMat3M9Fh,2023-04-07T06:29:08Z
427,427,kKd3NYZxCmxDiRpDx,1.6,1.6,f8TPaJf7NMat3M9Fh,2023-04-07T06:29:08Z
428,428,Rqp5nRDuPmXbikRcc,0.3,0.3,f8TPaJf7NMat3M9Fh,2023-04-07T06:29:08Z
429,429,z7aF8YXRXZ7NabkA6,2.5,2.5,f8TPaJf7NMat3M9Fh,2023-04-07T06:29:08Z
430,430,FDvqD3orgxNHABtHW,1.2,1.2,f8TPaJf7NMat3M9Fh,2023-04-07T06:29:08Z
431,431,rP83P5b4nTN2uvftJ,1.9,1.9,f8TPaJf7NMat3M9Fh,2023-04-07T06:29:08Z
432,432,8MovLJrsaAMLyYTyj,0.7,0.7,f8TPaJf7NMat3M9Fh,2023-04-07T06:29:08Z
433,433,tfrMvyZajs6cWnneW,2.4,2.4,f8TPaJf7NMat3M9Fh,2023-04-07T06:29:08Z
434,434,Zudmpz9yaxD8gx9F8,0.1,0.1,f8TPaJf7NMat3M9Fh,2023-04-07T06:29:08Z
435,435,wTjdsYWwqyyWEt62c,1.8,1.8,f8TPaJf7NMat3M9Fh,2023-04-07T06:29:08Z
436,436,ty45km6eRfgYFDqxG,2.0,2,f8TPaJf7NMat3M9Fh,2023-04-07T06:29:08Z
437,437,RTurEsxj2kCz6uWEW,2.9,2.9,f8TPaJf7NMat3M9Fh,2023-04-07T06:29:08Z
438,438,FtgfjCY6XYi4nh8J2,0.9,0.9,f8TPaJf7NMat3M9Fh,2023-04-07T06:29:08Z
439,439,sMPJAoPf2ESG2KMDh,300,300,RWjFfH3kiu7X2yg4d,2023-04-07T06:29:08Z
440,0,yu7Zp9jKruR7BKTPT,true,true,j6JAP3reS9Xh8Zd5y,2024-05-13T05:54:47Z
441,1,QasoTNtgtzuTHiKum,false,false,j6JAP3reS9Xh8Zd5y,2024-05-13T05:54:47Z
442,2,diTDo6h8uRpNBEaeX,true,true,ZTsaeZvqkjT2TiZbd,2024-05-13T05:54:47Z
443,3,Gf2rsAsiijB3sWmWi,false,false,ZTsaeZvqkjT2TiZbd,2024-05-13T05:54:47Z
444,4,5QYpet6vpK3LPAaL8,true,true,NKE63qnTH4qQ5fJz2,2024-05-13T05:54:47Z
445,5,pA4RxjoihHGHKLmKB,false,false,NKE63qnTH4qQ5fJz2,2024-05-13T05:54:47Z
446,6,mc2EEXJLJR52sxJXo,true,true,AqeXKPY3FNoEDEsEm,2024-05-13T05:54:48Z
447,7,LdG9jqwrXBWmnyAC2,false,false,AqeXKPY3FNoEDEsEm,2024-05-13T05:54:48Z
448,8,ukFwHCGEuCZGCriC2,true,true,yTMk8ugg3WfuP69Tn,2024-05-13T05:54:48Z
449,9,cjjc8LNuiMtjPDZyR,false,false,yTMk8ugg3WfuP69Tn,2024-05-13T05:54:48Z
450,10,wfZtfwHXaR2S5FuCH,true,true,X3GEcDHZeybCyTiXK,2024-05-13T05:54:48Z
451,11,ee4hw3a5AEA9yNzWK,false,false,X3GEcDHZeybCyTiXK,2024-05-13T05:54:48Z
452,12,jPfopjPQZjZQPWsrR,true,true,Yn6ADxWDAjn7wdbfN,2024-05-13T05:54:48Z
453,13,3sNevnvDdkCtPuF8a,false,false,Yn6ADxWDAjn7wdbfN,2024-05-13T05:54:48Z
454,14,tWHFXmybzjtykXWxu,true,true,68euTNrndetTaGoks,2024-05-13T05:54:48Z
455,15,n39WLdSWN2vNBwyx3,false,false,68euTNrndetTaGoks,2024-05-13T05:54:48Z
456,16,CC85v9QkAupDCBCku,3,3,Zg4CcdLAwA8QkGLLX,2024-05-13T05:54:48Z
457,17,tmAzc7qrW2Nh2dpfM,15,15,Zg4CcdLAwA8QkGLLX,2024-05-13T05:54:48Z
458,18,ytiyL6m5rwLJbMA62,16,16,Zg4CcdLAwA8QkGLLX,2024-05-13T05:54:48Z
459,19,LXuGLNaR2tAtrXNex,10,10,Zg4CcdLAwA8QkGLLX,2024-05-13T05:54:49Z
460,20,a4jAogPFsQ59GaMyG,8,8,Zg4CcdLAwA8QkGLLX,2024-05-13T05:54:49Z
461,21,Z64Qx29Ybwem9LKpG,18,18,Zg4CcdLAwA8QkGLLX,2024-05-13T05:54:49Z
462,22,KmRLZECTmHmyiuF58,13,13,Zg4CcdLAwA8QkGLLX,2024-05-13T05:54:49Z
463,23,fZZkkSpjywT5afBZ5,5,5,Zg4CcdLAwA8QkGLLX,2024-05-13T05:54:49Z
464,24,7Whir7GhcgY74MGHs,6,6,Zg4CcdLAwA8QkGLLX,2024-05-13T05:54:49Z
465,25,wXcvuHxTAFhmP4Nbx,11,11,Zg4CcdLAwA8QkGLLX,2024-05-13T05:54:49Z
466,26,BuRnRNDc4j79qjWXp,20,20,Zg4CcdLAwA8QkGLLX,2024-05-13T05:54:49Z
467,27,PYEiB4RpsxYPLrW4z,7,7,Zg4CcdLAwA8QkGLLX,2024-05-13T05:54:49Z
468,28,kSChbxsrXLJwC7Yqf,4,4,Zg4CcdLAwA8QkGLLX,2024-05-13T05:54:49Z
469,29,4FZdgYmXg6qJsRP5p,14,14,Zg4CcdLAwA8QkGLLX,2024-05-13T05:54:49Z
470,30,jRKrQpNS8ez5bvrve,17,17,Zg4CcdLAwA8QkGLLX,2024-05-13T05:54:49Z
471,31,Mp7q78Q55FDWZoqzY,9,9,Zg4CcdLAwA8QkGLLX,2024-05-13T05:54:49Z
472,32,pgLiaBzxyfDFhSMbL,19,19,Zg4CcdLAwA8QkGLLX,2024-05-13T05:54:49Z
473,33,K5mc7p3k7ZQkekeRg,12,12,Zg4CcdLAwA8QkGLLX,2024-05-13T05:54:49Z
474,34,mF9qszSMjj7bQh8HL,2,2,Zg4CcdLAwA8QkGLLX,2024-05-13T05:54:49Z
475,35,gL8msKqE5w3wjSLdC,11,11,3HCJ58w4gmzonQ8Hv,2024-05-13T05:54:49Z
476,36,9iWxa7fEMDzztq9Xv,17,17,3HCJ58w4gmzonQ8Hv,2024-05-13T05:54:49Z
477,37,4FeQcgPCfhv54Dp7G,2,2,3HCJ58w4gmzonQ8Hv,2024-05-13T05:54:50Z
478,38,m6RkBWMjLKE4kceyr,23,23,3HCJ58w4gmzonQ8Hv,2024-05-13T05:54:50Z
479,39,ToYLz5MjyGP6PabGv,8,8,3HCJ58w4gmzonQ8Hv,2024-05-13T05:54:50Z
480,40,fs4RFvxDmTiybFa2o,30,30,3HCJ58w4gmzonQ8Hv,2024-05-13T05:54:50Z
481,41,xLTwvrJgHR6gftQeH,13,13,3HCJ58w4gmzonQ8Hv,2024-05-13T05:54:50Z
482,42,mzoGt6hi75Bk8ZwEF,21,21,3HCJ58w4gmzonQ8Hv,2024-05-13T05:54:50Z
483,43,Bdi2YcZpJ5LxLy525,4,4,3HCJ58w4gmzonQ8Hv,2024-05-13T05:54:50Z
484,44,RxhyH5pPakEYKHdXB,26,26,3HCJ58w4gmzonQ8Hv,2024-05-13T05:54:50Z
485,45,yjsgExBJP8LjiSjmj,10,10,3HCJ58w4gmzonQ8Hv,2024-05-13T05:54:50Z
486,46,CGqDN2784T9mQdNXS,14,14,3HCJ58w4gmzonQ8Hv,2024-05-13T05:54:50Z
487,47,6RvccaqyxZErPkimm,5,5,3HCJ58w4gmzonQ8Hv,2024-05-13T05:54:50Z
488,48,RzmMaSp2bGqWRmNdN,27,27,3HCJ58w4gmzonQ8Hv,2024-05-13T05:54:50Z
489,49,qzDMpt68sycpCGLPi,6,6,3HCJ58w4gmzonQ8Hv,2024-05-13T05:54:50Z
490,50,ybSKby3WB4y2qsCR9,28,28,3HCJ58w4gmzonQ8Hv,2024-05-13T05:54:50Z
491,51,tZN7g2rGFk5hMPgEk,15,15,3HCJ58w4gmzonQ8Hv,2024-05-13T05:54:50Z
492,52,S4hJvtGqBPPgKoAHD,22,22,3HCJ58w4gmzonQ8Hv,2024-05-13T05:54:50Z
493,53,NvoGm4GJHC4nH25FK,16,16,3HCJ58w4gmzonQ8Hv,2024-05-13T05:54:50Z
494,54,gwZwAkxCebrjW5vvJ,3,3,3HCJ58w4gmzonQ8Hv,2024-05-13T05:54:51Z
495,55,xvoAssbs5EdrKdicq,25,25,3HCJ58w4gmzonQ8Hv,2024-05-13T05:54:51Z
496,56,W2bNYnBkR7aikaFAr,12,12,3HCJ58w4gmzonQ8Hv,2024-05-13T05:54:51Z
497,57,DLxXa6pNueiyrrXBy,19,19,3HCJ58w4gmzonQ8Hv,2024-05-13T05:54:51Z
498,58,H6KJmgKcm8HY2GQA5,7,7,3HCJ58w4gmzonQ8Hv,2024-05-13T05:54:51Z
499,59,36YQyPfp9n86jqZ7m,24,24,3HCJ58w4gmzonQ8Hv,2024-05-13T05:54:51Z
500,60,k6qXJP3YSbkPqTuJk,1,1,3HCJ58w4gmzonQ8Hv,2024-05-13T05:54:51Z
501,61,CXTz2DnyQmnEYrFHM,18,18,3HCJ58w4gmzonQ8Hv,2024-05-13T05:54:51Z
502,62,XsXytxstWMh9zNwGf,20,20,3HCJ58w4gmzonQ8Hv,2024-05-13T05:54:51Z
503,63,Wzdhfheg5FtmZLmwT,29,29,3HCJ58w4gmzonQ8Hv,2024-05-13T05:54:51Z
504,64,kRKNfc9Roihxt4KXs,9,9,3HCJ58w4gmzonQ8Hv,2024-05-13T05:54:51Z
505,65,XZPFRPGauAtdBbj9Z,20,20,Q4CpiNGcyDJcGosLw,2024-05-13T05:54:51Z
506,66,PAbrjXhwHFeKZu9BX,1.5,1.5,tEKdjpZue8XbkYzQb,2024-05-13T05:54:51Z
507,67,EEc3J2Ym2HN76pyyZ,6.0,6,tEKdjpZue8XbkYzQb,2024-05-13T05:54:51Z
508,68,mPvPce9ZzZokdTMg6,2.0,2,tEKdjpZue8XbkYzQb,2024-05-13T05:54:51Z
509,69,u6Z7qu8MrDvmGDegT,6.3,6.3,tEKdjpZue8XbkYzQb,2024-05-13T05:54:51Z
510,70,D4iR2JbvyRYtQKJQp,4.7,4.7,tEKdjpZue8XbkYzQb,2024-05-13T05:54:51Z
511,71,repicBmWJDwqX7qXx,3.4,3.4,tEKdjpZue8XbkYzQb,2024-05-13T05:54:52Z
512,72,dC8ZnB8LmMF9ushfr,6.4,6.4,tEKdjpZue8XbkYzQb,2024-05-13T05:54:52Z
513,73,yX496dPB46YvWxJjd,1.8,1.8,tEKdjpZue8XbkYzQb,2024-05-13T05:54:52Z
514,74,a4sNRmNncrswKozPd,6.5,6.5,tEKdjpZue8XbkYzQb,2024-05-13T05:54:52Z
515,75,StM7fPbHwxX2YmaXN,5.0,5,tEKdjpZue8XbkYzQb,2024-05-13T05:54:52Z
516,76,MyWfhqRQdkL87XgRN,3.8,3.8,tEKdjpZue8XbkYzQb,2024-05-13T05:54:52Z
517,77,MAE9dSLD5jPwgTFnC,4.6,4.6,tEKdjpZue8XbkYzQb,2024-05-13T05:54:52Z
518,78,CAuq6xzfGw47qvMCP,5.4,5.4,tEKdjpZue8XbkYzQb,2024-05-13T05:54:52Z
519,79,Nf7NCmrEZBEXJqSfh,9.0,9,tEKdjpZue8XbkYzQb,2024-05-13T05:54:52Z
520,80,JXkCji2vRkP9y8DaB,1.0,1,tEKdjpZue8XbkYzQb,2024-05-13T05:54:52Z
521,81,kKkuYwqfo5y58fdiS,2.2,2.2,tEKdjpZue8XbkYzQb,2024-05-13T05:54:52Z
522,82,GmsmMb2tRRnLikx4A,4.2,4.2,tEKdjpZue8XbkYzQb,2024-05-13T05:54:52Z
523,83,AAXLAwWiRfiaBZ3hY,9.3,9.3,tEKdjpZue8XbkYzQb,2024-05-13T05:54:52Z
524,84,wQ64YwJ7dkm3SWnmq,1.3,1.3,tEKdjpZue8XbkYzQb,2024-05-13T05:54:52Z
525,85,Mnn5HtfcGE7G5BoSi,12.5,12.5,tEKdjpZue8XbkYzQb,2024-05-13T05:54:52Z
526,86,qidhQEwEQfTKscP3K,4.3,4.3,tEKdjpZue8XbkYzQb,2024-05-13T05:54:52Z
527,87,w4A4cjyCwNEh2coLX,2.7,2.7,tEKdjpZue8XbkYzQb,2024-05-13T05:54:52Z
528,88,eWNoso9T6fp8YQijG,8.2,8.2,tEKdjpZue8XbkYzQb,2024-05-13T05:54:52Z
529,89,AQBeYEgYZzEATRBB7,3.3,3.3,tEKdjpZue8XbkYzQb,2024-05-13T05:54:53Z
530,90,wjuys28yJ5AWEfEpn,8.3,8.3,tEKdjpZue8XbkYzQb,2024-05-13T05:54:53Z
531,91,9aT63Z2AKzS4AQ7Qe,2.5,2.5,tEKdjpZue8XbkYzQb,2024-05-13T05:54:53Z
532,92,8h82abfBLtAz4Revw,1.2,1.2,tEKdjpZue8XbkYzQb,2024-05-13T05:54:53Z
533,93,M7odyr8ShxufDuk3A,10.3,10.3,tEKdjpZue8XbkYzQb,2024-05-13T05:54:53Z
534,94,fccKZyMz7fG36GqwL,2.1,2.1,tEKdjpZue8XbkYzQb,2024-05-13T05:54:53Z
535,95,mex83wbsf9Tv32Dsg,10.0,10,tEKdjpZue8XbkYzQb,2024-05-13T05:54:53Z
536,96,EaFz8qLHhLT2eKnSc,3.9,3.9,tEKdjpZue8XbkYzQb,2024-05-13T05:54:53Z
537,97,texkWsnS9mjnWwsGi,2.6,2.6,tEKdjpZue8XbkYzQb,2024-05-13T05:54:53Z
538,98,H6eXTvRbHHaRdrK53,3.7,3.7,tEKdjpZue8XbkYzQb,2024-05-13T05:54:53Z
539,99,TqeYLPpi8TGhTMckH,1.9,1.9,tEKdjpZue8XbkYzQb,2024-05-13T05:54:53Z
540,100,gXxhzkGBEgDQKBNes,10.2,10.2,tEKdjpZue8XbkYzQb,2024-05-13T05:54:53Z
541,101,qgPehoFTuYi7STBGQ,3.2,3.2,tEKdjpZue8XbkYzQb,2024-05-13T05:54:53Z
542,102,Y2Ynr9m723s3WRxoF,7.2,7.2,tEKdjpZue8XbkYzQb,2024-05-13T05:54:53Z
543,103,nk2Hvv2sXa9g3jDjA,1.6,1.6,tEKdjpZue8XbkYzQb,2024-05-13T05:54:53Z
544,104,4hz2RLoXx3bH7mvRA,7.0,7,tEKdjpZue8XbkYzQb,2024-05-13T05:54:53Z
545,105,6eRBCdRPWmWg2R5fs,5.2,5.2,tEKdjpZue8XbkYzQb,2024-05-13T05:54:53Z
546,106,mvGPyw4pY3hCXiksx,5.1,5.1,tEKdjpZue8XbkYzQb,2024-05-13T05:54:54Z
547,107,vAy9feX3WTQKXxJ3M,4.4,4.4,tEKdjpZue8XbkYzQb,2024-05-13T05:54:54Z
548,108,uKZiypxyCRoeMXbTr,8.9,8.9,tEKdjpZue8XbkYzQb,2024-05-13T05:54:54Z
549,109,eay5SC5KNBQXtr8pf,5.6,5.6,tEKdjpZue8XbkYzQb,2024-05-13T05:54:54Z
550,110,kqEaavDoiabBF3fSc,1.1,1.1,tEKdjpZue8XbkYzQb,2024-05-13T05:54:54Z
551,111,kzf3TSZW4aTHR3yi3,7.3,7.3,tEKdjpZue8XbkYzQb,2024-05-13T05:54:54Z
552,112,ku4Exmf8mrnZRBD69,2.3,2.3,tEKdjpZue8XbkYzQb,2024-05-13T05:54:54Z
553,113,odLdG2GePTtJtkrya,9.1,9.1,tEKdjpZue8XbkYzQb,2024-05-13T05:54:54Z
554,114,av4LHzFmd37zqxdgX,2.4,2.4,tEKdjpZue8XbkYzQb,2024-05-13T05:54:54Z
555,115,huZ7wEDsMpzgffjy6,3.1,3.1,tEKdjpZue8XbkYzQb,2024-05-13T05:54:54Z
556,116,BzBRBjKMihzntvLdL,11.2,11.2,tEKdjpZue8XbkYzQb,2024-05-13T05:54:54Z
557,117,6yCNYt4LhedcEke2r,1.7,1.7,tEKdjpZue8XbkYzQb,2024-05-13T05:54:54Z
558,118,hnPYsnYAAjgadKEyr,10.7,10.7,tEKdjpZue8XbkYzQb,2024-05-13T05:54:54Z
559,119,6mgqMwmn9BEMA9scm,5.3,5.3,tEKdjpZue8XbkYzQb,2024-05-13T05:54:54Z
560,120,p2XgeTzuePLpzvmrh,8.5,8.5,tEKdjpZue8XbkYzQb,2024-05-13T05:54:54Z
561,121,GDaN3cMRiiNm4QnDH,4.9,4.9,tEKdjpZue8XbkYzQb,2024-05-13T05:54:54Z
562,122,JJwWPaTS9wZsNFuDY,6.1,6.1,tEKdjpZue8XbkYzQb,2024-05-13T05:54:54Z
563,123,dh3CGKWr856T72knt,8.1,8.1,tEKdjpZue8XbkYzQb,2024-05-13T05:54:54Z
564,124,RyvbQoFpz6uNdL8tr,5.5,5.5,tEKdjpZue8XbkYzQb,2024-05-13T05:54:55Z
565,125,9hCSkc64agtidYJ2n,6.2,6.2,tEKdjpZue8XbkYzQb,2024-05-13T05:54:55Z
566,126,X2GXzHN3cCynwGi5Y,3.5,3.5,tEKdjpZue8XbkYzQb,2024-05-13T05:54:55Z
567,127,e3kAFvnEuZu7qJGjF,6.6,6.6,tEKdjpZue8XbkYzQb,2024-05-13T05:54:55Z
568,128,gi54g8zakiqBpCuEo,7.4,7.4,tEKdjpZue8XbkYzQb,2024-05-13T05:54:55Z
569,129,gTd6LvgqGsuDXCfuL,5.8,5.8,tEKdjpZue8XbkYzQb,2024-05-13T05:54:55Z
570,130,errguwP5Ztwpi2BNh,5.9,5.9,tEKdjpZue8XbkYzQb,2024-05-13T05:54:55Z
571,131,vu2qvscD9RgWMf9wv,8.7,8.7,tEKdjpZue8XbkYzQb,2024-05-13T05:54:55Z
572,132,9M3dXWiL2eu78aJR4,2.8,2.8,tEKdjpZue8XbkYzQb,2024-05-13T05:54:55Z
573,133,KmMw3Cpdf4pAjCmBq,8.8,8.8,tEKdjpZue8XbkYzQb,2024-05-13T05:54:55Z
574,134,ofmfGNtyJE4xAvJMp,11.3,11.3,tEKdjpZue8XbkYzQb,2024-05-13T05:54:55Z
575,135,yadcquvK5qRX3puF8,9.2,9.2,tEKdjpZue8XbkYzQb,2024-05-13T05:54:55Z
576,136,NZiDZjpNgFpXgfKKd,4.0,4,tEKdjpZue8XbkYzQb,2024-05-13T05:54:55Z
577,137,gPoLPiseXwFb8HWpc,7.8,7.8,tEKdjpZue8XbkYzQb,2024-05-13T05:54:55Z
578,138,t3uDK59oY2c67xSGs,6.9,6.9,tEKdjpZue8XbkYzQb,2024-05-13T05:54:55Z
579,139,gs2ua3pEwQ66mKzJ3,7.5,7.5,tEKdjpZue8XbkYzQb,2024-05-13T05:54:55Z
580,140,WNmWGEupL6QjwiFb3,4.8,4.8,tEKdjpZue8XbkYzQb,2024-05-13T05:54:55Z
581,141,ybfBgcEExzTPtM6Bg,11.7,11.7,tEKdjpZue8XbkYzQb,2024-05-13T05:54:55Z
582,142,rHq65g8ZCRrNJxTiK,2.9,2.9,tEKdjpZue8XbkYzQb,2024-05-13T05:54:56Z
583,143,gJRedPFPwgzd9hxzh,1.4,1.4,tEKdjpZue8XbkYzQb,2024-05-13T05:54:56Z
584,144,4Nv3yjA7hEtCKzsaQ,9.6,9.6,tEKdjpZue8XbkYzQb,2024-05-13T05:54:56Z
585,145,Grxiq7YEjx8yPNuts,12.1,12.1,tEKdjpZue8XbkYzQb,2024-05-13T05:54:56Z
586,146,nC4qsgTFo5B9PfBqR,7.9,7.9,tEKdjpZue8XbkYzQb,2024-05-13T05:54:56Z
587,147,7M6pzMDGwHfiajWh9,4.1,4.1,tEKdjpZue8XbkYzQb,2024-05-13T05:54:56Z
588,148,YR6ENR5xWqkMMhuRr,3.0,3,tEKdjpZue8XbkYzQb,2024-05-13T05:54:56Z
589,149,TDwLFzY5YqQd2C5Mb,13.7,13.7,tEKdjpZue8XbkYzQb,2024-05-13T05:54:56Z
590,150,GM76xxaDFb7vfkC7R,3.6,3.6,tEKdjpZue8XbkYzQb,2024-05-13T05:54:56Z
591,151,3EZMDs43dcadEfKHJ,6.8,6.8,tEKdjpZue8XbkYzQb,2024-05-13T05:54:56Z
592,152,H5YkhdMfsS32wNRsy,10.6,10.6,tEKdjpZue8XbkYzQb,2024-05-13T05:54:56Z
593,153,biTP8yh8xo4ofRKki,11.1,11.1,tEKdjpZue8XbkYzQb,2024-05-13T05:54:56Z
594,154,By5GmWeEvBswisLeu,0,0,GHfMB6rnec6bRbcg5,2024-05-13T05:54:56Z
595,155,AvEQrn8TuAfcZ2nAa,1,1,GHfMB6rnec6bRbcg5,2024-05-13T05:54:56Z
596,156,XisFJ9opqmAsBxve2,3,3,GZ8aazA6BNZTCavGv,2024-05-13T05:54:56Z
597,157,ujf8hgK5vs3NFg9PL,2,2,GZ8aazA6BNZTCavGv,2024-05-13T05:54:57Z
598,158,nNN9L7cwvWoS8t9d4,1,1,GZ8aazA6BNZTCavGv,2024-05-13T05:54:57Z
599,159,eDeiGssDkxHJD3Qg5,4,4,GZ8aazA6BNZTCavGv,2024-05-13T05:54:57Z
600,160,gFbocmdB7s8nmFpxY,9.0,9,6ajytPzuhkXsxBxQH,2024-05-13T05:54:57Z
601,161,YLevqNyf2Z8axYPuT,2.0,2,6ajytPzuhkXsxBxQH,2024-05-13T05:54:57Z
602,162,ZypqvG6yXyDZdXqaN,15.0,15,6ajytPzuhkXsxBxQH,2024-05-13T05:54:57Z
603,163,6f97iJZi6FaRqkTcv,11.0,11,6ajytPzuhkXsxBxQH,2024-05-13T05:54:57Z
604,164,ikbKGHqdpbCeZKTBE,3.0,3,6ajytPzuhkXsxBxQH,2024-05-13T05:54:57Z
605,165,ju2yFE8WgcK3DLcTD,5.0,5,6ajytPzuhkXsxBxQH,2024-05-13T05:54:57Z
606,166,ZLAqWfw4GLJDnJsWu,8.0,8,6ajytPzuhkXsxBxQH,2024-05-13T05:54:57Z
607,167,wKi8dRKMiJFMuiTot,6.0,6,6ajytPzuhkXsxBxQH,2024-05-13T05:54:57Z
608,168,9tdSTzasRMptKppC2,7.0,7,6ajytPzuhkXsxBxQH,2024-05-13T05:54:57Z
609,169,jmKmXCHgq6dyePe5L,4.0,4,6ajytPzuhkXsxBxQH,2024-05-13T05:54:57Z
610,170,BsWq8eY6LcbdKmLwh,10.0,10,6ajytPzuhkXsxBxQH,2024-05-13T05:54:57Z
611,171,apvSNcjjX5gyAQCHA,1.0,1,6ajytPzuhkXsxBxQH,2024-05-13T05:54:57Z
612,172,oE2LXP62DyGy3vG9X,12.0,12,6ajytPzuhkXsxBxQH,2024-05-13T05:54:57Z
613,173,kMjD2PdRtqaYfSPEE,14.0,14,6ajytPzuhkXsxBxQH,2024-05-13T05:54:57Z
614,174,dKSnx3svKPcmuF9ho,16.0,16,6ajytPzuhkXsxBxQH,2024-05-13T05:54:58Z
615,175,9uQGGStLstnmjuFF4,13.0,13,6ajytPzuhkXsxBxQH,2024-05-13T05:54:58Z
616,176,qE3naRNiifcWRLdvd,3,3,s2PshR5EpqTmgP3AM,2024-05-13T05:54:58Z
617,177,yDANp3XSeZnuTguAN,2,2,s2PshR5EpqTmgP3AM,2024-05-13T05:54:58Z
618,178,wpswrATWbYXsEZFEX,1,1,s2PshR5EpqTmgP3AM,2024-05-13T05:54:58Z
619,179,A7aDdZSwabrcCkPky,4,4,s2PshR5EpqTmgP3AM,2024-05-13T05:54:58Z
620,180,9eoTjJEK8pQFEFqPo,4.0,4,JGWebFJC6Ha5JXvv4,2024-05-13T05:54:58Z
621,181,Q3b4WART9Wq5boZB9,2.0,2,JGWebFJC6Ha5JXvv4,2024-05-13T05:54:58Z
622,182,QExvKj6f2nFprf5fN,1.0,1,JGWebFJC6Ha5JXvv4,2024-05-13T05:54:58Z
623,183,QmZyALw37B4tembBz,3.0,3,JGWebFJC6Ha5JXvv4,2024-05-13T05:54:58Z
624,184,aranQzTnLShm7tX9C,5.0,5,JGWebFJC6Ha5JXvv4,2024-05-13T05:54:58Z
625,185,HEthudZ76hQv4meJi,6.0,6,JGWebFJC6Ha5JXvv4,2024-05-13T05:54:58Z
626,186,kHyMYojMS6ua43Gti,45,45,nvwTXvCbqKpoqtwyM,2024-05-13T05:54:58Z
627,187,sC7xoqmzp9kXf82GD,45,45,XJQkHcz5i2otEh5iY,2024-05-13T05:54:58Z
628,188,NCtZsfzPCBBQJFjRj,45,45,pnqRp2Hx2sQr2SADa,2024-05-13T05:54:59Z
629,189,v8FH3Svr5DjC3Fg6K,1.1,1.1,f8TPaJf7NMat3M9Fh,2024-05-13T05:54:59Z
630,190,9oYwsjPEwHZsYGKsC,1.7,1.7,f8TPaJf7NMat3M9Fh,2024-05-13T05:54:59Z
631,191,p4oBnnt77T4CiWG8R,0.2,0.2,f8TPaJf7NMat3M9Fh,2024-05-13T05:54:59Z
632,192,R6PenHDi6jMwWTYPf,2.3,2.3,f8TPaJf7NMat3M9Fh,2024-05-13T05:54:59Z
633,193,AHCNoSbxTgDHu8LAc,0.8,0.8,f8TPaJf7NMat3M9Fh,2024-05-13T05:54:59Z
634,194,5xTRiK79kFFLb8gjC,3.0,3,f8TPaJf7NMat3M9Fh,2024-05-13T05:54:59Z
635,195,vvYJc5Avz3y7ohnfH,1.3,1.3,f8TPaJf7NMat3M9Fh,2024-05-13T05:54:59Z
636,196,HQZwGQXGTKbpnYC7w,2.1,2.1,f8TPaJf7NMat3M9Fh,2024-05-13T05:54:59Z
637,197,B9fxJm75dJ9ZxSfpr,0.4,0.4,f8TPaJf7NMat3M9Fh,2024-05-13T05:54:59Z
638,198,fEk3yTqeFcpZsdHin,2.6,2.6,f8TPaJf7NMat3M9Fh,2024-05-13T05:54:59Z
639,199,GkcdqicwxwuW639Pm,1.0,1,f8TPaJf7NMat3M9Fh,2024-05-13T05:54:59Z
640,200,2WYLvSJWcBvBSHfBp,1.4,1.4,f8TPaJf7NMat3M9Fh,2024-05-13T05:54:59Z
641,201,ipeonTKNzcJhWCpjJ,0.5,0.5,f8TPaJf7NMat3M9Fh,2024-05-13T05:54:59Z
642,202,Lt8PSdTCZX2BacQ9N,2.7,2.7,f8TPaJf7NMat3M9Fh,2024-05-13T05:54:59Z
643,203,y9SCeeRHRfXGNxqXA,0.6,0.6,f8TPaJf7NMat3M9Fh,2024-05-13T05:54:59Z
644,204,gZECbniAhFQv85Duo,2.8,2.8,f8TPaJf7NMat3M9Fh,2024-05-13T05:54:59Z
645,205,R2CGTTAxdwpcGr8WW,1.5,1.5,f8TPaJf7NMat3M9Fh,2024-05-13T05:55:00Z
646,206,4SS9BKyH75pPLNnLm,2.2,2.2,f8TPaJf7NMat3M9Fh,2024-05-13T05:55:00Z
647,207,kKd3NYZxCmxDiRpDx,1.6,1.6,f8TPaJf7NMat3M9Fh,2024-05-13T05:55:00Z
648,208,Rqp5nRDuPmXbikRcc,0.3,0.3,f8TPaJf7NMat3M9Fh,2024-05-13T05:55:00Z
649,209,z7aF8YXRXZ7NabkA6,2.5,2.5,f8TPaJf7NMat3M9Fh,2024-05-13T05:55:00Z
650,210,FDvqD3orgxNHABtHW,1.2,1.2,f8TPaJf7NMat3M9Fh,2024-05-13T05:55:00Z
651,211,rP83P5b4nTN2uvftJ,1.9,1.9,f8TPaJf7NMat3M9Fh,2024-05-13T05:55:00Z
652,212,8MovLJrsaAMLyYTyj,0.7,0.7,f8TPaJf7NMat3M9Fh,2024-05-13T05:55:00Z
653,213,tfrMvyZajs6cWnneW,2.4,2.4,f8TPaJf7NMat3M9Fh,2024-05-13T05:55:00Z
654,214,Zudmpz9yaxD8gx9F8,0.1,0.1,f8TPaJf7NMat3M9Fh,2024-05-13T05:55:00Z
655,215,wTjdsYWwqyyWEt62c,1.8,1.8,f8TPaJf7NMat3M9Fh,2024-05-13T05:55:00Z
656,216,ty45km6eRfgYFDqxG,2.0,2,f8TPaJf7NMat3M9Fh,2024-05-13T05:55:00Z
657,217,RTurEsxj2kCz6uWEW,2.9,2.9,f8TPaJf7NMat3M9Fh,2024-05-13T05:55:00Z
658,218,FtgfjCY6XYi4nh8J2,0.9,0.9,f8TPaJf7NMat3M9Fh,2024-05-13T05:55:00Z
659,219,sMPJAoPf2ESG2KMDh,300,300,RWjFfH3kiu7X2yg4d,2024-05-13T05:55:00Z
660,220,d7EGh2MxQsQvbWHJi,true,true,j6JAP3reS9Xh8Zd5y,2024-05-13T05:54:56Z
661,221,FYETzXbiiri4W59uw,false,false,j6JAP3reS9Xh8Zd5y,2024-05-13T05:54:56Z
662,222,A2P7v72iGGZiWoDj4,true,true,ZTsaeZvqkjT2TiZbd,2024-05-13T05:54:57Z
663,223,CKxbwn6YtL2bBqHZd,false,false,ZTsaeZvqkjT2TiZbd,2024-05-13T05:54:57Z
664,224,cSyctmvANxCLRzEJY,true,true,NKE63qnTH4qQ5fJz2,2024-05-13T05:54:57Z
665,225,FiNMpyPZPAQq5jJ2H,false,false,NKE63qnTH4qQ5fJz2,2024-05-13T05:54:57Z
666,226,ScN8pSiKcudeydzQG,true,true,AqeXKPY3FNoEDEsEm,2024-05-13T05:54:57Z
667,227,2tEqFpAQjHeavRYRs,false,false,AqeXKPY3FNoEDEsEm,2024-05-13T05:54:57Z
668,228,ur4SoJrSMiWWJiToF,true,true,yTMk8ugg3WfuP69Tn,2024-05-13T05:54:57Z
669,229,pcfgXF9Wd7G2NarST,false,false,yTMk8ugg3WfuP69Tn,2024-05-13T05:54:57Z
670,230,xs9fn32cH74eFFyba,true,true,X3GEcDHZeybCyTiXK,2024-05-13T05:54:57Z
671,231,pNK9SNt5idqHHxYQ3,false,false,X3GEcDHZeybCyTiXK,2024-05-13T05:54:57Z
672,232,tDThCWi9JQYy7WaHD,true,true,Yn6ADxWDAjn7wdbfN,2024-05-13T05:54:57Z
673,233,2CfGpHhrnCPkQ6YXx,false,false,Yn6ADxWDAjn7wdbfN,2024-05-13T05:54:57Z
674,234,Nrf8WTedeB5QwTx48,true,true,68euTNrndetTaGoks,2024-05-13T05:54:57Z
675,235,b8uFMuqFsZtFSRTWf,false,false,68euTNrndetTaGoks,2024-05-13T05:54:57Z
676,236,CC85v9QkAupDCBCku,3,3,DmXhDdtFe7fKQ96Jn,2024-05-13T05:54:58Z
677,237,tmAzc7qrW2Nh2dpfM,15,15,DmXhDdtFe7fKQ96Jn,2024-05-13T05:54:58Z
678,238,ytiyL6m5rwLJbMA62,16,16,DmXhDdtFe7fKQ96Jn,2024-05-13T05:54:58Z
679,239,LXuGLNaR2tAtrXNex,10,10,DmXhDdtFe7fKQ96Jn,2024-05-13T05:54:58Z
680,240,a4jAogPFsQ59GaMyG,8,8,DmXhDdtFe7fKQ96Jn,2024-05-13T05:54:58Z
681,241,Z64Qx29Ybwem9LKpG,18,18,DmXhDdtFe7fKQ96Jn,2024-05-13T05:54:58Z
682,242,KmRLZECTmHmyiuF58,13,13,DmXhDdtFe7fKQ96Jn,2024-05-13T05:54:58Z
683,243,fZZkkSpjywT5afBZ5,5,5,DmXhDdtFe7fKQ96Jn,2024-05-13T05:54:58Z
684,244,7Whir7GhcgY74MGHs,6,6,DmXhDdtFe7fKQ96Jn,2024-05-13T05:54:58Z
685,245,wXcvuHxTAFhmP4Nbx,11,11,DmXhDdtFe7fKQ96Jn,2024-05-13T05:54:58Z
686,246,BuRnRNDc4j79qjWXp,20,20,DmXhDdtFe7fKQ96Jn,2024-05-13T05:54:58Z
687,247,PYEiB4RpsxYPLrW4z,7,7,DmXhDdtFe7fKQ96Jn,2024-05-13T05:54:58Z
688,248,kSChbxsrXLJwC7Yqf,4,4,DmXhDdtFe7fKQ96Jn,2024-05-13T05:54:58Z
689,249,4FZdgYmXg6qJsRP5p,14,14,DmXhDdtFe7fKQ96Jn,2024-05-13T05:54:58Z
690,250,jRKrQpNS8ez5bvrve,17,17,DmXhDdtFe7fKQ96Jn,2024-05-13T05:54:58Z
691,251,Mp7q78Q55FDWZoqzY,9,9,DmXhDdtFe7fKQ96Jn,2024-05-13T05:54:58Z
692,252,pgLiaBzxyfDFhSMbL,19,19,DmXhDdtFe7fKQ96Jn,2024-05-13T05:54:58Z
693,253,K5mc7p3k7ZQkekeRg,12,12,DmXhDdtFe7fKQ96Jn,2024-05-13T05:54:58Z
694,254,mF9qszSMjj7bQh8HL,2,2,DmXhDdtFe7fKQ96Jn,2024-05-13T05:54:59Z
695,255,gL8msKqE5w3wjSLdC,11,11,3HCJ58w4gmzonQ8Hv,2024-05-13T05:54:59Z
696,256,9iWxa7fEMDzztq9Xv,17,17,3HCJ58w4gmzonQ8Hv,2024-05-13T05:54:59Z
697,257,4FeQcgPCfhv54Dp7G,2,2,3HCJ58w4gmzonQ8Hv,2024-05-13T05:54:59Z
698,258,m6RkBWMjLKE4kceyr,23,23,3HCJ58w4gmzonQ8Hv,2024-05-13T05:54:59Z
699,259,ToYLz5MjyGP6PabGv,8,8,3HCJ58w4gmzonQ8Hv,2024-05-13T05:54:59Z
700,260,fs4RFvxDmTiybFa2o,30,30,3HCJ58w4gmzonQ8Hv,2024-05-13T05:54:59Z
701,261,xLTwvrJgHR6gftQeH,13,13,3HCJ58w4gmzonQ8Hv,2024-05-13T05:54:59Z
702,262,mzoGt6hi75Bk8ZwEF,21,21,3HCJ58w4gmzonQ8Hv,2024-05-13T05:54:59Z
703,263,Bdi2YcZpJ5LxLy525,4,4,3HCJ58w4gmzonQ8Hv,2024-05-13T05:54:59Z
704,264,RxhyH5pPakEYKHdXB,26,26,3HCJ58w4gmzonQ8Hv,2024-05-13T05:54:59Z
705,265,yjsgExBJP8LjiSjmj,10,10,3HCJ58w4gmzonQ8Hv,2024-05-13T05:54:59Z
706,266,CGqDN2784T9mQdNXS,14,14,3HCJ58w4gmzonQ8Hv,2024-05-13T05:54:59Z
707,267,6RvccaqyxZErPkimm,5,5,3HCJ58w4gmzonQ8Hv,2024-05-13T05:54:59Z
708,268,RzmMaSp2bGqWRmNdN,27,27,3HCJ58w4gmzonQ8Hv,2024-05-13T05:54:59Z
709,269,qzDMpt68sycpCGLPi,6,6,3HCJ58w4gmzonQ8Hv,2024-05-13T05:54:59Z
710,270,ybSKby3WB4y2qsCR9,28,28,3HCJ58w4gmzonQ8Hv,2024-05-13T05:54:59Z
711,271,tZN7g2rGFk5hMPgEk,15,15,3HCJ58w4gmzonQ8Hv,2024-05-13T05:54:59Z
712,272,S4hJvtGqBPPgKoAHD,22,22,3HCJ58w4gmzonQ8Hv,2024-05-13T05:55:00Z
713,273,NvoGm4GJHC4nH25FK,16,16,3HCJ58w4gmzonQ8Hv,2024-05-13T05:55:00Z
714,274,gwZwAkxCebrjW5vvJ,3,3,3HCJ58w4gmzonQ8Hv,2024-05-13T05:55:00Z
715,275,xvoAssbs5EdrKdicq,25,25,3HCJ58w4gmzonQ8Hv,2024-05-13T05:55:00Z
716,276,W2bNYnBkR7aikaFAr,12,12,3HCJ58w4gmzonQ8Hv,2024-05-13T05:55:00Z
717,277,DLxXa6pNueiyrrXBy,19,19,3HCJ58w4gmzonQ8Hv,2024-05-13T05:55:00Z
718,278,H6KJmgKcm8HY2GQA5,7,7,3HCJ58w4gmzonQ8Hv,2024-05-13T05:55:00Z
719,279,36YQyPfp9n86jqZ7m,24,24,3HCJ58w4gmzonQ8Hv,2024-05-13T05:55:00Z
720,280,k6qXJP3YSbkPqTuJk,1,1,3HCJ58w4gmzonQ8Hv,2024-05-13T05:55:00Z
721,281,CXTz2DnyQmnEYrFHM,18,18,3HCJ58w4gmzonQ8Hv,2024-05-13T05:55:00Z
722,282,XsXytxstWMh9zNwGf,20,20,3HCJ58w4gmzonQ8Hv,2024-05-13T05:55:00Z
723,283,Wzdhfheg5FtmZLmwT,29,29,3HCJ58w4gmzonQ8Hv,2024-05-13T05:55:00Z
724,284,kRKNfc9Roihxt4KXs,9,9,3HCJ58w4gmzonQ8Hv,2024-05-13T05:55:00Z
725,285,XZPFRPGauAtdBbj9Z,20,20,Q4CpiNGcyDJcGosLw,2024-05-13T05:55:00Z
726,286,PAbrjXhwHFeKZu9BX,1.5,1.5,tEKdjpZue8XbkYzQb,2024-05-13T05:55:00Z
727,287,EEc3J2Ym2HN76pyyZ,6.0,6,tEKdjpZue8XbkYzQb,2024-05-13T05:55:00Z
728,288,mPvPce9ZzZokdTMg6,2.0,2,tEKdjpZue8XbkYzQb,2024-05-13T05:55:00Z
729,289,u6Z7qu8MrDvmGDegT,6.3,6.3,tEKdjpZue8XbkYzQb,2024-05-13T05:55:00Z
730,290,D4iR2JbvyRYtQKJQp,4.7,4.7,tEKdjpZue8XbkYzQb,2024-05-13T05:55:01Z
731,291,repicBmWJDwqX7qXx,3.4,3.4,tEKdjpZue8XbkYzQb,2024-05-13T05:55:01Z
732,292,dC8ZnB8LmMF9ushfr,6.4,6.4,tEKdjpZue8XbkYzQb,2024-05-13T05:55:01Z
733,293,yX496dPB46YvWxJjd,1.8,1.8,tEKdjpZue8XbkYzQb,2024-05-13T05:55:01Z
734,294,a4sNRmNncrswKozPd,6.5,6.5,tEKdjpZue8XbkYzQb,2024-05-13T05:55:01Z
735,295,StM7fPbHwxX2YmaXN,5.0,5,tEKdjpZue8XbkYzQb,2024-05-13T05:55:01Z
736,296,MyWfhqRQdkL87XgRN,3.8,3.8,tEKdjpZue8XbkYzQb,2024-05-13T05:55:01Z
737,297,MAE9dSLD5jPwgTFnC,4.6,4.6,tEKdjpZue8XbkYzQb,2024-05-13T05:55:01Z
738,298,CAuq6xzfGw47qvMCP,5.4,5.4,tEKdjpZue8XbkYzQb,2024-05-13T05:55:01Z
739,299,Nf7NCmrEZBEXJqSfh,9.0,9,tEKdjpZue8XbkYzQb,2024-05-13T05:55:01Z
740,300,JXkCji2vRkP9y8DaB,1.0,1,tEKdjpZue8XbkYzQb,2024-05-13T05:55:01Z
741,301,kKkuYwqfo5y58fdiS,2.2,2.2,tEKdjpZue8XbkYzQb,2024-05-13T05:55:01Z
742,302,GmsmMb2tRRnLikx4A,4.2,4.2,tEKdjpZue8XbkYzQb,2024-05-13T05:55:01Z
743,303,AAXLAwWiRfiaBZ3hY,9.3,9.3,tEKdjpZue8XbkYzQb,2024-05-13T05:55:01Z
744,304,wQ64YwJ7dkm3SWnmq,1.3,1.3,tEKdjpZue8XbkYzQb,2024-05-13T05:55:01Z
745,305,Mnn5HtfcGE7G5BoSi,12.5,12.5,tEKdjpZue8XbkYzQb,2024-05-13T05:55:01Z
746,306,qidhQEwEQfTKscP3K,4.3,4.3,tEKdjpZue8XbkYzQb,2024-05-13T05:55:01Z
747,307,w4A4cjyCwNEh2coLX,2.7,2.7,tEKdjpZue8XbkYzQb,2024-05-13T05:55:01Z
748,308,eWNoso9T6fp8YQijG,8.2,8.2,tEKdjpZue8XbkYzQb,2024-05-13T05:55:02Z
749,309,AQBeYEgYZzEATRBB7,3.3,3.3,tEKdjpZue8XbkYzQb,2024-05-13T05:55:02Z
750,310,wjuys28yJ5AWEfEpn,8.3,8.3,tEKdjpZue8XbkYzQb,2024-05-13T05:55:02Z
751,311,9aT63Z2AKzS4AQ7Qe,2.5,2.5,tEKdjpZue8XbkYzQb,2024-05-13T05:55:02Z
752,312,8h82abfBLtAz4Revw,1.2,1.2,tEKdjpZue8XbkYzQb,2024-05-13T05:55:02Z
753,313,M7odyr8ShxufDuk3A,10.3,10.3,tEKdjpZue8XbkYzQb,2024-05-13T05:55:02Z
754,314,fccKZyMz7fG36GqwL,2.1,2.1,tEKdjpZue8XbkYzQb,2024-05-13T05:55:02Z
755,315,mex83wbsf9Tv32Dsg,10.0,10,tEKdjpZue8XbkYzQb,2024-05-13T05:55:02Z
756,316,EaFz8qLHhLT2eKnSc,3.9,3.9,tEKdjpZue8XbkYzQb,2024-05-13T05:55:02Z
757,317,texkWsnS9mjnWwsGi,2.6,2.6,tEKdjpZue8XbkYzQb,2024-05-13T05:55:02Z
758,318,H6eXTvRbHHaRdrK53,3.7,3.7,tEKdjpZue8XbkYzQb,2024-05-13T05:55:02Z
759,319,TqeYLPpi8TGhTMckH,1.9,1.9,tEKdjpZue8XbkYzQb,2024-05-13T05:55:02Z
760,320,gXxhzkGBEgDQKBNes,10.2,10.2,tEKdjpZue8XbkYzQb,2024-05-13T05:55:02Z
761,321,qgPehoFTuYi7STBGQ,3.2,3.2,tEKdjpZue8XbkYzQb,2024-05-13T05:55:02Z
762,322,Y2Ynr9m723s3WRxoF,7.2,7.2,tEKdjpZue8XbkYzQb,2024-05-13T05:55:02Z
763,323,nk2Hvv2sXa9g3jDjA,1.6,1.6,tEKdjpZue8XbkYzQb,2024-05-13T05:55:02Z
764,324,4hz2RLoXx3bH7mvRA,7.0,7,tEKdjpZue8XbkYzQb,2024-05-13T05:55:02Z
765,325,6eRBCdRPWmWg2R5fs,5.2,5.2,tEKdjpZue8XbkYzQb,2024-05-13T05:55:02Z
766,326,mvGPyw4pY3hCXiksx,5.1,5.1,tEKdjpZue8XbkYzQb,2024-05-13T05:55:03Z
767,327,vAy9feX3WTQKXxJ3M,4.4,4.4,tEKdjpZue8XbkYzQb,2024-05-13T05:55:03Z
768,328,uKZiypxyCRoeMXbTr,8.9,8.9,tEKdjpZue8XbkYzQb,2024-05-13T05:55:03Z
769,329,eay5SC5KNBQXtr8pf,5.6,5.6,tEKdjpZue8XbkYzQb,2024-05-13T05:55:03Z
770,330,kqEaavDoiabBF3fSc,1.1,1.1,tEKdjpZue8XbkYzQb,2024-05-13T05:55:03Z
771,331,kzf3TSZW4aTHR3yi3,7.3,7.3,tEKdjpZue8XbkYzQb,2024-05-13T05:55:03Z
772,332,ku4Exmf8mrnZRBD69,2.3,2.3,tEKdjpZue8XbkYzQb,2024-05-13T05:55:03Z
773,333,odLdG2GePTtJtkrya,9.1,9.1,tEKdjpZue8XbkYzQb,2024-05-13T05:55:03Z
774,334,av4LHzFmd37zqxdgX,2.4,2.4,tEKdjpZue8XbkYzQb,2024-05-13T05:55:03Z
775,335,huZ7wEDsMpzgffjy6,3.1,3.1,tEKdjpZue8XbkYzQb,2024-05-13T05:55:03Z
776,336,BzBRBjKMihzntvLdL,11.2,11.2,tEKdjpZue8XbkYzQb,2024-05-13T05:55:03Z
777,337,6yCNYt4LhedcEke2r,1.7,1.7,tEKdjpZue8XbkYzQb,2024-05-13T05:55:03Z
778,338,hnPYsnYAAjgadKEyr,10.7,10.7,tEKdjpZue8XbkYzQb,2024-05-13T05:55:03Z
779,339,6mgqMwmn9BEMA9scm,5.3,5.3,tEKdjpZue8XbkYzQb,2024-05-13T05:55:03Z
780,340,p2XgeTzuePLpzvmrh,8.5,8.5,tEKdjpZue8XbkYzQb,2024-05-13T05:55:03Z
781,341,GDaN3cMRiiNm4QnDH,4.9,4.9,tEKdjpZue8XbkYzQb,2024-05-13T05:55:03Z
782,342,JJwWPaTS9wZsNFuDY,6.1,6.1,tEKdjpZue8XbkYzQb,2024-05-13T05:55:03Z
783,343,dh3CGKWr856T72knt,8.1,8.1,tEKdjpZue8XbkYzQb,2024-05-13T05:55:03Z
784,344,RyvbQoFpz6uNdL8tr,5.5,5.5,tEKdjpZue8XbkYzQb,2024-05-13T05:55:03Z
785,345,9hCSkc64agtidYJ2n,6.2,6.2,tEKdjpZue8XbkYzQb,2024-05-13T05:55:04Z
786,346,X2GXzHN3cCynwGi5Y,3.5,3.5,tEKdjpZue8XbkYzQb,2024-05-13T05:55:04Z
787,347,e3kAFvnEuZu7qJGjF,6.6,6.6,tEKdjpZue8XbkYzQb,2024-05-13T05:55:04Z
788,348,gi54g8zakiqBpCuEo,7.4,7.4,tEKdjpZue8XbkYzQb,2024-05-13T05:55:04Z
789,349,gTd6LvgqGsuDXCfuL,5.8,5.8,tEKdjpZue8XbkYzQb,2024-05-13T05:55:04Z
790,350,errguwP5Ztwpi2BNh,5.9,5.9,tEKdjpZue8XbkYzQb,2024-05-13T05:55:04Z
791,351,vu2qvscD9RgWMf9wv,8.7,8.7,tEKdjpZue8XbkYzQb,2024-05-13T05:55:04Z
792,352,9M3dXWiL2eu78aJR4,2.8,2.8,tEKdjpZue8XbkYzQb,2024-05-13T05:55:04Z
793,353,KmMw3Cpdf4pAjCmBq,8.8,8.8,tEKdjpZue8XbkYzQb,2024-05-13T05:55:04Z
794,354,ofmfGNtyJE4xAvJMp,11.3,11.3,tEKdjpZue8XbkYzQb,2024-05-13T05:55:04Z
795,355,yadcquvK5qRX3puF8,9.2,9.2,tEKdjpZue8XbkYzQb,2024-05-13T05:55:04Z
796,356,NZiDZjpNgFpXgfKKd,4.0,4,tEKdjpZue8XbkYzQb,2024-05-13T05:55:04Z
797,357,gPoLPiseXwFb8HWpc,7.8,7.8,tEKdjpZue8XbkYzQb,2024-05-13T05:55:04Z
798,358,t3uDK59oY2c67xSGs,6.9,6.9,tEKdjpZue8XbkYzQb,2024-05-13T05:55:04Z
799,359,gs2ua3pEwQ66mKzJ3,7.5,7.5,tEKdjpZue8XbkYzQb,2024-05-13T05:55:04Z
800,360,WNmWGEupL6QjwiFb3,4.8,4.8,tEKdjpZue8XbkYzQb,2024-05-13T05:55:04Z
801,361,ybfBgcEExzTPtM6Bg,11.7,11.7,tEKdjpZue8XbkYzQb,2024-05-13T05:55:04Z
802,362,rHq65g8ZCRrNJxTiK,2.9,2.9,tEKdjpZue8XbkYzQb,2024-05-13T05:55:04Z
803,363,gJRedPFPwgzd9hxzh,1.4,1.4,tEKdjpZue8XbkYzQb,2024-05-13T05:55:05Z
804,364,4Nv3yjA7hEtCKzsaQ,9.6,9.6,tEKdjpZue8XbkYzQb,2024-05-13T05:55:05Z
805,365,Grxiq7YEjx8yPNuts,12.1,12.1,tEKdjpZue8XbkYzQb,2024-05-13T05:55:05Z
806,366,nC4qsgTFo5B9PfBqR,7.9,7.9,tEKdjpZue8XbkYzQb,2024-05-13T05:55:05Z
807,367,7M6pzMDGwHfiajWh9,4.1,4.1,tEKdjpZue8XbkYzQb,2024-05-13T05:55:05Z
808,368,YR6ENR5xWqkMMhuRr,3.0,3,tEKdjpZue8XbkYzQb,2024-05-13T05:55:05Z
809,369,TDwLFzY5YqQd2C5Mb,13.7,13.7,tEKdjpZue8XbkYzQb,2024-05-13T05:55:05Z
810,370,GM76xxaDFb7vfkC7R,3.6,3.6,tEKdjpZue8XbkYzQb,2024-05-13T05:55:05Z
811,371,3EZMDs43dcadEfKHJ,6.8,6.8,tEKdjpZue8XbkYzQb,2024-05-13T05:55:05Z
812,372,H5YkhdMfsS32wNRsy,10.6,10.6,tEKdjpZue8XbkYzQb,2024-05-13T05:55:05Z
813,373,biTP8yh8xo4ofRKki,11.1,11.1,tEKdjpZue8XbkYzQb,2024-05-13T05:55:05Z
814,374,By5GmWeEvBswisLeu,0,0,GHfMB6rnec6bRbcg5,2024-05-13T05:55:05Z
815,375,AvEQrn8TuAfcZ2nAa,1,1,GHfMB6rnec6bRbcg5,2024-05-13T05:55:05Z
816,376,XisFJ9opqmAsBxve2,3,3,GZ8aazA6BNZTCavGv,2024-05-13T05:55:05Z
817,377,ujf8hgK5vs3NFg9PL,2,2,GZ8aazA6BNZTCavGv,2024-05-13T05:55:05Z
818,378,nNN9L7cwvWoS8t9d4,1,1,GZ8aazA6BNZTCavGv,2024-05-13T05:55:05Z
819,379,eDeiGssDkxHJD3Qg5,4,4,GZ8aazA6BNZTCavGv,2024-05-13T05:55:06Z
820,380,gFbocmdB7s8nmFpxY,9.0,9,6ajytPzuhkXsxBxQH,2024-05-13T05:55:06Z
821,381,YLevqNyf2Z8axYPuT,2.0,2,6ajytPzuhkXsxBxQH,2024-05-13T05:55:06Z
822,382,ZypqvG6yXyDZdXqaN,15.0,15,6ajytPzuhkXsxBxQH,2024-05-13T05:55:06Z
823,383,6f97iJZi6FaRqkTcv,11.0,11,6ajytPzuhkXsxBxQH,2024-05-13T05:55:06Z
824,384,ikbKGHqdpbCeZKTBE,3.0,3,6ajytPzuhkXsxBxQH,2024-05-13T05:55:06Z
825,385,ju2yFE8WgcK3DLcTD,5.0,5,6ajytPzuhkXsxBxQH,2024-05-13T05:55:06Z
826,386,ZLAqWfw4GLJDnJsWu,8.0,8,6ajytPzuhkXsxBxQH,2024-05-13T05:55:06Z
827,387,wKi8dRKMiJFMuiTot,6.0,6,6ajytPzuhkXsxBxQH,2024-05-13T05:55:06Z
828,388,9tdSTzasRMptKppC2,7.0,7,6ajytPzuhkXsxBxQH,2024-05-13T05:55:06Z
829,389,jmKmXCHgq6dyePe5L,4.0,4,6ajytPzuhkXsxBxQH,2024-05-13T05:55:06Z
830,390,BsWq8eY6LcbdKmLwh,10.0,10,6ajytPzuhkXsxBxQH,2024-05-13T05:55:06Z
831,391,apvSNcjjX5gyAQCHA,1.0,1,6ajytPzuhkXsxBxQH,2024-05-13T05:55:06Z
832,392,oE2LXP62DyGy3vG9X,12.0,12,6ajytPzuhkXsxBxQH,2024-05-13T05:55:06Z
833,393,kMjD2PdRtqaYfSPEE,14.0,14,6ajytPzuhkXsxBxQH,2024-05-13T05:55:06Z
834,394,dKSnx3svKPcmuF9ho,16.0,16,6ajytPzuhkXsxBxQH,2024-05-13T05:55:06Z
835,395,9uQGGStLstnmjuFF4,13.0,13,6ajytPzuhkXsxBxQH,2024-05-13T05:55:06Z
836,396,qE3naRNiifcWRLdvd,3,3,s2PshR5EpqTmgP3AM,2024-05-13T05:55:06Z
837,397,yDANp3XSeZnuTguAN,2,2,s2PshR5EpqTmgP3AM,2024-05-13T05:55:07Z
838,398,wpswrATWbYXsEZFEX,1,1,s2PshR5EpqTmgP3AM,2024-05-13T05:55:07Z
839,399,A7aDdZSwabrcCkPky,4,4,s2PshR5EpqTmgP3AM,2024-05-13T05:55:07Z
840,400,9eoTjJEK8pQFEFqPo,4.0,4,JGWebFJC6Ha5JXvv4,2024-05-13T05:55:07Z
841,401,Q3b4WART9Wq5boZB9,2.0,2,JGWebFJC6Ha5JXvv4,2024-05-13T05:55:07Z
842,402,QExvKj6f2nFprf5fN,1.0,1,JGWebFJC6Ha5JXvv4,2024-05-13T05:55:07Z
843,403,QmZyALw37B4tembBz,3.0,3,JGWebFJC6Ha5JXvv4,2024-05-13T05:55:07Z
844,404,aranQzTnLShm7tX9C,5.0,5,JGWebFJC6Ha5JXvv4,2024-05-13T05:55:07Z
845,405,HEthudZ76hQv4meJi,6.0,6,JGWebFJC6Ha5JXvv4,2024-05-13T05:55:07Z
846,406,kHyMYojMS6ua43Gti,45,45,nvwTXvCbqKpoqtwyM,2024-05-13T05:55:07Z
847,407,sC7xoqmzp9kXf82GD,45,45,XJQkHcz5i2otEh5iY,2024-05-13T05:55:07Z
848,408,NCtZsfzPCBBQJFjRj,45,45,pnqRp2Hx2sQr2SADa,2024-05-13T05:55:07Z
849,409,v8FH3Svr5DjC3Fg6K,1.1,1.1,f8TPaJf7NMat3M9Fh,2024-05-13T05:55:07Z
850,410,9oYwsjPEwHZsYGKsC,1.7,1.7,f8TPaJf7NMat3M9Fh,2024-05-13T05:55:07Z
851,411,p4oBnnt77T4CiWG8R,0.2,0.2,f8TPaJf7NMat3M9Fh,2024-05-13T05:55:07Z
852,412,R6PenHDi6jMwWTYPf,2.3,2.3,f8TPaJf7NMat3M9Fh,2024-05-13T05:55:07Z
853,413,AHCNoSbxTgDHu8LAc,0.8,0.8,f8TPaJf7NMat3M9Fh,2024-05-13T05:55:08Z
854,414,5xTRiK79kFFLb8gjC,3.0,3,f8TPaJf7NMat3M9Fh,2024-05-13T05:55:08Z
855,415,vvYJc5Avz3y7ohnfH,1.3,1.3,f8TPaJf7NMat3M9Fh,2024-05-13T05:55:08Z
856,416,HQZwGQXGTKbpnYC7w,2.1,2.1,f8TPaJf7NMat3M9Fh,2024-05-13T05:55:08Z
857,417,B9fxJm75dJ9ZxSfpr,0.4,0.4,f8TPaJf7NMat3M9Fh,2024-05-13T05:55:08Z
858,418,fEk3yTqeFcpZsdHin,2.6,2.6,f8TPaJf7NMat3M9Fh,2024-05-13T05:55:08Z
859,419,GkcdqicwxwuW639Pm,1.0,1,f8TPaJf7NMat3M9Fh,2024-05-13T05:55:08Z
860,420,2WYLvSJWcBvBSHfBp,1.4,1.4,f8TPaJf7NMat3M9Fh,2024-05-13T05:55:08Z
861,421,ipeonTKNzcJhWCpjJ,0.5,0.5,f8TPaJf7NMat3M9Fh,2024-05-13T05:55:08Z
862,422,Lt8PSdTCZX2BacQ9N,2.7,2.7,f8TPaJf7NMat3M9Fh,2024-05-13T05:55:08Z
863,423,y9SCeeRHRfXGNxqXA,0.6,0.6,f8TPaJf7NMat3M9Fh,2024-05-13T05:55:08Z
864,424,gZECbniAhFQv85Duo,2.8,2.8,f8TPaJf7NMat3M9Fh,2024-05-13T05:55:08Z
865,425,R2CGTTAxdwpcGr8WW,1.5,1.5,f8TPaJf7NMat3M9Fh,2024-05-13T05:55:08Z
866,426,4SS9BKyH75pPLNnLm,2.2,2.2,f8TPaJf7NMat3M9Fh,2024-05-13T05:55:08Z
867,427,kKd3NYZxCmxDiRpDx,1.6,1.6,f8TPaJf7NMat3M9Fh,2024-05-13T05:55:08Z
868,428,Rqp5nRDuPmXbikRcc,0.3,0.3,f8TPaJf7NMat3M9Fh,2024-05-13T05:55:08Z
869,429,z7aF8YXRXZ7NabkA6,2.5,2.5,f8TPaJf7NMat3M9Fh,2024-05-13T05:55:08Z
870,430,FDvqD3orgxNHABtHW,1.2,1.2,f8TPaJf7NMat3M9Fh,2024-05-13T05:55:08Z
871,431,rP83P5b4nTN2uvftJ,1.9,1.9,f8TPaJf7NMat3M9Fh,2024-05-13T05:55:09Z
872,432,8MovLJrsaAMLyYTyj,0.7,0.7,f8TPaJf7NMat3M9Fh,2024-05-13T05:55:09Z
873,433,tfrMvyZajs6cWnneW,2.4,2.4,f8TPaJf7NMat3M9Fh,2024-05-13T05:55:09Z
874,434,Zudmpz9yaxD8gx9F8,0.1,0.1,f8TPaJf7NMat3M9Fh,2024-05-13T05:55:09Z
875,435,wTjdsYWwqyyWEt62c,1.8,1.8,f8TPaJf7NMat3M9Fh,2024-05-13T05:55:09Z
876,436,ty45km6eRfgYFDqxG,2.0,2,f8TPaJf7NMat3M9Fh,2024-05-13T05:55:09Z
877,437,RTurEsxj2kCz6uWEW,2.9,2.9,f8TPaJf7NMat3M9Fh,2024-05-13T05:55:09Z
878,438,FtgfjCY6XYi4nh8J2,0.9,0.9,f8TPaJf7NMat3M9Fh,2024-05-13T05:55:09Z
879,439,sMPJAoPf2ESG2KMDh,300,300,RWjFfH3kiu7X2yg4d,2024-05-13T05:55:09Z
880,440,zNtLGtvsFjBtwt7RL,true,true,j6JAP3reS9Xh8Zd5y,2024-05-13T05:55:12Z
881,441,bppoDkM8jZKWJnCrP,false,false,j6JAP3reS9Xh8Zd5y,2024-05-13T05:55:13Z
882,442,NKXXq8AMhQRWrvwXr,true,true,ZTsaeZvqkjT2TiZbd,2024-05-13T05:55:13Z
883,443,YiZxcRE9xgBrXqFnc,false,false,ZTsaeZvqkjT2TiZbd,2024-05-13T05:55:13Z
884,444,AWgfBacWEqW7MyEXh,true,true,NKE63qnTH4qQ5fJz2,2024-05-13T05:55:14Z
885,445,7uNn6LCNy8e7YstbJ,false,false,NKE63qnTH4qQ5fJz2,2024-05-13T05:55:14Z
886,446,SAS9ut4PCRZzvrxAQ,true,true,AqeXKPY3FNoEDEsEm,2024-05-13T05:55:14Z
887,447,yjgsSzdBDukZWQn7B,false,false,AqeXKPY3FNoEDEsEm,2024-05-13T05:55:14Z
888,448,FhWjkmCdSbb5ForBp,true,true,yTMk8ugg3WfuP69Tn,2024-05-13T05:55:14Z
889,449,3R7u7uJdetHSneQMN,false,false,yTMk8ugg3WfuP69Tn,2024-05-13T05:55:15Z
890,450,2WLAJLQbHzEymH5qW,true,true,X3GEcDHZeybCyTiXK,2024-05-13T05:55:15Z
891,451,Z2KyAPPuHG2w4aJhg,false,false,X3GEcDHZeybCyTiXK,2024-05-13T05:55:15Z
892,452,GaxMLMB3a68H65dLM,true,true,Yn6ADxWDAjn7wdbfN,2024-05-13T05:55:15Z
893,453,QjXxtxBnLrGtBNsJ5,false,false,Yn6ADxWDAjn7wdbfN,2024-05-13T05:55:15Z
894,454,htF2rCZ6Pc3uBWYaG,true,true,68euTNrndetTaGoks,2024-05-13T05:55:16Z
895,455,HZgmXE24JQqKLNCiB,false,false,68euTNrndetTaGoks,2024-05-13T05:55:16Z
896,456,CC85v9QkAupDCBCku,3,3,AvLem6Wsnrobzx5mT,2024-05-13T05:55:16Z
897,457,tmAzc7qrW2Nh2dpfM,15,15,AvLem6Wsnrobzx5mT,2024-05-13T05:55:16Z
898,458,ytiyL6m5rwLJbMA62,16,16,AvLem6Wsnrobzx5mT,2024-05-13T05:55:17Z
899,459,LXuGLNaR2tAtrXNex,10,10,AvLem6Wsnrobzx5mT,2024-05-13T05:55:17Z
900,460,a4jAogPFsQ59GaMyG,8,8,AvLem6Wsnrobzx5mT,2024-05-13T05:55:17Z
901,461,Z64Qx29Ybwem9LKpG,18,18,AvLem6Wsnrobzx5mT,2024-05-13T05:55:17Z
902,462,KmRLZECTmHmyiuF58,13,13,AvLem6Wsnrobzx5mT,2024-05-13T05:55:17Z
903,463,fZZkkSpjywT5afBZ5,5,5,AvLem6Wsnrobzx5mT,2024-05-13T05:55:18Z
904,464,7Whir7GhcgY74MGHs,6,6,AvLem6Wsnrobzx5mT,2024-05-13T05:55:18Z
905,465,wXcvuHxTAFhmP4Nbx,11,11,AvLem6Wsnrobzx5mT,2024-05-13T05:55:18Z
906,466,BuRnRNDc4j79qjWXp,20,20,AvLem6Wsnrobzx5mT,2024-05-13T05:55:18Z
907,467,PYEiB4RpsxYPLrW4z,7,7,AvLem6Wsnrobzx5mT,2024-05-13T05:55:18Z
908,468,kSChbxsrXLJwC7Yqf,4,4,AvLem6Wsnrobzx5mT,2024-05-13T05:55:19Z
909,469,4FZdgYmXg6qJsRP5p,14,14,AvLem6Wsnrobzx5mT,2024-05-13T05:55:19Z
910,470,jRKrQpNS8ez5bvrve,17,17,AvLem6Wsnrobzx5mT,2024-05-13T05:55:19Z
911,471,Mp7q78Q55FDWZoqzY,9,9,AvLem6Wsnrobzx5mT,2024-05-13T05:55:19Z
912,472,pgLiaBzxyfDFhSMbL,19,19,AvLem6Wsnrobzx5mT,2024-05-13T05:55:19Z
913,473,K5mc7p3k7ZQkekeRg,12,12,AvLem6Wsnrobzx5mT,2024-05-13T05:55:20Z
914,474,mF9qszSMjj7bQh8HL,2,2,AvLem6Wsnrobzx5mT,2024-05-13T05:55:20Z
915,475,gL8msKqE5w3wjSLdC,11,11,3HCJ58w4gmzonQ8Hv,2024-05-13T05:55:21Z
916,476,9iWxa7fEMDzztq9Xv,17,17,3HCJ58w4gmzonQ8Hv,2024-05-13T05:55:21Z
917,477,4FeQcgPCfhv54Dp7G,2,2,3HCJ58w4gmzonQ8Hv,2024-05-13T05:55:21Z
918,478,m6RkBWMjLKE4kceyr,23,23,3HCJ58w4gmzonQ8Hv,2024-05-13T05:55:21Z
919,479,ToYLz5MjyGP6PabGv,8,8,3HCJ58w4gmzonQ8Hv,2024-05-13T05:55:21Z
920,480,fs4RFvxDmTiybFa2o,30,30,3HCJ58w4gmzonQ8Hv,2024-05-13T05:55:22Z
921,481,xLTwvrJgHR6gftQeH,13,13,3HCJ58w4gmzonQ8Hv,2024-05-13T05:55:22Z
922,482,mzoGt6hi75Bk8ZwEF,21,21,3HCJ58w4gmzonQ8Hv,2024-05-13T05:55:22Z
923,483,Bdi2YcZpJ5LxLy525,4,4,3HCJ58w4gmzonQ8Hv,2024-05-13T05:55:23Z
924,484,RxhyH5pPakEYKHdXB,26,26,3HCJ58w4gmzonQ8Hv,2024-05-13T05:55:23Z
925,485,yjsgExBJP8LjiSjmj,10,10,3HCJ58w4gmzonQ8Hv,2024-05-13T05:55:23Z
926,486,CGqDN2784T9mQdNXS,14,14,3HCJ58w4gmzonQ8Hv,2024-05-13T05:55:24Z
927,487,6RvccaqyxZErPkimm,5,5,3HCJ58w4gmzonQ8Hv,2024-05-13T05:55:24Z
928,488,RzmMaSp2bGqWRmNdN,27,27,3HCJ58w4gmzonQ8Hv,2024-05-13T05:55:24Z
929,489,qzDMpt68sycpCGLPi,6,6,3HCJ58w4gmzonQ8Hv,2024-05-13T05:55:24Z
930,490,ybSKby3WB4y2qsCR9,28,28,3HCJ58w4gmzonQ8Hv,2024-05-13T05:55:24Z
931,491,tZN7g2rGFk5hMPgEk,15,15,3HCJ58w4gmzonQ8Hv,2024-05-13T05:55:24Z
932,492,S4hJvtGqBPPgKoAHD,22,22,3HCJ58w4gmzonQ8Hv,2024-05-13T05:55:25Z
933,493,NvoGm4GJHC4nH25FK,16,16,3HCJ58w4gmzonQ8Hv,2024-05-13T05:55:25Z
934,494,gwZwAkxCebrjW5vvJ,3,3,3HCJ58w4gmzonQ8Hv,2024-05-13T05:55:25Z
935,495,xvoAssbs5EdrKdicq,25,25,3HCJ58w4gmzonQ8Hv,2024-05-13T05:55:25Z
936,496,W2bNYnBkR7aikaFAr,12,12,3HCJ58w4gmzonQ8Hv,2024-05-13T05:55:26Z
937,497,DLxXa6pNueiyrrXBy,19,19,3HCJ58w4gmzonQ8Hv,2024-05-13T05:55:26Z
938,498,H6KJmgKcm8HY2GQA5,7,7,3HCJ58w4gmzonQ8Hv,2024-05-13T05:55:26Z
939,499,36YQyPfp9n86jqZ7m,24,24,3HCJ58w4gmzonQ8Hv,2024-05-13T05:55:26Z
940,500,k6qXJP3YSbkPqTuJk,1,1,3HCJ58w4gmzonQ8Hv,2024-05-13T05:55:26Z
941,501,CXTz2DnyQmnEYrFHM,18,18,3HCJ58w4gmzonQ8Hv,2024-05-13T05:55:27Z
942,502,XsXytxstWMh9zNwGf,20,20,3HCJ58w4gmzonQ8Hv,2024-05-13T05:55:27Z
943,503,Wzdhfheg5FtmZLmwT,29,29,3HCJ58w4gmzonQ8Hv,2024-05-13T05:55:27Z
944,504,kRKNfc9Roihxt4KXs,9,9,3HCJ58w4gmzonQ8Hv,2024-05-13T05:55:27Z
945,505,XZPFRPGauAtdBbj9Z,20,20,Q4CpiNGcyDJcGosLw,2024-05-13T05:55:28Z
946,506,PAbrjXhwHFeKZu9BX,1.5,1.5,tEKdjpZue8XbkYzQb,2024-05-13T05:55:28Z
947,507,EEc3J2Ym2HN76pyyZ,6.0,6,tEKdjpZue8XbkYzQb,2024-05-13T05:55:28Z
948,508,mPvPce9ZzZokdTMg6,2.0,2,tEKdjpZue8XbkYzQb,2024-05-13T05:55:28Z
949,509,u6Z7qu8MrDvmGDegT,6.3,6.3,tEKdjpZue8XbkYzQb,2024-05-13T05:55:28Z
950,510,D4iR2JbvyRYtQKJQp,4.7,4.7,tEKdjpZue8XbkYzQb,2024-05-13T05:55:29Z
951,511,repicBmWJDwqX7qXx,3.4,3.4,tEKdjpZue8XbkYzQb,2024-05-13T05:55:29Z
952,512,dC8ZnB8LmMF9ushfr,6.4,6.4,tEKdjpZue8XbkYzQb,2024-05-13T05:55:29Z
953,513,yX496dPB46YvWxJjd,1.8,1.8,tEKdjpZue8XbkYzQb,2024-05-13T05:55:29Z
954,514,a4sNRmNncrswKozPd,6.5,6.5,tEKdjpZue8XbkYzQb,2024-05-13T05:55:29Z
955,515,StM7fPbHwxX2YmaXN,5.0,5,tEKdjpZue8XbkYzQb,2024-05-13T05:55:29Z
956,516,MyWfhqRQdkL87XgRN,3.8,3.8,tEKdjpZue8XbkYzQb,2024-05-13T05:55:30Z
957,517,MAE9dSLD5jPwgTFnC,4.6,4.6,tEKdjpZue8XbkYzQb,2024-05-13T05:55:30Z
958,518,CAuq6xzfGw47qvMCP,5.4,5.4,tEKdjpZue8XbkYzQb,2024-05-13T05:55:30Z
959,519,Nf7NCmrEZBEXJqSfh,9.0,9,tEKdjpZue8XbkYzQb,2024-05-13T05:55:30Z
960,520,JXkCji2vRkP9y8DaB,1.0,1,tEKdjpZue8XbkYzQb,2024-05-13T05:55:31Z
961,521,kKkuYwqfo5y58fdiS,2.2,2.2,tEKdjpZue8XbkYzQb,2024-05-13T05:55:31Z
962,522,GmsmMb2tRRnLikx4A,4.2,4.2,tEKdjpZue8XbkYzQb,2024-05-13T05:55:31Z
963,523,AAXLAwWiRfiaBZ3hY,9.3,9.3,tEKdjpZue8XbkYzQb,2024-05-13T05:55:32Z
964,524,wQ64YwJ7dkm3SWnmq,1.3,1.3,tEKdjpZue8XbkYzQb,2024-05-13T05:55:32Z
965,525,Mnn5HtfcGE7G5BoSi,12.5,12.5,tEKdjpZue8XbkYzQb,2024-05-13T05:55:32Z
966,526,qidhQEwEQfTKscP3K,4.3,4.3,tEKdjpZue8XbkYzQb,2024-05-13T05:55:32Z
967,527,w4A4cjyCwNEh2coLX,2.7,2.7,tEKdjpZue8XbkYzQb,2024-05-13T05:55:32Z
968,528,eWNoso9T6fp8YQijG,8.2,8.2,tEKdjpZue8XbkYzQb,2024-05-13T05:55:34Z
969,529,AQBeYEgYZzEATRBB7,3.3,3.3,tEKdjpZue8XbkYzQb,2024-05-13T05:55:34Z
970,530,wjuys28yJ5AWEfEpn,8.3,8.3,tEKdjpZue8XbkYzQb,2024-05-13T05:55:35Z
971,531,9aT63Z2AKzS4AQ7Qe,2.5,2.5,tEKdjpZue8XbkYzQb,2024-05-13T05:55:35Z
972,532,8h82abfBLtAz4Revw,1.2,1.2,tEKdjpZue8XbkYzQb,2024-05-13T05:55:35Z
973,533,M7odyr8ShxufDuk3A,10.3,10.3,tEKdjpZue8XbkYzQb,2024-05-13T05:55:36Z
974,534,fccKZyMz7fG36GqwL,2.1,2.1,tEKdjpZue8XbkYzQb,2024-05-13T05:55:36Z
975,535,mex83wbsf9Tv32Dsg,10.0,10,tEKdjpZue8XbkYzQb,2024-05-13T05:55:36Z
976,536,EaFz8qLHhLT2eKnSc,3.9,3.9,tEKdjpZue8XbkYzQb,2024-05-13T05:55:36Z
977,537,texkWsnS9mjnWwsGi,2.6,2.6,tEKdjpZue8XbkYzQb,2024-05-13T05:55:37Z
978,538,H6eXTvRbHHaRdrK53,3.7,3.7,tEKdjpZue8XbkYzQb,2024-05-13T05:55:37Z
979,539,TqeYLPpi8TGhTMckH,1.9,1.9,tEKdjpZue8XbkYzQb,2024-05-13T05:55:40Z
980,540,gXxhzkGBEgDQKBNes,10.2,10.2,tEKdjpZue8XbkYzQb,2024-05-13T05:55:40Z
981,541,qgPehoFTuYi7STBGQ,3.2,3.2,tEKdjpZue8XbkYzQb,2024-05-13T05:55:40Z
982,542,Y2Ynr9m723s3WRxoF,7.2,7.2,tEKdjpZue8XbkYzQb,2024-05-13T05:55:40Z
983,543,nk2Hvv2sXa9g3jDjA,1.6,1.6,tEKdjpZue8XbkYzQb,2024-05-13T05:55:40Z
984,544,4hz2RLoXx3bH7mvRA,7.0,7,tEKdjpZue8XbkYzQb,2024-05-13T05:55:40Z
985,545,6eRBCdRPWmWg2R5fs,5.2,5.2,tEKdjpZue8XbkYzQb,2024-05-13T05:55:40Z
986,546,mvGPyw4pY3hCXiksx,5.1,5.1,tEKdjpZue8XbkYzQb,2024-05-13T05:55:40Z
987,547,vAy9feX3WTQKXxJ3M,4.4,4.4,tEKdjpZue8XbkYzQb,2024-05-13T05:55:40Z
988,548,uKZiypxyCRoeMXbTr,8.9,8.9,tEKdjpZue8XbkYzQb,2024-05-13T05:55:40Z
989,549,eay5SC5KNBQXtr8pf,5.6,5.6,tEKdjpZue8XbkYzQb,2024-05-13T05:55:41Z
990,550,kqEaavDoiabBF3fSc,1.1,1.1,tEKdjpZue8XbkYzQb,2024-05-13T05:55:41Z
991,551,kzf3TSZW4aTHR3yi3,7.3,7.3,tEKdjpZue8XbkYzQb,2024-05-13T05:55:41Z
992,552,ku4Exmf8mrnZRBD69,2.3,2.3,tEKdjpZue8XbkYzQb,2024-05-13T05:55:41Z
993,553,odLdG2GePTtJtkrya,9.1,9.1,tEKdjpZue8XbkYzQb,2024-05-13T05:55:41Z
994,554,av4LHzFmd37zqxdgX,2.4,2.4,tEKdjpZue8XbkYzQb,2024-05-13T05:55:41Z
995,555,huZ7wEDsMpzgffjy6,3.1,3.1,tEKdjpZue8XbkYzQb,2024-05-13T05:55:41Z
996,556,BzBRBjKMihzntvLdL,11.2,11.2,tEKdjpZue8XbkYzQb,2024-05-13T05:55:41Z
997,557,6yCNYt4LhedcEke2r,1.7,1.7,tEKdjpZue8XbkYzQb,2024-05-13T05:55:41Z
998,558,hnPYsnYAAjgadKEyr,10.7,10.7,tEKdjpZue8XbkYzQb,2024-05-13T05:55:41Z
999,559,6mgqMwmn9BEMA9scm,5.3,5.3,tEKdjpZue8XbkYzQb,2024-05-13T05:55:41Z
1000,560,p2XgeTzuePLpzvmrh,8.5,8.5,tEKdjpZue8XbkYzQb,2024-05-13T05:55:41Z
1001,561,GDaN3cMRiiNm4QnDH,4.9,4.9,tEKdjpZue8XbkYzQb,2024-05-13T05:55:41Z
1002,562,JJwWPaTS9wZsNFuDY,6.1,6.1,tEKdjpZue8XbkYzQb,2024-05-13T05:55:41Z
1003,563,dh3CGKWr856T72knt,8.1,8.1,tEKdjpZue8XbkYzQb,2024-05-13T05:55:41Z
1004,564,RyvbQoFpz6uNdL8tr,5.5,5.5,tEKdjpZue8XbkYzQb,2024-05-13T05:55:41Z
1005,565,9hCSkc64agtidYJ2n,6.2,6.2,tEKdjpZue8XbkYzQb,2024-05-13T05:55:41Z
1006,566,X2GXzHN3cCynwGi5Y,3.5,3.5,tEKdjpZue8XbkYzQb,2024-05-13T05:55:41Z
1007,567,e3kAFvnEuZu7qJGjF,6.6,6.6,tEKdjpZue8XbkYzQb,2024-05-13T05:55:42Z
1008,568,gi54g8zakiqBpCuEo,7.4,7.4,tEKdjpZue8XbkYzQb,2024-05-13T05:55:42Z
1009,569,gTd6LvgqGsuDXCfuL,5.8,5.8,tEKdjpZue8XbkYzQb,2024-05-13T05:55:42Z
1010,570,errguwP5Ztwpi2BNh,5.9,5.9,tEKdjpZue8XbkYzQb,2024-05-13T05:55:42Z
1011,571,vu2qvscD9RgWMf9wv,8.7,8.7,tEKdjpZue8XbkYzQb,2024-05-13T05:55:42Z
1012,572,9M3dXWiL2eu78aJR4,2.8,2.8,tEKdjpZue8XbkYzQb,2024-05-13T05:55:42Z
1013,573,KmMw3Cpdf4pAjCmBq,8.8,8.8,tEKdjpZue8XbkYzQb,2024-05-13T05:55:42Z
1014,574,ofmfGNtyJE4xAvJMp,11.3,11.3,tEKdjpZue8XbkYzQb,2024-05-13T05:55:42Z
1015,575,yadcquvK5qRX3puF8,9.2,9.2,tEKdjpZue8XbkYzQb,2024-05-13T05:55:42Z
1016,576,NZiDZjpNgFpXgfKKd,4.0,4,tEKdjpZue8XbkYzQb,2024-05-13T05:55:42Z
1017,577,gPoLPiseXwFb8HWpc,7.8,7.8,tEKdjpZue8XbkYzQb,2024-05-13T05:55:42Z
1018,578,t3uDK59oY2c67xSGs,6.9,6.9,tEKdjpZue8XbkYzQb,2024-05-13T05:55:42Z
1019,579,gs2ua3pEwQ66mKzJ3,7.5,7.5,tEKdjpZue8XbkYzQb,2024-05-13T05:55:42Z
1020,580,WNmWGEupL6QjwiFb3,4.8,4.8,tEKdjpZue8XbkYzQb,2024-05-13T05:55:42Z
1021,581,ybfBgcEExzTPtM6Bg,11.7,11.7,tEKdjpZue8XbkYzQb,2024-05-13T05:55:42Z
1022,582,rHq65g8ZCRrNJxTiK,2.9,2.9,tEKdjpZue8XbkYzQb,2024-05-13T05:55:42Z
1023,583,gJRedPFPwgzd9hxzh,1.4,1.4,tEKdjpZue8XbkYzQb,2024-05-13T05:55:42Z
1024,584,4Nv3yjA7hEtCKzsaQ,9.6,9.6,tEKdjpZue8XbkYzQb,2024-05-13T05:55:42Z
1025,585,Grxiq7YEjx8yPNuts,12.1,12.1,tEKdjpZue8XbkYzQb,2024-05-13T05:55:43Z
1026,586,nC4qsgTFo5B9PfBqR,7.9,7.9,tEKdjpZue8XbkYzQb,2024-05-13T05:55:43Z
1027,587,7M6pzMDGwHfiajWh9,4.1,4.1,tEKdjpZue8XbkYzQb,2024-05-13T05:55:43Z
1028,588,YR6ENR5xWqkMMhuRr,3.0,3,tEKdjpZue8XbkYzQb,2024-05-13T05:55:43Z
1029,589,TDwLFzY5YqQd2C5Mb,13.7,13.7,tEKdjpZue8XbkYzQb,2024-05-13T05:55:43Z
1030,590,GM76xxaDFb7vfkC7R,3.6,3.6,tEKdjpZue8XbkYzQb,2024-05-13T05:55:43Z
1031,591,3EZMDs43dcadEfKHJ,6.8,6.8,tEKdjpZue8XbkYzQb,2024-05-13T05:55:43Z
1032,592,H5YkhdMfsS32wNRsy,10.6,10.6,tEKdjpZue8XbkYzQb,2024-05-13T05:55:43Z
1033,593,biTP8yh8xo4ofRKki,11.1,11.1,tEKdjpZue8XbkYzQb,2024-05-13T05:55:43Z
1034,594,By5GmWeEvBswisLeu,0,0,GHfMB6rnec6bRbcg5,2024-05-13T05:55:43Z
1035,595,AvEQrn8TuAfcZ2nAa,1,1,GHfMB6rnec6bRbcg5,2024-05-13T05:55:43Z
1036,596,XisFJ9opqmAsBxve2,3,3,GZ8aazA6BNZTCavGv,2024-05-13T05:55:43Z
1037,597,ujf8hgK5vs3NFg9PL,2,2,GZ8aazA6BNZTCavGv,2024-05-13T05:55:43Z
1038,598,nNN9L7cwvWoS8t9d4,1,1,GZ8aazA6BNZTCavGv,2024-05-13T05:55:43Z
1039,599,eDeiGssDkxHJD3Qg5,4,4,GZ8aazA6BNZTCavGv,2024-05-13T05:55:43Z
1040,600,gFbocmdB7s8nmFpxY,9.0,9,6ajytPzuhkXsxBxQH,2024-05-13T05:55:43Z
1041,601,YLevqNyf2Z8axYPuT,2.0,2,6ajytPzuhkXsxBxQH,2024-05-13T05:55:44Z
1042,602,ZypqvG6yXyDZdXqaN,15.0,15,6ajytPzuhkXsxBxQH,2024-05-13T05:55:44Z
1043,603,6f97iJZi6FaRqkTcv,11.0,11,6ajytPzuhkXsxBxQH,2024-05-13T05:55:44Z
1044,604,ikbKGHqdpbCeZKTBE,3.0,3,6ajytPzuhkXsxBxQH,2024-05-13T05:55:44Z
1045,605,ju2yFE8WgcK3DLcTD,5.0,5,6ajytPzuhkXsxBxQH,2024-05-13T05:55:44Z
1046,606,ZLAqWfw4GLJDnJsWu,8.0,8,6ajytPzuhkXsxBxQH,2024-05-13T05:55:44Z
1047,607,wKi8dRKMiJFMuiTot,6.0,6,6ajytPzuhkXsxBxQH,2024-05-13T05:55:44Z
1048,608,9tdSTzasRMptKppC2,7.0,7,6ajytPzuhkXsxBxQH,2024-05-13T05:55:44Z
1049,609,jmKmXCHgq6dyePe5L,4.0,4,6ajytPzuhkXsxBxQH,2024-05-13T05:55:44Z
1050,610,BsWq8eY6LcbdKmLwh,10.0,10,6ajytPzuhkXsxBxQH,2024-05-13T05:55:44Z
1051,611,apvSNcjjX5gyAQCHA,1.0,1,6ajytPzuhkXsxBxQH,2024-05-13T05:55:44Z
1052,612,oE2LXP62DyGy3vG9X,12.0,12,6ajytPzuhkXsxBxQH,2024-05-13T05:55:44Z
1053,613,kMjD2PdRtqaYfSPEE,14.0,14,6ajytPzuhkXsxBxQH,2024-05-13T05:55:44Z
1054,614,dKSnx3svKPcmuF9ho,16.0,16,6ajytPzuhkXsxBxQH,2024-05-13T05:55:44Z
1055,615,9uQGGStLstnmjuFF4,13.0,13,6ajytPzuhkXsxBxQH,2024-05-13T05:55:44Z
1056,616,qE3naRNiifcWRLdvd,3,3,s2PshR5EpqTmgP3AM,2024-05-13T05:55:44Z
1057,617,yDANp3XSeZnuTguAN,2,2,s2PshR5EpqTmgP3AM,2024-05-13T05:55:44Z
1058,618,wpswrATWbYXsEZFEX,1,1,s2PshR5EpqTmgP3AM,2024-05-13T05:55:44Z
1059,619,A7aDdZSwabrcCkPky,4,4,s2PshR5EpqTmgP3AM,2024-05-13T05:55:45Z
1060,620,9eoTjJEK8pQFEFqPo,4.0,4,JGWebFJC6Ha5JXvv4,2024-05-13T05:55:45Z
1061,621,Q3b4WART9Wq5boZB9,2.0,2,JGWebFJC6Ha5JXvv4,2024-05-13T05:55:45Z
1062,622,QExvKj6f2nFprf5fN,1.0,1,JGWebFJC6Ha5JXvv4,2024-05-13T05:55:45Z
1063,623,QmZyALw37B4tembBz,3.0,3,JGWebFJC6Ha5JXvv4,2024-05-13T05:55:45Z
1064,624,aranQzTnLShm7tX9C,5.0,5,JGWebFJC6Ha5JXvv4,2024-05-13T05:55:45Z
1065,625,HEthudZ76hQv4meJi,6.0,6,JGWebFJC6Ha5JXvv4,2024-05-13T05:55:45Z
1066,626,kHyMYojMS6ua43Gti,45,45,nvwTXvCbqKpoqtwyM,2024-05-13T05:55:45Z
1067,627,sC7xoqmzp9kXf82GD,45,45,XJQkHcz5i2otEh5iY,2024-05-13T05:55:45Z
1068,628,NCtZsfzPCBBQJFjRj,45,45,pnqRp2Hx2sQr2SADa,2024-05-13T05:55:45Z
1069,629,v8FH3Svr5DjC3Fg6K,1.1,1.1,f8TPaJf7NMat3M9Fh,2024-05-13T05:55:45Z
1070,630,9oYwsjPEwHZsYGKsC,1.7,1.7,f8TPaJf7NMat3M9Fh,2024-05-13T05:55:45Z
1071,631,p4oBnnt77T4CiWG8R,0.2,0.2,f8TPaJf7NMat3M9Fh,2024-05-13T05:55:45Z
1072,632,R6PenHDi6jMwWTYPf,2.3,2.3,f8TPaJf7NMat3M9Fh,2024-05-13T05:55:45Z
1073,633,AHCNoSbxTgDHu8LAc,0.8,0.8,f8TPaJf7NMat3M9Fh,2024-05-13T05:55:45Z
1074,634,5xTRiK79kFFLb8gjC,3.0,3,f8TPaJf7NMat3M9Fh,2024-05-13T05:55:45Z
1075,635,vvYJc5Avz3y7ohnfH,1.3,1.3,f8TPaJf7NMat3M9Fh,2024-05-13T05:55:46Z
1076,636,HQZwGQXGTKbpnYC7w,2.1,2.1,f8TPaJf7NMat3M9Fh,2024-05-13T05:55:46Z
1077,637,B9fxJm75dJ9ZxSfpr,0.4,0.4,f8TPaJf7NMat3M9Fh,2024-05-13T05:55:46Z
1078,638,fEk3yTqeFcpZsdHin,2.6,2.6,f8TPaJf7NMat3M9Fh,2024-05-13T05:55:46Z
1079,639,GkcdqicwxwuW639Pm,1.0,1,f8TPaJf7NMat3M9Fh,2024-05-13T05:55:46Z
1080,640,2WYLvSJWcBvBSHfBp,1.4,1.4,f8TPaJf7NMat3M9Fh,2024-05-13T05:55:46Z
1081,641,ipeonTKNzcJhWCpjJ,0.5,0.5,f8TPaJf7NMat3M9Fh,2024-05-13T05:55:46Z
1082,642,Lt8PSdTCZX2BacQ9N,2.7,2.7,f8TPaJf7NMat3M9Fh,2024-05-13T05:55:46Z
1083,643,y9SCeeRHRfXGNxqXA,0.6,0.6,f8TPaJf7NMat3M9Fh,2024-05-13T05:55:46Z
1084,644,gZECbniAhFQv85Duo,2.8,2.8,f8TPaJf7NMat3M9Fh,2024-05-13T05:55:46Z
1085,645,R2CGTTAxdwpcGr8WW,1.5,1.5,f8TPaJf7NMat3M9Fh,2024-05-13T05:55:46Z
1086,646,4SS9BKyH75pPLNnLm,2.2,2.2,f8TPaJf7NMat3M9Fh,2024-05-13T05:55:46Z
1087,647,kKd3NYZxCmxDiRpDx,1.6,1.6,f8TPaJf7NMat3M9Fh,2024-05-13T05:55:46Z
1088,648,Rqp5nRDuPmXbikRcc,0.3,0.3,f8TPaJf7NMat3M9Fh,2024-05-13T05:55:46Z
1089,649,z7aF8YXRXZ7NabkA6,2.5,2.5,f8TPaJf7NMat3M9Fh,2024-05-13T05:55:46Z
1090,650,FDvqD3orgxNHABtHW,1.2,1.2,f8TPaJf7NMat3M9Fh,2024-05-13T05:55:46Z
1091,651,rP83P5b4nTN2uvftJ,1.9,1.9,f8TPaJf7NMat3M9Fh,2024-05-13T05:55:46Z
1092,652,8MovLJrsaAMLyYTyj,0.7,0.7,f8TPaJf7NMat3M9Fh,2024-05-13T05:55:46Z
1093,653,tfrMvyZajs6cWnneW,2.4,2.4,f8TPaJf7NMat3M9Fh,2024-05-13T05:55:46Z
1094,654,Zudmpz9yaxD8gx9F8,0.1,0.1,f8TPaJf7NMat3M9Fh,2024-05-13T05:55:47Z
1095,655,wTjdsYWwqyyWEt62c,1.8,1.8,f8TPaJf7NMat3M9Fh,2024-05-13T05:55:47Z
1096,656,ty45km6eRfgYFDqxG,2.0,2,f8TPaJf7NMat3M9Fh,2024-05-13T05:55:47Z
1097,657,RTurEsxj2kCz6uWEW,2.9,2.9,f8TPaJf7NMat3M9Fh,2024-05-13T05:55:47Z
1098,658,FtgfjCY6XYi4nh8J2,0.9,0.9,f8TPaJf7NMat3M9Fh,2024-05-13T05:55:47Z
1099,659,sMPJAoPf2ESG2KMDh,300,300,RWjFfH3kiu7X2yg4d,2024-05-13T05:55:47Z
