custom_id,record_id,unit_id,treatment_name,chip_family,chip_family_display,cohort_name,stage_name,stage_code,experiment_name,data_source,round_number,round_mean_trade_ratio,round_acceptance_rate,round_mean_proposer_net_surplus,round_end_total_surplus,round_end_surplus_ratio
chip_bargain__chip3_cohort_02_m8aiq8_game_1,chip3__cohort_02_m8aiq8__game_1,chip3__cohort_02_m8aiq8__game_1,CHIP3__GAME_1,chip3,3-Chip Bargaining,Cohort 02-m8aiq8,First negotiation game-negotiation1,GAME_1,🔵 3p2,generated,0,1.1666666666666667,0.3333333333333333,0.36666666666666664,0.20000000000000284,0.04000000000000057
chip_bargain__chip3_cohort_02_m8aiq8_game_1,chip3__cohort_02_m8aiq8__game_1,chip3__cohort_02_m8aiq8__game_1,CHIP3__GAME_1,chip3,3-Chip Bargaining,Cohort 02-m8aiq8,First negotiation game-negotiation1,GAME_1,🔵 3p2,generated,1,1.3333333333333333,0.3333333333333333,0.10000000000000002,0.7999999999999972,0.15999999999999942
chip_bargain__chip3_cohort_02_m8aiq8_game_1,chip3__cohort_02_m8aiq8__game_1,chip3__cohort_02_m8aiq8__game_1,CHIP3__GAME_1,chip3,3-Chip Bargaining,Cohort 02-m8aiq8,First negotiation game-negotiation1,GAME_1,🔵 3p2,generated,2,1.6666666666666667,0.6666666666666666,0.2333333333333333,1.3999999999999986,0.2799999999999997
chip_bargain__chip3_cohort_03_m8aiq8_game_1,chip3__cohort_03_m8aiq8__game_1,chip3__cohort_03_m8aiq8__game_1,CHIP3__GAME_1,chip3,3-Chip Bargaining,Cohort 03-m8aiq8,First negotiation game-negotiation1,GAME_1,🔵 3p2,generated,0,1.3333333333333333,0.6666666666666666,0.16666666666666666,2.5999999999999943,0.26896551724137857
chip_bargain__chip3_cohort_03_m8aiq8_game_1,chip3__cohort_03_m8aiq8__game_1,chip3__cohort_03_m8aiq8__game_1,CHIP3__GAME_1,chip3,3-Chip Bargaining,Cohort 03-m8aiq8,First negotiation game-negotiation1,GAME_1,🔵 3p2,generated,1,1.0,1.0,0.5333333333333333,5.0,0.5172413793103445
chip_bargain__chip3_cohort_03_m8aiq8_game_1,chip3__cohort_03_m8aiq8__game_1,chip3__cohort_03_m8aiq8__game_1,CHIP3__GAME_1,chip3,3-Chip Bargaining,Cohort 03-m8aiq8,First negotiation game-negotiation1,GAME_1,🔵 3p2,generated,2,1.0,0.3333333333333333,0.06666666666666665,5.200000000000003,0.5379310344827587
chip_bargain__chip3_cohort_04_m8aiq8_game_1,chip3__cohort_04_m8aiq8__game_1,chip3__cohort_04_m8aiq8__game_1,CHIP3__GAME_1,chip3,3-Chip Bargaining,Cohort 04-m8aiq8,First negotiation game-negotiation1,GAME_1,🔵 3p2,generated,0,0.9444444444444443,0.6666666666666666,0.2333333333333333,0.5,0.02
chip_bargain__chip3_cohort_04_m8aiq8_game_1,chip3__cohort_04_m8aiq8__game_1,chip3__cohort_04_m8aiq8__game_1,CHIP3__GAME_1,chip3,3-Chip Bargaining,Cohort 04-m8aiq8,First negotiation game-negotiation1,GAME_1,🔵 3p2,generated,1,0.8333333333333334,1.0,0.06666666666666665,1.6999999999999957,0.06799999999999982
chip_bargain__chip3_cohort_04_m8aiq8_game_1,chip3__cohort_04_m8aiq8__game_1,chip3__cohort_04_m8aiq8__game_1,CHIP3__GAME_1,chip3,3-Chip Bargaining,Cohort 04-m8aiq8,First negotiation game-negotiation1,GAME_1,🔵 3p2,generated,2,0.8333333333333334,0.6666666666666666,0.13333333333333333,1.3000000000000043,0.05200000000000017
chip_bargain__chip3_cohort_05_m8aiq8_game_1,chip3__cohort_05_m8aiq8__game_1,chip3__cohort_05_m8aiq8__game_1,CHIP3__GAME_1,chip3,3-Chip Bargaining,Cohort 05-m8aiq8,First negotiation game-negotiation1,GAME_1,🔵 3p2,generated,0,1.2777777777777777,0.6666666666666666,0.6333333333333333,5.299999999999997,0.2789473684210525
chip_bargain__chip3_cohort_05_m8aiq8_game_1,chip3__cohort_05_m8aiq8__game_1,chip3__cohort_05_m8aiq8__game_1,CHIP3__GAME_1,chip3,3-Chip Bargaining,Cohort 05-m8aiq8,First negotiation game-negotiation1,GAME_1,🔵 3p2,generated,1,1.388888888888889,0.3333333333333333,0.09999999999999991,7.700000000000003,0.405263157894737
chip_bargain__chip3_cohort_05_m8aiq8_game_1,chip3__cohort_05_m8aiq8__game_1,chip3__cohort_05_m8aiq8__game_1,CHIP3__GAME_1,chip3,3-Chip Bargaining,Cohort 05-m8aiq8,First negotiation game-negotiation1,GAME_1,🔵 3p2,generated,2,1.0,0.3333333333333333,0.3666666666666667,9.599999999999994,0.5052631578947365
chip_bargain__chip3_cohort_06_m8ak4g_game_1,chip3__cohort_06_m8ak4g__game_1,chip3__cohort_06_m8ak4g__game_1,CHIP3__GAME_1,chip3,3-Chip Bargaining,Cohort 06-m8ak4g,First negotiation game-negotiation1,GAME_1,🔵 3p2,generated,0,0.8333333333333334,0.6666666666666666,0.6666666666666666,1.2000000000000028,0.12000000000000029
chip_bargain__chip3_cohort_06_m8ak4g_game_1,chip3__cohort_06_m8ak4g__game_1,chip3__cohort_06_m8ak4g__game_1,CHIP3__GAME_1,chip3,3-Chip Bargaining,Cohort 06-m8ak4g,First negotiation game-negotiation1,GAME_1,🔵 3p2,generated,1,1.222222222222222,0.3333333333333333,0.8000000000000002,3.200000000000003,0.3200000000000003
chip_bargain__chip3_cohort_06_m8ak4g_game_1,chip3__cohort_06_m8ak4g__game_1,chip3__cohort_06_m8ak4g__game_1,CHIP3__GAME_1,chip3,3-Chip Bargaining,Cohort 06-m8ak4g,First negotiation game-negotiation1,GAME_1,🔵 3p2,generated,2,1.1666666666666667,0.6666666666666666,0.19999999999999998,3.6000000000000014,0.36000000000000015
chip_bargain__chip3_cohort_07_m8ak4j_game_1,chip3__cohort_07_m8ak4j__game_1,chip3__cohort_07_m8ak4j__game_1,CHIP3__GAME_1,chip3,3-Chip Bargaining,Cohort 07-m8ak4j,First negotiation game-negotiation1,GAME_1,🔵 3p2,generated,0,1.8333333333333333,0.6666666666666666,-0.16666666666666666,1.7999999999999972,0.14594594594594576
chip_bargain__chip3_cohort_07_m8ak4j_game_1,chip3__cohort_07_m8ak4j__game_1,chip3__cohort_07_m8ak4j__game_1,CHIP3__GAME_1,chip3,3-Chip Bargaining,Cohort 07-m8ak4j,First negotiation game-negotiation1,GAME_1,🔵 3p2,generated,1,1.1666666666666667,0.6666666666666666,0.3333333333333333,3.200000000000003,0.2594594594594598
chip_bargain__chip3_cohort_07_m8ak4j_game_1,chip3__cohort_07_m8ak4j__game_1,chip3__cohort_07_m8ak4j__game_1,CHIP3__GAME_1,chip3,3-Chip Bargaining,Cohort 07-m8ak4j,First negotiation game-negotiation1,GAME_1,🔵 3p2,generated,2,1.1666666666666667,0.6666666666666666,0.3333333333333333,4.5,0.364864864864865
chip_bargain__chip3_g11_m5wp7b_game_1,chip3__g11_m5wp7b__game_1,chip3__g11_m5wp7b__game_1,CHIP3__GAME_1,chip3,3-Chip Bargaining,g11-m5wp7b,First negotiation game-negotiation1,GAME_1,🔵 3p1 (N= 54),generated,0,1.1666666666666667,0.3333333333333333,0.8666666666666667,2.9000000000000057,0.1718518518518522
chip_bargain__chip3_g11_m5wp7b_game_1,chip3__g11_m5wp7b__game_1,chip3__g11_m5wp7b__game_1,CHIP3__GAME_1,chip3,3-Chip Bargaining,g11-m5wp7b,First negotiation game-negotiation1,GAME_1,🔵 3p1 (N= 54),generated,1,1.1666666666666667,0.6666666666666666,0.3333333333333333,4.400000000000006,0.26074074074074105
chip_bargain__chip3_g11_m5wp7b_game_1,chip3__g11_m5wp7b__game_1,chip3__g11_m5wp7b__game_1,CHIP3__GAME_1,chip3,3-Chip Bargaining,g11-m5wp7b,First negotiation game-negotiation1,GAME_1,🔵 3p1 (N= 54),generated,2,1.1666666666666667,0.3333333333333333,0.5666666666666668,4.900000000000006,0.2903703703703707
chip_bargain__chip3_g12_m5wp8p_game_1,chip3__g12_m5wp8p__game_1,chip3__g12_m5wp8p__game_1,CHIP3__GAME_1,chip3,3-Chip Bargaining,g12-m5wp8p,First negotiation game-negotiation1,GAME_1,🔵 3p1 (N= 54),generated,0,1.0555555555555556,0.3333333333333333,0.20000000000000004,0.6000000000000014,0.15000000000000036
chip_bargain__chip3_g12_m5wp8p_game_1,chip3__g12_m5wp8p__game_1,chip3__g12_m5wp8p__game_1,CHIP3__GAME_1,chip3,3-Chip Bargaining,g12-m5wp8p,First negotiation game-negotiation1,GAME_1,🔵 3p1 (N= 54),generated,1,1.0555555555555556,0.6666666666666666,0.4000000000000001,1.8000000000000043,0.45000000000000107
chip_bargain__chip3_g12_m5wp8p_game_1,chip3__g12_m5wp8p__game_1,chip3__g12_m5wp8p__game_1,CHIP3__GAME_1,chip3,3-Chip Bargaining,g12-m5wp8p,First negotiation game-negotiation1,GAME_1,🔵 3p1 (N= 54),generated,2,1.1666666666666667,0.3333333333333333,0.3333333333333334,2.4000000000000057,0.6000000000000014
chip_bargain__chip3_g13_m5wp8q_game_1,chip3__g13_m5wp8q__game_1,chip3__g13_m5wp8q__game_1,CHIP3__GAME_1,chip3,3-Chip Bargaining,g13-m5wp8q,First negotiation game-negotiation1,GAME_1,🔵 3p1 (N= 54),generated,0,0.8888888888888888,0.3333333333333333,0.5666666666666667,0.8999999999999986,0.07499999999999989
chip_bargain__chip3_g13_m5wp8q_game_1,chip3__g13_m5wp8q__game_1,chip3__g13_m5wp8q__game_1,CHIP3__GAME_1,chip3,3-Chip Bargaining,g13-m5wp8q,First negotiation game-negotiation1,GAME_1,🔵 3p1 (N= 54),generated,1,1.111111111111111,0.6666666666666666,0.2999999999999999,3.799999999999997,0.31666666666666643
chip_bargain__chip3_g13_m5wp8q_game_1,chip3__g13_m5wp8q__game_1,chip3__g13_m5wp8q__game_1,CHIP3__GAME_1,chip3,3-Chip Bargaining,g13-m5wp8q,First negotiation game-negotiation1,GAME_1,🔵 3p1 (N= 54),generated,2,1.0,0.3333333333333333,0.7666666666666666,4.200000000000003,0.35000000000000026
chip_bargain__chip3_g16_m5wp8t_game_1,chip3__g16_m5wp8t__game_1,chip3__g16_m5wp8t__game_1,CHIP3__GAME_1,chip3,3-Chip Bargaining,g16-m5wp8t,First negotiation game-negotiation1,GAME_1,🔵 3p1 (N= 54),generated,0,1.111111111111111,0.6666666666666666,1.0,6.5,0.24074074074074073
chip_bargain__chip3_g16_m5wp8t_game_1,chip3__g16_m5wp8t__game_1,chip3__g16_m5wp8t__game_1,CHIP3__GAME_1,chip3,3-Chip Bargaining,g16-m5wp8t,First negotiation game-negotiation1,GAME_1,🔵 3p1 (N= 54),generated,1,1.0,0.6666666666666666,1.1333333333333333,12.199999999999996,0.45185185185185167
chip_bargain__chip3_g16_m5wp8t_game_1,chip3__g16_m5wp8t__game_1,chip3__g16_m5wp8t__game_1,CHIP3__GAME_1,chip3,3-Chip Bargaining,g16-m5wp8t,First negotiation game-negotiation1,GAME_1,🔵 3p1 (N= 54),generated,2,1.3333333333333333,1.0,0.5,15.899999999999999,0.5888888888888888
chip_bargain__chip3_g17_m5wp8w_game_1,chip3__g17_m5wp8w__game_1,chip3__g17_m5wp8w__game_1,CHIP3__GAME_1,chip3,3-Chip Bargaining,g17-m5wp8w,First negotiation game-negotiation1,GAME_1,🔵 3p1 (N= 54),generated,0,0.9444444444444443,0.6666666666666666,0.5666666666666668,3.6000000000000085,0.18947368421052668
chip_bargain__chip3_g17_m5wp8w_game_1,chip3__g17_m5wp8w__game_1,chip3__g17_m5wp8w__game_1,CHIP3__GAME_1,chip3,3-Chip Bargaining,g17-m5wp8w,First negotiation game-negotiation1,GAME_1,🔵 3p1 (N= 54),generated,1,1.0,0.3333333333333333,0.7000000000000001,6.099999999999994,0.3210526315789469
chip_bargain__chip3_g17_m5wp8w_game_1,chip3__g17_m5wp8w__game_1,chip3__g17_m5wp8w__game_1,CHIP3__GAME_1,chip3,3-Chip Bargaining,g17-m5wp8w,First negotiation game-negotiation1,GAME_1,🔵 3p1 (N= 54),generated,2,0.6666666666666666,0.3333333333333333,0.8333333333333334,7.599999999999994,0.3999999999999996
chip_bargain__chip3_g18_m5wq8i_game_1,chip3__g18_m5wq8i__game_1,chip3__g18_m5wq8i__game_1,CHIP3__GAME_1,chip3,3-Chip Bargaining,g18-m5wq8i,First negotiation game-negotiation1,GAME_1,🔵 3p1 (N= 54),generated,0,0.7222222222222222,1.0,1.2666666666666666,5.600000000000001,0.5599999999999997
chip_bargain__chip3_g18_m5wq8i_game_1,chip3__g18_m5wq8i__game_1,chip3__g18_m5wq8i__game_1,CHIP3__GAME_1,chip3,3-Chip Bargaining,g18-m5wq8i,First negotiation game-negotiation1,GAME_1,🔵 3p1 (N= 54),generated,1,0.7222222222222222,0.3333333333333333,1.1333333333333335,7.200000000000003,0.7199999999999998
chip_bargain__chip3_g18_m5wq8i_game_1,chip3__g18_m5wq8i__game_1,chip3__g18_m5wq8i__game_1,CHIP3__GAME_1,chip3,3-Chip Bargaining,g18-m5wq8i,First negotiation game-negotiation1,GAME_1,🔵 3p1 (N= 54),generated,2,0.6666666666666666,0.3333333333333333,0.8333333333333334,8.000000000000007,0.8000000000000002
chip_bargain__chip3_g19_m5wq90_game_1,chip3__g19_m5wq90__game_1,chip3__g19_m5wq90__game_1,CHIP3__GAME_1,chip3,3-Chip Bargaining,g19-m5wq90,First negotiation game-negotiation1,GAME_1,🔵 3p1 (N= 54),generated,0,1.5,0.3333333333333333,0.13333333333333333,0.8000000000000043,0.0481927710843376
chip_bargain__chip3_g19_m5wq90_game_1,chip3__g19_m5wq90__game_1,chip3__g19_m5wq90__game_1,CHIP3__GAME_1,chip3,3-Chip Bargaining,g19-m5wq90,First negotiation game-negotiation1,GAME_1,🔵 3p1 (N= 54),generated,1,1.3333333333333333,0.3333333333333333,0.3333333333333333,2.4000000000000057,0.14457831325301237
chip_bargain__chip3_g19_m5wq90_game_1,chip3__g19_m5wq90__game_1,chip3__g19_m5wq90__game_1,CHIP3__GAME_1,chip3,3-Chip Bargaining,g19-m5wq90,First negotiation game-negotiation1,GAME_1,🔵 3p1 (N= 54),generated,2,1.3333333333333333,0.3333333333333333,0.0,2.700000000000003,0.16265060240963872
chip_bargain__chip3_g1_m5wp46_game_1,chip3__g1_m5wp46__game_1,chip3__g1_m5wp46__game_1,CHIP3__GAME_1,chip3,3-Chip Bargaining,g1-m5wp46,First negotiation game-negotiation1,GAME_1,🔵 3p1 (N= 54),generated,0,1.7222222222222223,0.6666666666666666,1.0666666666666667,6.0,0.35294117647058826
chip_bargain__chip3_g1_m5wp46_game_1,chip3__g1_m5wp46__game_1,chip3__g1_m5wp46__game_1,CHIP3__GAME_1,chip3,3-Chip Bargaining,g1-m5wp46,First negotiation game-negotiation1,GAME_1,🔵 3p1 (N= 54),generated,1,1.8333333333333333,1.0,0.6666666666666666,11.800000000000011,0.6941176470588242
chip_bargain__chip3_g1_m5wp46_game_1,chip3__g1_m5wp46__game_1,chip3__g1_m5wp46__game_1,CHIP3__GAME_1,chip3,3-Chip Bargaining,g1-m5wp46,First negotiation game-negotiation1,GAME_1,🔵 3p1 (N= 54),generated,2,1.3333333333333333,0.6666666666666666,0.6999999999999998,15.199999999999989,0.8941176470588229
chip_bargain__chip3_g20_m5wq93_game_1,chip3__g20_m5wq93__game_1,chip3__g20_m5wq93__game_1,CHIP3__GAME_1,chip3,3-Chip Bargaining,g20-m5wq93,First negotiation game-negotiation1,GAME_1,🔵 3p1 (N= 54),generated,0,1.0555555555555556,0.3333333333333333,1.0666666666666667,2.3999999999999986,0.19764705882352937
chip_bargain__chip3_g20_m5wq93_game_1,chip3__g20_m5wq93__game_1,chip3__g20_m5wq93__game_1,CHIP3__GAME_1,chip3,3-Chip Bargaining,g20-m5wq93,First negotiation game-negotiation1,GAME_1,🔵 3p1 (N= 54),generated,1,0.8888888888888888,0.6666666666666666,0.5333333333333333,5.799999999999997,0.4776470588235293
chip_bargain__chip3_g20_m5wq93_game_1,chip3__g20_m5wq93__game_1,chip3__g20_m5wq93__game_1,CHIP3__GAME_1,chip3,3-Chip Bargaining,g20-m5wq93,First negotiation game-negotiation1,GAME_1,🔵 3p1 (N= 54),generated,2,1.0,0.6666666666666666,0.23333333333333336,7.100000000000001,0.5847058823529415
chip_bargain__chip3_g2_m5wp6p_game_1,chip3__g2_m5wp6p__game_1,chip3__g2_m5wp6p__game_1,CHIP3__GAME_1,chip3,3-Chip Bargaining,g2-m5wp6p,First negotiation game-negotiation1,GAME_1,🔵 3p1 (N= 54),generated,0,1.3333333333333333,0.3333333333333333,0.5333333333333333,1.7999999999999972,0.11249999999999982
chip_bargain__chip3_g2_m5wp6p_game_1,chip3__g2_m5wp6p__game_1,chip3__g2_m5wp6p__game_1,CHIP3__GAME_1,chip3,3-Chip Bargaining,g2-m5wp6p,First negotiation game-negotiation1,GAME_1,🔵 3p1 (N= 54),generated,1,1.5,0.3333333333333333,0.13333333333333333,3.6000000000000014,0.2250000000000001
chip_bargain__chip3_g2_m5wp6p_game_1,chip3__g2_m5wp6p__game_1,chip3__g2_m5wp6p__game_1,CHIP3__GAME_1,chip3,3-Chip Bargaining,g2-m5wp6p,First negotiation game-negotiation1,GAME_1,🔵 3p1 (N= 54),generated,2,1.3333333333333333,0.6666666666666666,0.2666666666666667,6.299999999999997,0.3937499999999998
chip_bargain__chip3_g3_m5wp6q_game_1,chip3__g3_m5wp6q__game_1,chip3__g3_m5wp6q__game_1,CHIP3__GAME_1,chip3,3-Chip Bargaining,g3-m5wp6q,First negotiation game-negotiation1,GAME_1,🔵 3p1 (N= 54),generated,0,1.5555555555555554,0.3333333333333333,0.7666666666666666,2.799999999999997,0.19842519685039345
chip_bargain__chip3_g3_m5wp6q_game_1,chip3__g3_m5wp6q__game_1,chip3__g3_m5wp6q__game_1,CHIP3__GAME_1,chip3,3-Chip Bargaining,g3-m5wp6q,First negotiation game-negotiation1,GAME_1,🔵 3p1 (N= 54),generated,1,1.1666666666666667,0.3333333333333333,0.6,3.700000000000003,0.262204724409449
chip_bargain__chip3_g3_m5wp6q_game_1,chip3__g3_m5wp6q__game_1,chip3__g3_m5wp6q__game_1,CHIP3__GAME_1,chip3,3-Chip Bargaining,g3-m5wp6q,First negotiation game-negotiation1,GAME_1,🔵 3p1 (N= 54),generated,2,1.3333333333333333,0.0,0.16666666666666666,3.700000000000003,0.262204724409449
chip_bargain__chip3_g5_m5wp6r_game_1,chip3__g5_m5wp6r__game_1,chip3__g5_m5wp6r__game_1,CHIP3__GAME_1,chip3,3-Chip Bargaining,g5-m5wp6r,First negotiation game-negotiation1,GAME_1,🔵 3p1 (N= 54),generated,0,1.1666666666666667,0.6666666666666666,0.39999999999999997,-0.09999999999999432,-0.010344827586206303
chip_bargain__chip3_g5_m5wp6r_game_1,chip3__g5_m5wp6r__game_1,chip3__g5_m5wp6r__game_1,CHIP3__GAME_1,chip3,3-Chip Bargaining,g5-m5wp6r,First negotiation game-negotiation1,GAME_1,🔵 3p1 (N= 54),generated,1,1.1666666666666667,0.6666666666666666,0.09999999999999998,1.0,0.10344827586206891
chip_bargain__chip3_g5_m5wp6r_game_1,chip3__g5_m5wp6r__game_1,chip3__g5_m5wp6r__game_1,CHIP3__GAME_1,chip3,3-Chip Bargaining,g5-m5wp6r,First negotiation game-negotiation1,GAME_1,🔵 3p1 (N= 54),generated,2,1.3333333333333333,0.0,0.23333333333333336,1.0,0.10344827586206891
chip_bargain__chip3_g6_m5wp77_game_1,chip3__g6_m5wp77__game_1,chip3__g6_m5wp77__game_1,CHIP3__GAME_1,chip3,3-Chip Bargaining,g6-m5wp77,First negotiation game-negotiation1,GAME_1,🔵 3p1 (N= 54),generated,0,1.1666666666666667,0.3333333333333333,0.6666666666666666,1.5,0.125
chip_bargain__chip3_g6_m5wp77_game_1,chip3__g6_m5wp77__game_1,chip3__g6_m5wp77__game_1,CHIP3__GAME_1,chip3,3-Chip Bargaining,g6-m5wp77,First negotiation game-negotiation1,GAME_1,🔵 3p1 (N= 54),generated,1,1.0,0.3333333333333333,0.4666666666666666,2.700000000000003,0.22500000000000023
chip_bargain__chip3_g6_m5wp77_game_1,chip3__g6_m5wp77__game_1,chip3__g6_m5wp77__game_1,CHIP3__GAME_1,chip3,3-Chip Bargaining,g6-m5wp77,First negotiation game-negotiation1,GAME_1,🔵 3p1 (N= 54),generated,2,1.0,0.3333333333333333,0.5,3.299999999999997,0.27499999999999974
chip_bargain__chip3_g7_m5wp78_game_1,chip3__g7_m5wp78__game_1,chip3__g7_m5wp78__game_1,CHIP3__GAME_1,chip3,3-Chip Bargaining,g7-m5wp78,First negotiation game-negotiation1,GAME_1,🔵 3p1 (N= 54),generated,0,0.7222222222222222,0.3333333333333333,1.3333333333333333,3.5999999999999943,0.18514285714285686
chip_bargain__chip3_g7_m5wp78_game_1,chip3__g7_m5wp78__game_1,chip3__g7_m5wp78__game_1,CHIP3__GAME_1,chip3,3-Chip Bargaining,g7-m5wp78,First negotiation game-negotiation1,GAME_1,🔵 3p1 (N= 54),generated,1,1.0,0.3333333333333333,0.3666666666666667,5.200000000000003,0.26742857142857157
chip_bargain__chip3_g7_m5wp78_game_1,chip3__g7_m5wp78__game_1,chip3__g7_m5wp78__game_1,CHIP3__GAME_1,chip3,3-Chip Bargaining,g7-m5wp78,First negotiation game-negotiation1,GAME_1,🔵 3p1 (N= 54),generated,2,0.8333333333333334,0.3333333333333333,0.5666666666666668,4.0,0.20571428571428574
chip_bargain__chip3_g8_m5wp79_game_1,chip3__g8_m5wp79__game_1,chip3__g8_m5wp79__game_1,CHIP3__GAME_1,chip3,3-Chip Bargaining,g8-m5wp79,First negotiation game-negotiation1,GAME_1,🔵 3p1 (N= 54),generated,0,1.2777777777777777,0.6666666666666666,0.0,1.7000000000000028,0.21250000000000036
chip_bargain__chip3_g8_m5wp79_game_1,chip3__g8_m5wp79__game_1,chip3__g8_m5wp79__game_1,CHIP3__GAME_1,chip3,3-Chip Bargaining,g8-m5wp79,First negotiation game-negotiation1,GAME_1,🔵 3p1 (N= 54),generated,1,1.1666666666666667,0.6666666666666666,0.10000000000000002,2.3999999999999986,0.2999999999999998
chip_bargain__chip3_g8_m5wp79_game_1,chip3__g8_m5wp79__game_1,chip3__g8_m5wp79__game_1,CHIP3__GAME_1,chip3,3-Chip Bargaining,g8-m5wp79,First negotiation game-negotiation1,GAME_1,🔵 3p1 (N= 54),generated,2,0.8333333333333334,0.3333333333333333,0.43333333333333335,3.200000000000003,0.40000000000000036
chip_bargain__chip3_g9_m5wp79_game_1,chip3__g9_m5wp79__game_1,chip3__g9_m5wp79__game_1,CHIP3__GAME_1,chip3,3-Chip Bargaining,g9-m5wp79,First negotiation game-negotiation1,GAME_1,🔵 3p1 (N= 54),generated,0,1.8333333333333333,0.6666666666666666,0.03333333333333336,0.0,0.0
chip_bargain__chip3_g9_m5wp79_game_1,chip3__g9_m5wp79__game_1,chip3__g9_m5wp79__game_1,CHIP3__GAME_1,chip3,3-Chip Bargaining,g9-m5wp79,First negotiation game-negotiation1,GAME_1,🔵 3p1 (N= 54),generated,1,1.6666666666666667,0.3333333333333333,-0.10000000000000002,0.09999999999999432,0.0692307692307647
chip_bargain__chip3_g9_m5wp79_game_1,chip3__g9_m5wp79__game_1,chip3__g9_m5wp79__game_1,CHIP3__GAME_1,chip3,3-Chip Bargaining,g9-m5wp79,First negotiation game-negotiation1,GAME_1,🔵 3p1 (N= 54),generated,2,2.0,0.6666666666666666,-0.20000000000000004,0.29999999999999716,0.2076923076923039
chip_bargain__chip3_cohort_01_m8aiq8_game_2_alt_profile,chip3__cohort_01_m8aiq8__game_2_alt_profile,chip3__cohort_01_m8aiq8__game_2_alt_profile,CHIP3__GAME_2_ALT_PROFILE,chip3,3-Chip Bargaining,Cohort 01-m8aiq8,Second negotiation game-negotiation2_alternate_profile,GAME_2_ALT_PROFILE,🔵 3p2,generated,0,0.8333333333333334,0.6666666666666666,0.26666666666666666,0.29999999999999716,0.037499999999999645
chip_bargain__chip3_cohort_01_m8aiq8_game_2_alt_profile,chip3__cohort_01_m8aiq8__game_2_alt_profile,chip3__cohort_01_m8aiq8__game_2_alt_profile,CHIP3__GAME_2_ALT_PROFILE,chip3,3-Chip Bargaining,Cohort 01-m8aiq8,Second negotiation game-negotiation2_alternate_profile,GAME_2_ALT_PROFILE,🔵 3p2,generated,1,1.0,1.0,0.09999999999999999,0.29999999999999716,0.037499999999999645
chip_bargain__chip3_cohort_01_m8aiq8_game_2_alt_profile,chip3__cohort_01_m8aiq8__game_2_alt_profile,chip3__cohort_01_m8aiq8__game_2_alt_profile,CHIP3__GAME_2_ALT_PROFILE,chip3,3-Chip Bargaining,Cohort 01-m8aiq8,Second negotiation game-negotiation2_alternate_profile,GAME_2_ALT_PROFILE,🔵 3p2,generated,2,1.0,1.0,0.09999999999999999,0.29999999999999716,0.037499999999999645
chip_bargain__chip3_cohort_02_m8aiq8_game_2_alt_profile,chip3__cohort_02_m8aiq8__game_2_alt_profile,chip3__cohort_02_m8aiq8__game_2_alt_profile,CHIP3__GAME_2_ALT_PROFILE,chip3,3-Chip Bargaining,Cohort 02-m8aiq8,Second negotiation game-negotiation2_alternate_profile,GAME_2_ALT_PROFILE,🔵 3p2,generated,0,1.111111111111111,0.6666666666666666,0.5333333333333333,1.7000000000000028,0.23333333333333375
chip_bargain__chip3_cohort_02_m8aiq8_game_2_alt_profile,chip3__cohort_02_m8aiq8__game_2_alt_profile,chip3__cohort_02_m8aiq8__game_2_alt_profile,CHIP3__GAME_2_ALT_PROFILE,chip3,3-Chip Bargaining,Cohort 02-m8aiq8,Second negotiation game-negotiation2_alternate_profile,GAME_2_ALT_PROFILE,🔵 3p2,generated,1,0.8333333333333334,0.3333333333333333,0.30000000000000004,2.3000000000000043,0.3156862745098046
chip_bargain__chip3_cohort_02_m8aiq8_game_2_alt_profile,chip3__cohort_02_m8aiq8__game_2_alt_profile,chip3__cohort_02_m8aiq8__game_2_alt_profile,CHIP3__GAME_2_ALT_PROFILE,chip3,3-Chip Bargaining,Cohort 02-m8aiq8,Second negotiation game-negotiation2_alternate_profile,GAME_2_ALT_PROFILE,🔵 3p2,generated,2,0.8333333333333334,0.3333333333333333,0.4666666666666666,2.700000000000003,0.3705882352941181
chip_bargain__chip3_cohort_03_m8aiq8_game_2_alt_profile,chip3__cohort_03_m8aiq8__game_2_alt_profile,chip3__cohort_03_m8aiq8__game_2_alt_profile,CHIP3__GAME_2_ALT_PROFILE,chip3,3-Chip Bargaining,Cohort 03-m8aiq8,Second negotiation game-negotiation2_alternate_profile,GAME_2_ALT_PROFILE,🔵 3p2,generated,0,0.611111111111111,0.3333333333333333,1.6666666666666667,1.7999999999999972,0.10909090909090892
chip_bargain__chip3_cohort_03_m8aiq8_game_2_alt_profile,chip3__cohort_03_m8aiq8__game_2_alt_profile,chip3__cohort_03_m8aiq8__game_2_alt_profile,CHIP3__GAME_2_ALT_PROFILE,chip3,3-Chip Bargaining,Cohort 03-m8aiq8,Second negotiation game-negotiation2_alternate_profile,GAME_2_ALT_PROFILE,🔵 3p2,generated,1,1.1666666666666667,0.3333333333333333,0.8333333333333334,3.1000000000000014,0.18787878787878798
chip_bargain__chip3_cohort_03_m8aiq8_game_2_alt_profile,chip3__cohort_03_m8aiq8__game_2_alt_profile,chip3__cohort_03_m8aiq8__game_2_alt_profile,CHIP3__GAME_2_ALT_PROFILE,chip3,3-Chip Bargaining,Cohort 03-m8aiq8,Second negotiation game-negotiation2_alternate_profile,GAME_2_ALT_PROFILE,🔵 3p2,generated,2,1.3333333333333333,0.6666666666666666,0.8999999999999999,5.100000000000001,0.3090909090909092
chip_bargain__chip3_cohort_04_m8aiq8_game_2_alt_profile,chip3__cohort_04_m8aiq8__game_2_alt_profile,chip3__cohort_04_m8aiq8__game_2_alt_profile,CHIP3__GAME_2_ALT_PROFILE,chip3,3-Chip Bargaining,Cohort 04-m8aiq8,Second negotiation game-negotiation2_alternate_profile,GAME_2_ALT_PROFILE,🔵 3p2,generated,0,1.1666666666666667,0.3333333333333333,0.26666666666666666,1.2000000000000028,0.08484848484848503
chip_bargain__chip3_cohort_04_m8aiq8_game_2_alt_profile,chip3__cohort_04_m8aiq8__game_2_alt_profile,chip3__cohort_04_m8aiq8__game_2_alt_profile,CHIP3__GAME_2_ALT_PROFILE,chip3,3-Chip Bargaining,Cohort 04-m8aiq8,Second negotiation game-negotiation2_alternate_profile,GAME_2_ALT_PROFILE,🔵 3p2,generated,1,1.5,0.6666666666666666,0.10000000000000002,2.0999999999999943,0.14848484848484805
chip_bargain__chip3_cohort_04_m8aiq8_game_2_alt_profile,chip3__cohort_04_m8aiq8__game_2_alt_profile,chip3__cohort_04_m8aiq8__game_2_alt_profile,CHIP3__GAME_2_ALT_PROFILE,chip3,3-Chip Bargaining,Cohort 04-m8aiq8,Second negotiation game-negotiation2_alternate_profile,GAME_2_ALT_PROFILE,🔵 3p2,generated,2,1.3333333333333333,0.6666666666666666,0.09999999999999999,2.700000000000003,0.19090909090909106
chip_bargain__chip3_cohort_05_m8aiq8_game_2_alt_profile,chip3__cohort_05_m8aiq8__game_2_alt_profile,chip3__cohort_05_m8aiq8__game_2_alt_profile,CHIP3__GAME_2_ALT_PROFILE,chip3,3-Chip Bargaining,Cohort 05-m8aiq8,Second negotiation game-negotiation2_alternate_profile,GAME_2_ALT_PROFILE,🔵 3p2,generated,0,1.5,0.3333333333333333,0.1666666666666666,1.0,0.1
chip_bargain__chip3_cohort_05_m8aiq8_game_2_alt_profile,chip3__cohort_05_m8aiq8__game_2_alt_profile,chip3__cohort_05_m8aiq8__game_2_alt_profile,CHIP3__GAME_2_ALT_PROFILE,chip3,3-Chip Bargaining,Cohort 05-m8aiq8,Second negotiation game-negotiation2_alternate_profile,GAME_2_ALT_PROFILE,🔵 3p2,generated,1,1.3333333333333333,0.3333333333333333,0.29999999999999993,1.3999999999999986,0.13999999999999985
chip_bargain__chip3_cohort_05_m8aiq8_game_2_alt_profile,chip3__cohort_05_m8aiq8__game_2_alt_profile,chip3__cohort_05_m8aiq8__game_2_alt_profile,CHIP3__GAME_2_ALT_PROFILE,chip3,3-Chip Bargaining,Cohort 05-m8aiq8,Second negotiation game-negotiation2_alternate_profile,GAME_2_ALT_PROFILE,🔵 3p2,generated,2,1.3333333333333333,0.3333333333333333,0.03333333333333329,0.5,0.05
chip_bargain__chip3_cohort_06_m8ak4g_game_2_alt_profile,chip3__cohort_06_m8ak4g__game_2_alt_profile,chip3__cohort_06_m8ak4g__game_2_alt_profile,CHIP3__GAME_2_ALT_PROFILE,chip3,3-Chip Bargaining,Cohort 06-m8ak4g,Second negotiation game-negotiation2_alternate_profile,GAME_2_ALT_PROFILE,🔵 3p2,generated,0,1.0555555555555556,0.3333333333333333,0.49999999999999983,1.5,0.22727272727272746
chip_bargain__chip3_cohort_06_m8ak4g_game_2_alt_profile,chip3__cohort_06_m8ak4g__game_2_alt_profile,chip3__cohort_06_m8ak4g__game_2_alt_profile,CHIP3__GAME_2_ALT_PROFILE,chip3,3-Chip Bargaining,Cohort 06-m8ak4g,Second negotiation game-negotiation2_alternate_profile,GAME_2_ALT_PROFILE,🔵 3p2,generated,1,1.1666666666666667,0.3333333333333333,0.49999999999999994,2.299999999999997,0.34848484848484834
chip_bargain__chip3_cohort_06_m8ak4g_game_2_alt_profile,chip3__cohort_06_m8ak4g__game_2_alt_profile,chip3__cohort_06_m8ak4g__game_2_alt_profile,CHIP3__GAME_2_ALT_PROFILE,chip3,3-Chip Bargaining,Cohort 06-m8ak4g,Second negotiation game-negotiation2_alternate_profile,GAME_2_ALT_PROFILE,🔵 3p2,generated,2,1.1666666666666667,0.3333333333333333,0.5333333333333333,3.299999999999997,0.5
chip_bargain__chip3_cohort_07_m8ak4j_game_2_alt_profile,chip3__cohort_07_m8ak4j__game_2_alt_profile,chip3__cohort_07_m8ak4j__game_2_alt_profile,CHIP3__GAME_2_ALT_PROFILE,chip3,3-Chip Bargaining,Cohort 07-m8ak4j,Second negotiation game-negotiation2_alternate_profile,GAME_2_ALT_PROFILE,🔵 3p2,generated,0,0.8333333333333334,1.0,0.6333333333333334,2.700000000000003,0.13500000000000015
chip_bargain__chip3_cohort_07_m8ak4j_game_2_alt_profile,chip3__cohort_07_m8ak4j__game_2_alt_profile,chip3__cohort_07_m8ak4j__game_2_alt_profile,CHIP3__GAME_2_ALT_PROFILE,chip3,3-Chip Bargaining,Cohort 07-m8ak4j,Second negotiation game-negotiation2_alternate_profile,GAME_2_ALT_PROFILE,🔵 3p2,generated,1,0.6666666666666666,1.0,0.8333333333333334,4.100000000000001,0.20500000000000007
chip_bargain__chip3_cohort_07_m8ak4j_game_2_alt_profile,chip3__cohort_07_m8ak4j__game_2_alt_profile,chip3__cohort_07_m8ak4j__game_2_alt_profile,CHIP3__GAME_2_ALT_PROFILE,chip3,3-Chip Bargaining,Cohort 07-m8ak4j,Second negotiation game-negotiation2_alternate_profile,GAME_2_ALT_PROFILE,🔵 3p2,generated,2,1.3333333333333333,0.6666666666666666,0.1666666666666667,6.299999999999997,0.31499999999999984
chip_bargain__chip3_g11_m5wp7b_game_2_alt_profile,chip3__g11_m5wp7b__game_2_alt_profile,chip3__g11_m5wp7b__game_2_alt_profile,CHIP3__GAME_2_ALT_PROFILE,chip3,3-Chip Bargaining,g11-m5wp7b,Second negotiation game-negotiation2_alternate_profile,GAME_2_ALT_PROFILE,🔵 3p1 (N= 54),generated,0,1.0,0.6666666666666666,0.7000000000000001,1.9000000000000057,0.14943820224719145
chip_bargain__chip3_g11_m5wp7b_game_2_alt_profile,chip3__g11_m5wp7b__game_2_alt_profile,chip3__g11_m5wp7b__game_2_alt_profile,CHIP3__GAME_2_ALT_PROFILE,chip3,3-Chip Bargaining,g11-m5wp7b,Second negotiation game-negotiation2_alternate_profile,GAME_2_ALT_PROFILE,🔵 3p1 (N= 54),generated,1,1.0,0.6666666666666666,0.6333333333333334,5.400000000000006,0.4247191011235959
chip_bargain__chip3_g11_m5wp7b_game_2_alt_profile,chip3__g11_m5wp7b__game_2_alt_profile,chip3__g11_m5wp7b__game_2_alt_profile,CHIP3__GAME_2_ALT_PROFILE,chip3,3-Chip Bargaining,g11-m5wp7b,Second negotiation game-negotiation2_alternate_profile,GAME_2_ALT_PROFILE,🔵 3p1 (N= 54),generated,2,1.0,0.6666666666666666,0.5666666666666668,7.5,0.5898876404494382
chip_bargain__chip3_g12_m5wp8p_game_2_alt_profile,chip3__g12_m5wp8p__game_2_alt_profile,chip3__g12_m5wp8p__game_2_alt_profile,CHIP3__GAME_2_ALT_PROFILE,chip3,3-Chip Bargaining,g12-m5wp8p,Second negotiation game-negotiation2_alternate_profile,GAME_2_ALT_PROFILE,🔵 3p1 (N= 54),generated,0,1.5,1.0,0.0,3.1000000000000085,0.3929577464788745
chip_bargain__chip3_g12_m5wp8p_game_2_alt_profile,chip3__g12_m5wp8p__game_2_alt_profile,chip3__g12_m5wp8p__game_2_alt_profile,CHIP3__GAME_2_ALT_PROFILE,chip3,3-Chip Bargaining,g12-m5wp8p,Second negotiation game-negotiation2_alternate_profile,GAME_2_ALT_PROFILE,🔵 3p1 (N= 54),generated,1,1.3333333333333333,0.6666666666666666,0.23333333333333336,4.800000000000004,0.6084507042253529
chip_bargain__chip3_g12_m5wp8p_game_2_alt_profile,chip3__g12_m5wp8p__game_2_alt_profile,chip3__g12_m5wp8p__game_2_alt_profile,CHIP3__GAME_2_ALT_PROFILE,chip3,3-Chip Bargaining,g12-m5wp8p,Second negotiation game-negotiation2_alternate_profile,GAME_2_ALT_PROFILE,🔵 3p1 (N= 54),generated,2,1.1111111111111112,0.6666666666666666,0.4666666666666668,6.200000000000003,0.7859154929577472
chip_bargain__chip3_g13_m5wp8q_game_2_alt_profile,chip3__g13_m5wp8q__game_2_alt_profile,chip3__g13_m5wp8q__game_2_alt_profile,CHIP3__GAME_2_ALT_PROFILE,chip3,3-Chip Bargaining,g13-m5wp8q,Second negotiation game-negotiation2_alternate_profile,GAME_2_ALT_PROFILE,🔵 3p1 (N= 54),generated,0,1.8333333333333333,0.6666666666666666,0.6333333333333334,3.4000000000000057,0.18888888888888922
chip_bargain__chip3_g13_m5wp8q_game_2_alt_profile,chip3__g13_m5wp8q__game_2_alt_profile,chip3__g13_m5wp8q__game_2_alt_profile,CHIP3__GAME_2_ALT_PROFILE,chip3,3-Chip Bargaining,g13-m5wp8q,Second negotiation game-negotiation2_alternate_profile,GAME_2_ALT_PROFILE,🔵 3p1 (N= 54),generated,1,1.5,1.0,0.5,5.799999999999997,0.3222222222222221
chip_bargain__chip3_g13_m5wp8q_game_2_alt_profile,chip3__g13_m5wp8q__game_2_alt_profile,chip3__g13_m5wp8q__game_2_alt_profile,CHIP3__GAME_2_ALT_PROFILE,chip3,3-Chip Bargaining,g13-m5wp8q,Second negotiation game-negotiation2_alternate_profile,GAME_2_ALT_PROFILE,🔵 3p1 (N= 54),generated,2,1.222222222222222,0.3333333333333333,0.7000000000000002,7.5,0.4166666666666667
chip_bargain__chip3_g15_m5wp8s_game_2_alt_profile,chip3__g15_m5wp8s__game_2_alt_profile,chip3__g15_m5wp8s__game_2_alt_profile,CHIP3__GAME_2_ALT_PROFILE,chip3,3-Chip Bargaining,g15-m5wp8s,Second negotiation game-negotiation2_alternate_profile,GAME_2_ALT_PROFILE,🔵 3p1 (N= 54),generated,0,1.1666666666666667,1.0,0.43333333333333335,2.1000000000000085,0.1500000000000006
chip_bargain__chip3_g15_m5wp8s_game_2_alt_profile,chip3__g15_m5wp8s__game_2_alt_profile,chip3__g15_m5wp8s__game_2_alt_profile,CHIP3__GAME_2_ALT_PROFILE,chip3,3-Chip Bargaining,g15-m5wp8s,Second negotiation game-negotiation2_alternate_profile,GAME_2_ALT_PROFILE,🔵 3p1 (N= 54),generated,1,1.5,0.3333333333333333,0.16666666666666663,3.0,0.21428571428571427
chip_bargain__chip3_g15_m5wp8s_game_2_alt_profile,chip3__g15_m5wp8s__game_2_alt_profile,chip3__g15_m5wp8s__game_2_alt_profile,CHIP3__GAME_2_ALT_PROFILE,chip3,3-Chip Bargaining,g15-m5wp8s,Second negotiation game-negotiation2_alternate_profile,GAME_2_ALT_PROFILE,🔵 3p1 (N= 54),generated,2,1.5,0.3333333333333333,0.13333333333333341,3.9000000000000057,0.27857142857142897
chip_bargain__chip3_g16_m5wp8t_game_2_alt_profile,chip3__g16_m5wp8t__game_2_alt_profile,chip3__g16_m5wp8t__game_2_alt_profile,CHIP3__GAME_2_ALT_PROFILE,chip3,3-Chip Bargaining,g16-m5wp8t,Second negotiation game-negotiation2_alternate_profile,GAME_2_ALT_PROFILE,🔵 3p1 (N= 54),generated,0,1.5,0.3333333333333333,0.6,3.200000000000003,0.19591836734693893
chip_bargain__chip3_g16_m5wp8t_game_2_alt_profile,chip3__g16_m5wp8t__game_2_alt_profile,chip3__g16_m5wp8t__game_2_alt_profile,CHIP3__GAME_2_ALT_PROFILE,chip3,3-Chip Bargaining,g16-m5wp8t,Second negotiation game-negotiation2_alternate_profile,GAME_2_ALT_PROFILE,🔵 3p1 (N= 54),generated,1,1.222222222222222,0.6666666666666666,0.8000000000000002,6.100000000000001,0.3734693877551021
chip_bargain__chip3_g16_m5wp8t_game_2_alt_profile,chip3__g16_m5wp8t__game_2_alt_profile,chip3__g16_m5wp8t__game_2_alt_profile,CHIP3__GAME_2_ALT_PROFILE,chip3,3-Chip Bargaining,g16-m5wp8t,Second negotiation game-negotiation2_alternate_profile,GAME_2_ALT_PROFILE,🔵 3p1 (N= 54),generated,2,1.3333333333333333,0.0,0.5666666666666667,6.100000000000001,0.3734693877551021
chip_bargain__chip3_g17_m5wp8w_game_2_alt_profile,chip3__g17_m5wp8w__game_2_alt_profile,chip3__g17_m5wp8w__game_2_alt_profile,CHIP3__GAME_2_ALT_PROFILE,chip3,3-Chip Bargaining,g17-m5wp8w,Second negotiation game-negotiation2_alternate_profile,GAME_2_ALT_PROFILE,🔵 3p1 (N= 54),generated,0,0.6666666666666666,0.3333333333333333,0.8666666666666667,0.7000000000000028,0.06116504854368958
chip_bargain__chip3_g17_m5wp8w_game_2_alt_profile,chip3__g17_m5wp8w__game_2_alt_profile,chip3__g17_m5wp8w__game_2_alt_profile,CHIP3__GAME_2_ALT_PROFILE,chip3,3-Chip Bargaining,g17-m5wp8w,Second negotiation game-negotiation2_alternate_profile,GAME_2_ALT_PROFILE,🔵 3p1 (N= 54),generated,1,0.8333333333333334,0.6666666666666666,0.5333333333333333,2.0,0.1747572815533981
chip_bargain__chip3_g17_m5wp8w_game_2_alt_profile,chip3__g17_m5wp8w__game_2_alt_profile,chip3__g17_m5wp8w__game_2_alt_profile,CHIP3__GAME_2_ALT_PROFILE,chip3,3-Chip Bargaining,g17-m5wp8w,Second negotiation game-negotiation2_alternate_profile,GAME_2_ALT_PROFILE,🔵 3p1 (N= 54),generated,2,0.8333333333333334,0.6666666666666666,0.5333333333333333,3.3999999999999986,0.2970873786407766
chip_bargain__chip3_g18_m5wq8i_game_2_alt_profile,chip3__g18_m5wq8i__game_2_alt_profile,chip3__g18_m5wq8i__game_2_alt_profile,CHIP3__GAME_2_ALT_PROFILE,chip3,3-Chip Bargaining,g18-m5wq8i,Second negotiation game-negotiation2_alternate_profile,GAME_2_ALT_PROFILE,🔵 3p1 (N= 54),generated,0,0.8333333333333334,0.6666666666666666,0.5666666666666668,1.0,0.08333333333333333
chip_bargain__chip3_g18_m5wq8i_game_2_alt_profile,chip3__g18_m5wq8i__game_2_alt_profile,chip3__g18_m5wq8i__game_2_alt_profile,CHIP3__GAME_2_ALT_PROFILE,chip3,3-Chip Bargaining,g18-m5wq8i,Second negotiation game-negotiation2_alternate_profile,GAME_2_ALT_PROFILE,🔵 3p1 (N= 54),generated,1,1.3333333333333333,0.6666666666666666,0.20000000000000004,1.2000000000000028,0.10000000000000024
chip_bargain__chip3_g18_m5wq8i_game_2_alt_profile,chip3__g18_m5wq8i__game_2_alt_profile,chip3__g18_m5wq8i__game_2_alt_profile,CHIP3__GAME_2_ALT_PROFILE,chip3,3-Chip Bargaining,g18-m5wq8i,Second negotiation game-negotiation2_alternate_profile,GAME_2_ALT_PROFILE,🔵 3p1 (N= 54),generated,2,0.8333333333333334,0.6666666666666666,0.5,2.700000000000003,0.22500000000000023
chip_bargain__chip3_g19_m5wq90_game_2_alt_profile,chip3__g19_m5wq90__game_2_alt_profile,chip3__g19_m5wq90__game_2_alt_profile,CHIP3__GAME_2_ALT_PROFILE,chip3,3-Chip Bargaining,g19-m5wq90,Second negotiation game-negotiation2_alternate_profile,GAME_2_ALT_PROFILE,🔵 3p1 (N= 54),generated,0,1.5,0.6666666666666666,0.3,1.5,0.11946902654867256
chip_bargain__chip3_g19_m5wq90_game_2_alt_profile,chip3__g19_m5wq90__game_2_alt_profile,chip3__g19_m5wq90__game_2_alt_profile,CHIP3__GAME_2_ALT_PROFILE,chip3,3-Chip Bargaining,g19-m5wq90,Second negotiation game-negotiation2_alternate_profile,GAME_2_ALT_PROFILE,🔵 3p1 (N= 54),generated,1,1.3333333333333333,0.6666666666666666,-0.03333333333333336,2.5,0.1991150442477876
chip_bargain__chip3_g19_m5wq90_game_2_alt_profile,chip3__g19_m5wq90__game_2_alt_profile,chip3__g19_m5wq90__game_2_alt_profile,CHIP3__GAME_2_ALT_PROFILE,chip3,3-Chip Bargaining,g19-m5wq90,Second negotiation game-negotiation2_alternate_profile,GAME_2_ALT_PROFILE,🔵 3p1 (N= 54),generated,2,1.0,0.6666666666666666,0.033333333333333326,2.700000000000003,0.21504424778761083
chip_bargain__chip3_g20_m5wq93_game_2_alt_profile,chip3__g20_m5wq93__game_2_alt_profile,chip3__g20_m5wq93__game_2_alt_profile,CHIP3__GAME_2_ALT_PROFILE,chip3,3-Chip Bargaining,g20-m5wq93,Second negotiation game-negotiation2_alternate_profile,GAME_2_ALT_PROFILE,🔵 3p1 (N= 54),generated,0,1.4444444444444444,0.6666666666666666,0.3666666666666667,4.600000000000001,0.25555555555555565
chip_bargain__chip3_g20_m5wq93_game_2_alt_profile,chip3__g20_m5wq93__game_2_alt_profile,chip3__g20_m5wq93__game_2_alt_profile,CHIP3__GAME_2_ALT_PROFILE,chip3,3-Chip Bargaining,g20-m5wq93,Second negotiation game-negotiation2_alternate_profile,GAME_2_ALT_PROFILE,🔵 3p1 (N= 54),generated,1,1.3333333333333333,0.6666666666666666,0.2666666666666666,6.700000000000003,0.3722222222222224
chip_bargain__chip3_g20_m5wq93_game_2_alt_profile,chip3__g20_m5wq93__game_2_alt_profile,chip3__g20_m5wq93__game_2_alt_profile,CHIP3__GAME_2_ALT_PROFILE,chip3,3-Chip Bargaining,g20-m5wq93,Second negotiation game-negotiation2_alternate_profile,GAME_2_ALT_PROFILE,🔵 3p1 (N= 54),generated,2,1.3333333333333333,0.3333333333333333,0.23333333333333336,7.299999999999997,0.4055555555555554
chip_bargain__chip3_g2_m5wp6p_game_2_alt_profile,chip3__g2_m5wp6p__game_2_alt_profile,chip3__g2_m5wp6p__game_2_alt_profile,CHIP3__GAME_2_ALT_PROFILE,chip3,3-Chip Bargaining,g2-m5wp6p,Second negotiation game-negotiation2_alternate_profile,GAME_2_ALT_PROFILE,🔵 3p1 (N= 54),generated,0,0.8333333333333334,0.3333333333333333,1.0666666666666667,2.1000000000000014,0.08400000000000006
chip_bargain__chip3_g2_m5wp6p_game_2_alt_profile,chip3__g2_m5wp6p__game_2_alt_profile,chip3__g2_m5wp6p__game_2_alt_profile,CHIP3__GAME_2_ALT_PROFILE,chip3,3-Chip Bargaining,g2-m5wp6p,Second negotiation game-negotiation2_alternate_profile,GAME_2_ALT_PROFILE,🔵 3p1 (N= 54),generated,1,1.0,0.3333333333333333,0.6666666666666666,2.299999999999997,0.09199999999999989
chip_bargain__chip3_g2_m5wp6p_game_2_alt_profile,chip3__g2_m5wp6p__game_2_alt_profile,chip3__g2_m5wp6p__game_2_alt_profile,CHIP3__GAME_2_ALT_PROFILE,chip3,3-Chip Bargaining,g2-m5wp6p,Second negotiation game-negotiation2_alternate_profile,GAME_2_ALT_PROFILE,🔵 3p1 (N= 54),generated,2,1.1111111111111112,0.3333333333333333,1.0333333333333334,3.700000000000003,0.1480000000000001
chip_bargain__chip3_g3_m5wp6q_game_2_alt_profile,chip3__g3_m5wp6q__game_2_alt_profile,chip3__g3_m5wp6q__game_2_alt_profile,CHIP3__GAME_2_ALT_PROFILE,chip3,3-Chip Bargaining,g3-m5wp6q,Second negotiation game-negotiation2_alternate_profile,GAME_2_ALT_PROFILE,🔵 3p1 (N= 54),generated,0,1.7777777777777777,0.6666666666666666,0.7000000000000002,2.200000000000003,0.1100000000000001
chip_bargain__chip3_g3_m5wp6q_game_2_alt_profile,chip3__g3_m5wp6q__game_2_alt_profile,chip3__g3_m5wp6q__game_2_alt_profile,CHIP3__GAME_2_ALT_PROFILE,chip3,3-Chip Bargaining,g3-m5wp6q,Second negotiation game-negotiation2_alternate_profile,GAME_2_ALT_PROFILE,🔵 3p1 (N= 54),generated,1,1.0,0.6666666666666666,0.5333333333333333,4.200000000000003,0.21000000000000008
chip_bargain__chip3_g3_m5wp6q_game_2_alt_profile,chip3__g3_m5wp6q__game_2_alt_profile,chip3__g3_m5wp6q__game_2_alt_profile,CHIP3__GAME_2_ALT_PROFILE,chip3,3-Chip Bargaining,g3-m5wp6q,Second negotiation game-negotiation2_alternate_profile,GAME_2_ALT_PROFILE,🔵 3p1 (N= 54),generated,2,1.8333333333333333,0.6666666666666666,0.3,6.099999999999994,0.3049999999999996
chip_bargain__chip3_g5_m5wp6r_game_2_alt_profile,chip3__g5_m5wp6r__game_2_alt_profile,chip3__g5_m5wp6r__game_2_alt_profile,CHIP3__GAME_2_ALT_PROFILE,chip3,3-Chip Bargaining,g5-m5wp6r,Second negotiation game-negotiation2_alternate_profile,GAME_2_ALT_PROFILE,🔵 3p1 (N= 54),generated,0,0.9999999999999999,0.6666666666666666,0.9,5.0,0.29411764705882354
chip_bargain__chip3_g5_m5wp6r_game_2_alt_profile,chip3__g5_m5wp6r__game_2_alt_profile,chip3__g5_m5wp6r__game_2_alt_profile,CHIP3__GAME_2_ALT_PROFILE,chip3,3-Chip Bargaining,g5-m5wp6r,Second negotiation game-negotiation2_alternate_profile,GAME_2_ALT_PROFILE,🔵 3p1 (N= 54),generated,1,0.8888888888888888,0.6666666666666666,0.5333333333333332,7.5,0.4411764705882353
chip_bargain__chip3_g5_m5wp6r_game_2_alt_profile,chip3__g5_m5wp6r__game_2_alt_profile,chip3__g5_m5wp6r__game_2_alt_profile,CHIP3__GAME_2_ALT_PROFILE,chip3,3-Chip Bargaining,g5-m5wp6r,Second negotiation game-negotiation2_alternate_profile,GAME_2_ALT_PROFILE,🔵 3p1 (N= 54),generated,2,0.5,0.3333333333333333,0.4666666666666668,7.900000000000006,0.4647058823529415
chip_bargain__chip3_g6_m5wp77_game_2_alt_profile,chip3__g6_m5wp77__game_2_alt_profile,chip3__g6_m5wp77__game_2_alt_profile,CHIP3__GAME_2_ALT_PROFILE,chip3,3-Chip Bargaining,g6-m5wp77,Second negotiation game-negotiation2_alternate_profile,GAME_2_ALT_PROFILE,🔵 3p1 (N= 54),generated,0,0.8333333333333334,0.3333333333333333,0.3333333333333333,-1.5,-0.16666666666666666
chip_bargain__chip3_g6_m5wp77_game_2_alt_profile,chip3__g6_m5wp77__game_2_alt_profile,chip3__g6_m5wp77__game_2_alt_profile,CHIP3__GAME_2_ALT_PROFILE,chip3,3-Chip Bargaining,g6-m5wp77,Second negotiation game-negotiation2_alternate_profile,GAME_2_ALT_PROFILE,🔵 3p1 (N= 54),generated,1,0.8888888888888888,0.3333333333333333,-0.10000000000000002,-3.799999999999997,-0.4222222222222219
chip_bargain__chip3_g6_m5wp77_game_2_alt_profile,chip3__g6_m5wp77__game_2_alt_profile,chip3__g6_m5wp77__game_2_alt_profile,CHIP3__GAME_2_ALT_PROFILE,chip3,3-Chip Bargaining,g6-m5wp77,Second negotiation game-negotiation2_alternate_profile,GAME_2_ALT_PROFILE,🔵 3p1 (N= 54),generated,2,0.8333333333333334,0.3333333333333333,0.3,-5.399999999999999,-0.5999999999999999
chip_bargain__chip3_g7_m5wp78_game_2_alt_profile,chip3__g7_m5wp78__game_2_alt_profile,chip3__g7_m5wp78__game_2_alt_profile,CHIP3__GAME_2_ALT_PROFILE,chip3,3-Chip Bargaining,g7-m5wp78,Second negotiation game-negotiation2_alternate_profile,GAME_2_ALT_PROFILE,🔵 3p1 (N= 54),generated,0,1.8333333333333333,0.6666666666666666,0.1666666666666666,0.6000000000000014,0.15000000000000036
chip_bargain__chip3_g7_m5wp78_game_2_alt_profile,chip3__g7_m5wp78__game_2_alt_profile,chip3__g7_m5wp78__game_2_alt_profile,CHIP3__GAME_2_ALT_PROFILE,chip3,3-Chip Bargaining,g7-m5wp78,Second negotiation game-negotiation2_alternate_profile,GAME_2_ALT_PROFILE,🔵 3p1 (N= 54),generated,1,1.8333333333333333,0.3333333333333333,0.2333333333333333,0.6000000000000014,0.15000000000000036
chip_bargain__chip3_g7_m5wp78_game_2_alt_profile,chip3__g7_m5wp78__game_2_alt_profile,chip3__g7_m5wp78__game_2_alt_profile,CHIP3__GAME_2_ALT_PROFILE,chip3,3-Chip Bargaining,g7-m5wp78,Second negotiation game-negotiation2_alternate_profile,GAME_2_ALT_PROFILE,🔵 3p1 (N= 54),generated,2,2.5,1.0,-0.03333333333333336,3.552713678800501e-15,8.881784197001252e-16
chip_bargain__chip3_g8_m5wp79_game_2_alt_profile,chip3__g8_m5wp79__game_2_alt_profile,chip3__g8_m5wp79__game_2_alt_profile,CHIP3__GAME_2_ALT_PROFILE,chip3,3-Chip Bargaining,g8-m5wp79,Second negotiation game-negotiation2_alternate_profile,GAME_2_ALT_PROFILE,🔵 3p1 (N= 54),generated,0,1.5,0.6666666666666666,0.3,2.700000000000003,0.1800000000000002
chip_bargain__chip3_g8_m5wp79_game_2_alt_profile,chip3__g8_m5wp79__game_2_alt_profile,chip3__g8_m5wp79__game_2_alt_profile,CHIP3__GAME_2_ALT_PROFILE,chip3,3-Chip Bargaining,g8-m5wp79,Second negotiation game-negotiation2_alternate_profile,GAME_2_ALT_PROFILE,🔵 3p1 (N= 54),generated,1,0.8333333333333334,0.6666666666666666,0.6,4.299999999999997,0.28666666666666646
chip_bargain__chip3_g8_m5wp79_game_2_alt_profile,chip3__g8_m5wp79__game_2_alt_profile,chip3__g8_m5wp79__game_2_alt_profile,CHIP3__GAME_2_ALT_PROFILE,chip3,3-Chip Bargaining,g8-m5wp79,Second negotiation game-negotiation2_alternate_profile,GAME_2_ALT_PROFILE,🔵 3p1 (N= 54),generated,2,1.5,0.6666666666666666,0.3666666666666667,6.5,0.43333333333333335
chip_bargain__chip3_g9_m5wp79_game_2_alt_profile,chip3__g9_m5wp79__game_2_alt_profile,chip3__g9_m5wp79__game_2_alt_profile,CHIP3__GAME_2_ALT_PROFILE,chip3,3-Chip Bargaining,g9-m5wp79,Second negotiation game-negotiation2_alternate_profile,GAME_2_ALT_PROFILE,🔵 3p1 (N= 54),generated,0,1.3333333333333333,1.0,0.3666666666666667,1.2999999999999972,0.09285714285714265
chip_bargain__chip3_g9_m5wp79_game_2_alt_profile,chip3__g9_m5wp79__game_2_alt_profile,chip3__g9_m5wp79__game_2_alt_profile,CHIP3__GAME_2_ALT_PROFILE,chip3,3-Chip Bargaining,g9-m5wp79,Second negotiation game-negotiation2_alternate_profile,GAME_2_ALT_PROFILE,🔵 3p1 (N= 54),generated,1,0.9444444444444443,0.6666666666666666,0.7666666666666666,3.5,0.25
chip_bargain__chip3_g9_m5wp79_game_2_alt_profile,chip3__g9_m5wp79__game_2_alt_profile,chip3__g9_m5wp79__game_2_alt_profile,CHIP3__GAME_2_ALT_PROFILE,chip3,3-Chip Bargaining,g9-m5wp79,Second negotiation game-negotiation2_alternate_profile,GAME_2_ALT_PROFILE,🔵 3p1 (N= 54),generated,2,1.1666666666666667,0.6666666666666666,0.2333333333333333,4.800000000000004,0.34285714285714314
